model_label,attempt,method,llf,converged,stationary,distribution_valid,transition_valid,checks_passed,iterations,warnflag,stationarity_reason,distribution_reason,transition_reason,error
"ARX(1,1)_normal_r2_arN_spfN_nuN",1,lbfgs,91.90101523820144,Y,Y,Y,Y,Y,37.0,0.0,stationary,ok,ok,
"ARX(1,1)_normal_r2_arN_spfN_nuN",2,bfgs,91.9010169915116,Y,Y,Y,Y,Y,,0.0,stationary,ok,ok,
"ARX(1,1)_normal_r2_arN_spfN_nuN",3,lbfgs,91.90101698271168,Y,Y,Y,Y,Y,32.0,0.0,stationary,ok,ok,
"ARX(1,1)_normal_r2_arN_spfN_nuN",4,bfgs,91.90101704934455,Y,Y,Y,Y,Y,,0.0,stationary,ok,ok,
"ARX(1,1)_normal_r2_arN_spfN_nuN",5,lbfgs,91.90101701483508,Y,Y,Y,Y,Y,38.0,0.0,stationary,ok,ok,
"ARX(1,1)_normal_r2_arN_spfN_nuN",6,bfgs,91.90101704938765,Y,Y,Y,Y,Y,,0.0,stationary,ok,ok,
"ARX(1,1)_normal_r2_arN_spfN_nuN",7,lbfgs,91.90101697816391,Y,Y,Y,Y,Y,32.0,0.0,stationary,ok,ok,
"ARX(1,1)_normal_r2_arN_spfN_nuN",8,bfgs,91.90101704940095,Y,Y,Y,Y,Y,,0.0,stationary,ok,ok,
"ARX(1,1)_normal_r2_arN_spfN_nuN",9,lbfgs,91.9010169882917,Y,Y,Y,Y,Y,32.0,0.0,stationary,ok,ok,
"ARX(1,1)_normal_r2_arN_spfN_nuN",10,bfgs,91.90101704936839,Y,Y,Y,Y,Y,,0.0,stationary,ok,ok,
"ARX(1,1)_normal_r2_arN_spfN_nuN",11,lbfgs,91.90101697841592,Y,Y,Y,Y,Y,32.0,0.0,stationary,ok,ok,
"ARX(1,1)_normal_r2_arN_spfN_nuN",12,bfgs,91.90101704938198,Y,Y,Y,Y,Y,,0.0,stationary,ok,ok,
"ARX(1,1)_normal_r2_arN_spfN_nuN",13,lbfgs,91.90101525123663,Y,Y,Y,Y,Y,37.0,0.0,stationary,ok,ok,
"ARX(1,1)_normal_r2_arN_spfN_nuN",14,bfgs,91.9010169912634,Y,Y,Y,Y,Y,,0.0,stationary,ok,ok,
"ARX(1,1)_normal_r2_arN_spfN_nuN",15,lbfgs,91.90101521916561,Y,Y,Y,Y,Y,37.0,0.0,stationary,ok,ok,
"ARX(1,1)_normal_r2_arN_spfN_nuN",16,bfgs,91.90101704939805,Y,Y,Y,Y,Y,,0.0,stationary,ok,ok,
"ARX(1,1)_normal_r2_arN_spfN_nuN",17,lbfgs,91.90101699133233,Y,Y,Y,Y,Y,38.0,0.0,stationary,ok,ok,
"ARX(1,1)_normal_r2_arN_spfN_nuN",18,bfgs,91.90101699113801,Y,Y,Y,Y,Y,,0.0,stationary,ok,ok,
"ARX(1,1)_normal_r2_arN_spfN_nuN",19,lbfgs,91.90101697969371,Y,Y,Y,Y,Y,32.0,0.0,stationary,ok,ok,
"ARX(1,1)_normal_r2_arN_spfN_nuN",20,bfgs,91.90101704934398,Y,Y,Y,Y,Y,,0.0,stationary,ok,ok,
"ARX(1,1)_normal_r2_arN_spfN_nuN",21,lbfgs,91.90098349248981,Y,Y,Y,Y,Y,31.0,0.0,stationary,ok,ok,
"ARX(1,1)_normal_r2_arN_spfN_nuN",22,bfgs,91.90101704939543,Y,Y,Y,Y,Y,,0.0,stationary,ok,ok,
"ARX(1,1)_normal_r2_arN_spfN_nuN",23,lbfgs,91.90101698051313,Y,Y,Y,Y,Y,32.0,0.0,stationary,ok,ok,
"ARX(1,1)_normal_r2_arN_spfN_nuN",24,bfgs,91.90101699123889,Y,Y,Y,Y,Y,,0.0,stationary,ok,ok,
"ARX(1,1)_normal_r2_arN_spfN_nuN",25,lbfgs,91.90101698291667,Y,Y,Y,Y,Y,32.0,0.0,stationary,ok,ok,
"ARX(1,1)_normal_r2_arN_spfN_nuN",26,bfgs,91.90101704939634,Y,Y,Y,Y,Y,,0.0,stationary,ok,ok,
"ARX(1,1)_normal_r2_arN_spfN_nuN",27,lbfgs,91.90101697908104,Y,Y,Y,Y,Y,32.0,0.0,stationary,ok,ok,
"ARX(1,1)_normal_r2_arN_spfN_nuN",28,bfgs,91.90101704926421,Y,Y,Y,Y,Y,,0.0,stationary,ok,ok,
"ARX(1,1)_normal_r2_arN_spfN_nuN",29,lbfgs,91.90101669831748,Y,Y,Y,Y,Y,37.0,0.0,stationary,ok,ok,
"ARX(1,1)_normal_r2_arN_spfN_nuN",30,bfgs,91.9010170493967,Y,Y,Y,Y,Y,,0.0,stationary,ok,ok,
"ARX(1,1)_normal_r2_arN_spfN_nuN",31,lbfgs,91.90101701376098,Y,Y,Y,Y,Y,38.0,0.0,stationary,ok,ok,
"ARX(1,1)_normal_r2_arN_spfN_nuN",32,bfgs,91.9010170493631,Y,Y,Y,Y,Y,,0.0,stationary,ok,ok,
"ARX(1,1)_normal_r2_arN_spfN_nuN",33,lbfgs,91.90101697982786,Y,Y,Y,Y,Y,32.0,0.0,stationary,ok,ok,
"ARX(1,1)_normal_r2_arN_spfN_nuN",34,bfgs,91.9010170493952,Y,Y,Y,Y,Y,,0.0,stationary,ok,ok,
"ARX(1,1)_normal_r2_arN_spfN_nuN",35,lbfgs,91.90101521862046,Y,Y,Y,Y,Y,37.0,0.0,stationary,ok,ok,
"ARX(1,1)_normal_r2_arN_spfN_nuN",36,bfgs,91.9010169915826,Y,Y,Y,Y,Y,,0.0,stationary,ok,ok,
"ARX(1,1)_normal_r2_arN_spfN_nuN",37,lbfgs,91.90101697941546,Y,Y,Y,Y,Y,32.0,0.0,stationary,ok,ok,
"ARX(1,1)_normal_r2_arN_spfN_nuN",38,bfgs,91.90101704936617,Y,Y,Y,Y,Y,,0.0,stationary,ok,ok,
"ARX(1,1)_normal_r2_arN_spfN_nuN",39,lbfgs,91.90101698020091,Y,Y,Y,Y,Y,32.0,0.0,stationary,ok,ok,
"ARX(1,1)_normal_r2_arN_spfN_nuN",40,bfgs,91.90101704939782,Y,Y,Y,Y,Y,,0.0,stationary,ok,ok,
"ARX(1,1)_normal_r2_arN_spfN_nuN",41,lbfgs,91.90101525623267,Y,Y,Y,Y,Y,37.0,0.0,stationary,ok,ok,
"ARX(1,1)_normal_r2_arN_spfN_nuN",42,bfgs,91.90101699063707,Y,Y,Y,Y,Y,,0.0,stationary,ok,ok,
"ARX(1,1)_normal_r2_arN_spfN_nuN",43,lbfgs,91.901017024785,Y,Y,Y,Y,Y,38.0,0.0,stationary,ok,ok,
"ARX(1,1)_normal_r2_arN_spfN_nuN",44,bfgs,91.90101704939212,Y,Y,Y,Y,Y,,0.0,stationary,ok,ok,
"ARX(1,1)_normal_r2_arN_spfN_nuN",45,lbfgs,91.9010169805716,Y,Y,Y,Y,Y,32.0,0.0,stationary,ok,ok,
"ARX(1,1)_normal_r2_arN_spfN_nuN",46,bfgs,91.90101704938974,Y,Y,Y,Y,Y,,0.0,stationary,ok,ok,
"ARX(1,1)_normal_r2_arN_spfN_nuN",47,lbfgs,91.90098380566813,Y,Y,Y,Y,Y,31.0,0.0,stationary,ok,ok,
"ARX(1,1)_normal_r2_arN_spfN_nuN",48,bfgs,91.90101704938539,Y,Y,Y,Y,Y,,0.0,stationary,ok,ok,
"ARX(1,1)_normal_r2_arN_spfN_nuN",49,lbfgs,91.90101697993529,Y,Y,Y,Y,Y,32.0,0.0,stationary,ok,ok,
"ARX(1,1)_normal_r2_arN_spfN_nuN",50,bfgs,91.90101704939909,Y,Y,Y,Y,Y,,0.0,stationary,ok,ok,
"ARX(1,1)_normal_r2_arY_spfN_nuN",1,lbfgs,93.76908110116646,Y,Y,Y,Y,Y,53.0,0.0,stationary,ok,ok,
"ARX(1,1)_normal_r2_arY_spfN_nuN",2,bfgs,93.76908328500787,Y,Y,Y,Y,Y,,0.0,stationary,ok,ok,
"ARX(1,1)_normal_r2_arY_spfN_nuN",3,lbfgs,93.76908246284096,Y,Y,Y,Y,Y,54.0,0.0,stationary,ok,ok,
"ARX(1,1)_normal_r2_arY_spfN_nuN",4,bfgs,93.76908285525336,Y,Y,Y,Y,Y,,0.0,stationary,ok,ok,
"ARX(1,1)_normal_r2_arY_spfN_nuN",5,lbfgs,93.76908050153395,Y,Y,Y,Y,Y,52.0,0.0,stationary,ok,ok,
"ARX(1,1)_normal_r2_arY_spfN_nuN",6,bfgs,93.76908327873846,Y,Y,Y,Y,Y,,0.0,stationary,ok,ok,
"ARX(1,1)_normal_r2_arY_spfN_nuN",7,lbfgs,93.76908260806856,Y,Y,Y,Y,Y,58.0,0.0,stationary,ok,ok,
"ARX(1,1)_normal_r2_arY_spfN_nuN",8,bfgs,93.76908243131447,Y,Y,Y,Y,Y,,0.0,stationary,ok,ok,
"ARX(1,1)_normal_r2_arY_spfN_nuN",9,lbfgs,93.76907820602611,Y,Y,Y,Y,Y,62.0,0.0,stationary,ok,ok,
"ARX(1,1)_normal_r2_arY_spfN_nuN",10,bfgs,93.76908328524055,Y,Y,Y,Y,Y,,0.0,stationary,ok,ok,
"ARX(1,1)_normal_r2_arY_spfN_nuN",11,lbfgs,93.76906885712327,Y,Y,Y,Y,Y,52.0,0.0,stationary,ok,ok,
"ARX(1,1)_normal_r2_arY_spfN_nuN",12,bfgs,93.76908328537866,Y,Y,Y,Y,Y,,0.0,stationary,ok,ok,
"ARX(1,1)_normal_r2_arY_spfN_nuN",13,lbfgs,93.7690829651987,Y,Y,Y,Y,Y,53.0,0.0,stationary,ok,ok,
"ARX(1,1)_normal_r2_arY_spfN_nuN",14,bfgs,93.76908326292646,Y,Y,Y,Y,Y,,0.0,stationary,ok,ok,
"ARX(1,1)_normal_r2_arY_spfN_nuN",15,lbfgs,93.76908177546008,Y,Y,Y,Y,Y,58.0,0.0,stationary,ok,ok,
"ARX(1,1)_normal_r2_arY_spfN_nuN",16,bfgs,93.76908260441303,Y,Y,Y,Y,Y,,0.0,stationary,ok,ok,
"ARX(1,1)_normal_r2_arY_spfN_nuN",17,lbfgs,93.76906974534276,Y,Y,Y,Y,Y,64.0,0.0,stationary,ok,ok,
"ARX(1,1)_normal_r2_arY_spfN_nuN",18,bfgs,93.76908328007164,Y,Y,Y,Y,Y,,0.0,stationary,ok,ok,
"ARX(1,1)_normal_r2_arY_spfN_nuN",19,lbfgs,93.76908323407116,Y,Y,Y,Y,Y,53.0,0.0,stationary,ok,ok,
"ARX(1,1)_normal_r2_arY_spfN_nuN",20,bfgs,93.76908328152285,Y,Y,Y,Y,Y,,0.0,stationary,ok,ok,
"ARX(1,1)_normal_r2_arY_spfN_nuN",21,lbfgs,93.76908295414978,Y,Y,Y,Y,Y,48.0,0.0,stationary,ok,ok,
"ARX(1,1)_normal_r2_arY_spfN_nuN",22,bfgs,93.76908327519014,Y,Y,Y,Y,Y,,0.0,stationary,ok,ok,
"ARX(1,1)_normal_r2_arY_spfN_nuN",23,lbfgs,93.7690816496646,Y,Y,Y,Y,Y,57.0,0.0,stationary,ok,ok,
"ARX(1,1)_normal_r2_arY_spfN_nuN",24,bfgs,93.76908328494454,Y,Y,Y,Y,Y,,0.0,stationary,ok,ok,
"ARX(1,1)_normal_r2_arY_spfN_nuN",25,lbfgs,93.76908291247135,Y,Y,Y,Y,Y,51.0,0.0,stationary,ok,ok,
"ARX(1,1)_normal_r2_arY_spfN_nuN",26,bfgs,93.76908327092245,Y,Y,Y,Y,Y,,0.0,stationary,ok,ok,
"ARX(1,1)_normal_r2_arY_spfN_nuN",27,lbfgs,93.76908254252314,Y,Y,Y,Y,Y,47.0,0.0,stationary,ok,ok,
"ARX(1,1)_normal_r2_arY_spfN_nuN",28,bfgs,93.76908328440499,Y,Y,Y,Y,Y,,0.0,stationary,ok,ok,
"ARX(1,1)_normal_r2_arY_spfN_nuN",29,lbfgs,93.76908236991308,Y,Y,Y,Y,Y,48.0,0.0,stationary,ok,ok,
"ARX(1,1)_normal_r2_arY_spfN_nuN",30,bfgs,93.76908196852091,Y,Y,Y,Y,Y,,0.0,stationary,ok,ok,
"ARX(1,1)_normal_r2_arY_spfN_nuN",31,lbfgs,93.7690802542439,Y,Y,Y,Y,Y,53.0,0.0,stationary,ok,ok,
"ARX(1,1)_normal_r2_arY_spfN_nuN",32,bfgs,93.76908326478332,Y,Y,Y,Y,Y,,0.0,stationary,ok,ok,
"ARX(1,1)_normal_r2_arY_spfN_nuN",33,lbfgs,93.76908224994547,Y,Y,Y,Y,Y,53.0,0.0,stationary,ok,ok,
"ARX(1,1)_normal_r2_arY_spfN_nuN",34,bfgs,93.76908327176744,Y,Y,Y,Y,Y,,0.0,stationary,ok,ok,
"ARX(1,1)_normal_r2_arY_spfN_nuN",35,lbfgs,93.76908304660427,Y,Y,Y,Y,Y,53.0,0.0,stationary,ok,ok,
"ARX(1,1)_normal_r2_arY_spfN_nuN",36,bfgs,93.76908327307561,Y,Y,Y,Y,Y,,0.0,stationary,ok,ok,
"ARX(1,1)_normal_r2_arY_spfN_nuN",37,lbfgs,93.7690812028556,Y,Y,Y,Y,Y,44.0,0.0,stationary,ok,ok,
"ARX(1,1)_normal_r2_arY_spfN_nuN",38,bfgs,93.76908326032263,Y,Y,Y,Y,Y,,0.0,stationary,ok,ok,
"ARX(1,1)_normal_r2_arY_spfN_nuN",39,lbfgs,93.7690822584508,Y,Y,Y,Y,Y,62.0,0.0,stationary,ok,ok,
"ARX(1,1)_normal_r2_arY_spfN_nuN",40,bfgs,93.76908315235211,Y,Y,Y,Y,Y,,0.0,stationary,ok,ok,
"ARX(1,1)_normal_r2_arY_spfN_nuN",41,lbfgs,93.76908022479266,Y,Y,Y,Y,Y,55.0,0.0,stationary,ok,ok,
"ARX(1,1)_normal_r2_arY_spfN_nuN",42,bfgs,93.76908243740169,Y,Y,Y,Y,Y,,0.0,stationary,ok,ok,
"ARX(1,1)_normal_r2_arY_spfN_nuN",43,lbfgs,93.76906721446197,Y,Y,Y,Y,Y,57.0,0.0,stationary,ok,ok,
"ARX(1,1)_normal_r2_arY_spfN_nuN",44,bfgs,93.7690832656711,Y,Y,Y,Y,Y,,0.0,stationary,ok,ok,
"ARX(1,1)_normal_r2_arY_spfN_nuN",45,lbfgs,93.76908151857366,Y,Y,Y,Y,Y,56.0,0.0,stationary,ok,ok,
"ARX(1,1)_normal_r2_arY_spfN_nuN",46,bfgs,93.769083284671,Y,Y,Y,Y,Y,,0.0,stationary,ok,ok,
"ARX(1,1)_normal_r2_arY_spfN_nuN",47,lbfgs,93.76907963036277,Y,Y,Y,Y,Y,53.0,0.0,stationary,ok,ok,
"ARX(1,1)_normal_r2_arY_spfN_nuN",48,bfgs,93.76908282790231,Y,Y,Y,Y,Y,,0.0,stationary,ok,ok,
"ARX(1,1)_normal_r2_arY_spfN_nuN",49,lbfgs,93.76908090894378,Y,Y,Y,Y,Y,57.0,0.0,stationary,ok,ok,
"ARX(1,1)_normal_r2_arY_spfN_nuN",50,bfgs,93.76908328490137,Y,Y,Y,Y,Y,,0.0,stationary,ok,ok,
"ARX(1,1)_normal_r2_arY_spfY_nuN",1,lbfgs,93.77021959762786,Y,Y,Y,Y,Y,44.0,0.0,stationary,ok,ok,
"ARX(1,1)_normal_r2_arY_spfY_nuN",2,bfgs,93.77024307964624,Y,Y,Y,Y,Y,,0.0,stationary,ok,ok,
"ARX(1,1)_normal_r2_arY_spfY_nuN",3,lbfgs,93.77014519117589,Y,Y,Y,Y,Y,38.0,0.0,stationary,ok,ok,
"ARX(1,1)_normal_r2_arY_spfY_nuN",4,bfgs,93.770243077819,Y,Y,Y,Y,Y,,0.0,stationary,ok,ok,
"ARX(1,1)_normal_r2_arY_spfY_nuN",5,lbfgs,93.77024251791488,Y,Y,Y,Y,Y,65.0,0.0,stationary,ok,ok,
"ARX(1,1)_normal_r2_arY_spfY_nuN",6,bfgs,93.77024307671095,Y,Y,Y,Y,Y,,0.0,stationary,ok,ok,
"ARX(1,1)_normal_r2_arY_spfY_nuN",7,lbfgs,93.7701797113162,Y,Y,Y,Y,Y,40.0,0.0,stationary,ok,ok,
"ARX(1,1)_normal_r2_arY_spfY_nuN",8,bfgs,29.13220478939693,Y,Y,Y,Y,Y,,0.0,stationary,ok,ok,
"ARX(1,1)_normal_r2_arY_spfY_nuN",9,lbfgs,93.77018472258727,Y,Y,Y,Y,Y,43.0,0.0,stationary,ok,ok,
"ARX(1,1)_normal_r2_arY_spfY_nuN",10,bfgs,93.7702430841788,Y,Y,Y,Y,Y,,0.0,stationary,ok,ok,
"ARX(1,1)_normal_r2_arY_spfY_nuN",11,lbfgs,93.77017842717346,Y,Y,Y,Y,Y,36.0,0.0,stationary,ok,ok,
"ARX(1,1)_normal_r2_arY_spfY_nuN",12,bfgs,93.77024307572444,Y,Y,Y,Y,Y,,0.0,stationary,ok,ok,
"ARX(1,1)_normal_r2_arY_spfY_nuN",13,lbfgs,93.77023530095077,Y,Y,Y,Y,Y,48.0,0.0,stationary,ok,ok,
"ARX(1,1)_normal_r2_arY_spfY_nuN",14,bfgs,93.77024307605672,Y,Y,Y,Y,Y,,0.0,stationary,ok,ok,
"ARX(1,1)_normal_r2_arY_spfY_nuN",15,lbfgs,93.77024174924753,Y,Y,Y,Y,Y,49.0,0.0,stationary,ok,ok,
"ARX(1,1)_normal_r2_arY_spfY_nuN",16,bfgs,,N,N,N,N,N,,,fit_failed,fit_failed,fit_failed,Steady-state probabilities could not be constructed.
"ARX(1,1)_normal_r2_arY_spfY_nuN",17,lbfgs,93.77009857741855,Y,Y,Y,Y,Y,31.0,0.0,stationary,ok,ok,
"ARX(1,1)_normal_r2_arY_spfY_nuN",18,bfgs,29.132205025303676,Y,Y,Y,Y,Y,,0.0,stationary,ok,ok,
"ARX(1,1)_normal_r2_arY_spfY_nuN",19,lbfgs,93.77009692912074,Y,Y,Y,Y,Y,13.0,0.0,stationary,ok,ok,
"ARX(1,1)_normal_r2_arY_spfY_nuN",20,bfgs,93.770243079947,Y,Y,Y,Y,Y,,0.0,stationary,ok,ok,
"ARX(1,1)_normal_r2_arY_spfY_nuN",21,lbfgs,93.7702095570727,Y,Y,Y,Y,Y,50.0,0.0,stationary,ok,ok,
"ARX(1,1)_normal_r2_arY_spfY_nuN",22,bfgs,93.77024307591681,Y,Y,Y,Y,Y,,0.0,stationary,ok,ok,
"ARX(1,1)_normal_r2_arY_spfY_nuN",23,lbfgs,93.77020803862925,Y,Y,Y,Y,Y,35.0,0.0,stationary,ok,ok,
"ARX(1,1)_normal_r2_arY_spfY_nuN",24,bfgs,93.77024307858562,Y,Y,Y,Y,Y,,0.0,stationary,ok,ok,
"ARX(1,1)_normal_r2_arY_spfY_nuN",25,lbfgs,93.77023919399636,Y,Y,Y,Y,Y,48.0,0.0,stationary,ok,ok,
"ARX(1,1)_normal_r2_arY_spfY_nuN",26,bfgs,93.77024307872234,Y,Y,Y,Y,Y,,0.0,stationary,ok,ok,
"ARX(1,1)_normal_r2_arY_spfY_nuN",27,lbfgs,93.7702372913172,Y,Y,Y,Y,Y,43.0,0.0,stationary,ok,ok,
"ARX(1,1)_normal_r2_arY_spfY_nuN",28,bfgs,93.77024307733761,Y,Y,Y,Y,Y,,0.0,stationary,ok,ok,
"ARX(1,1)_normal_r2_arY_spfY_nuN",29,lbfgs,93.77020783463593,Y,Y,Y,Y,Y,28.0,0.0,stationary,ok,ok,
"ARX(1,1)_normal_r2_arY_spfY_nuN",30,bfgs,93.77024303493835,Y,Y,Y,Y,Y,,0.0,stationary,ok,ok,
"ARX(1,1)_normal_r2_arY_spfY_nuN",31,lbfgs,93.77009605863213,Y,Y,Y,Y,Y,13.0,0.0,stationary,ok,ok,
"ARX(1,1)_normal_r2_arY_spfY_nuN",32,bfgs,93.77024303507625,Y,Y,Y,Y,Y,,0.0,stationary,ok,ok,
"ARX(1,1)_normal_r2_arY_spfY_nuN",33,lbfgs,93.77024045259174,Y,Y,Y,Y,Y,46.0,0.0,stationary,ok,ok,
"ARX(1,1)_normal_r2_arY_spfY_nuN",34,bfgs,6.339732014521637,Y,Y,N,Y,N,,0.0,stationary,sigma2[0]_boundary,ok,
"ARX(1,1)_normal_r2_arY_spfY_nuN",35,lbfgs,93.77009639782891,Y,Y,Y,Y,Y,13.0,0.0,stationary,ok,ok,
"ARX(1,1)_normal_r2_arY_spfY_nuN",36,bfgs,93.77024302083144,Y,Y,Y,Y,Y,,0.0,stationary,ok,ok,
"ARX(1,1)_normal_r2_arY_spfY_nuN",37,lbfgs,93.77009753091647,Y,Y,Y,Y,Y,13.0,0.0,stationary,ok,ok,
"ARX(1,1)_normal_r2_arY_spfY_nuN",38,bfgs,93.77024307664962,Y,Y,Y,Y,Y,,0.0,stationary,ok,ok,
"ARX(1,1)_normal_r2_arY_spfY_nuN",39,lbfgs,93.77024196200034,Y,Y,Y,Y,Y,49.0,0.0,stationary,ok,ok,
"ARX(1,1)_normal_r2_arY_spfY_nuN",40,bfgs,93.77024301424538,Y,Y,Y,Y,Y,,0.0,stationary,ok,ok,
"ARX(1,1)_normal_r2_arY_spfY_nuN",41,lbfgs,29.132199506509338,Y,Y,Y,Y,Y,1.0,0.0,stationary,ok,ok,
"ARX(1,1)_normal_r2_arY_spfY_nuN",42,bfgs,93.77024303873893,Y,Y,Y,Y,Y,,0.0,stationary,ok,ok,
"ARX(1,1)_normal_r2_arY_spfY_nuN",43,lbfgs,93.77023527033938,Y,Y,Y,Y,Y,49.0,0.0,stationary,ok,ok,
"ARX(1,1)_normal_r2_arY_spfY_nuN",44,bfgs,93.77024300547421,Y,Y,Y,Y,Y,,0.0,stationary,ok,ok,
"ARX(1,1)_normal_r2_arY_spfY_nuN",45,lbfgs,93.77023964548738,Y,Y,Y,Y,Y,69.0,0.0,stationary,ok,ok,
"ARX(1,1)_normal_r2_arY_spfY_nuN",46,bfgs,93.77024308127127,Y,Y,Y,Y,Y,,0.0,stationary,ok,ok,
"ARX(1,1)_normal_r2_arY_spfY_nuN",47,lbfgs,100.69776959211373,N,Y,N,Y,N,0.0,2.0,stationary,sigma2[0]_boundary,ok,
"ARX(1,1)_normal_r2_arY_spfY_nuN",48,bfgs,93.77024307828141,Y,Y,Y,Y,Y,,0.0,stationary,ok,ok,
"ARX(1,1)_normal_r2_arY_spfY_nuN",49,lbfgs,93.77024126800278,Y,Y,Y,Y,Y,53.0,0.0,stationary,ok,ok,
"ARX(1,1)_normal_r2_arY_spfY_nuN",50,bfgs,93.77024307567021,Y,Y,Y,Y,Y,,0.0,stationary,ok,ok,
"ARX(1,1)_normal_r3_arN_spfN_nuN",1,lbfgs,102.6657965819175,Y,Y,Y,N,N,256.0,0.0,stationary,ok,transition_boundary,
"ARX(1,1)_normal_r3_arN_spfN_nuN",2,bfgs,102.66683701941861,Y,Y,Y,N,N,,0.0,stationary,ok,transition_boundary,
"ARX(1,1)_normal_r3_arN_spfN_nuN",3,lbfgs,102.6649201707153,Y,Y,Y,N,N,516.0,0.0,stationary,ok,transition_boundary,
"ARX(1,1)_normal_r3_arN_spfN_nuN",4,bfgs,102.66684263562412,Y,Y,Y,N,N,,0.0,stationary,ok,transition_boundary,
"ARX(1,1)_normal_r3_arN_spfN_nuN",5,lbfgs,102.66681896920699,Y,Y,Y,N,N,328.0,0.0,stationary,ok,transition_boundary,
"ARX(1,1)_normal_r3_arN_spfN_nuN",6,bfgs,102.66684100287881,Y,Y,Y,N,N,,0.0,stationary,ok,transition_boundary,
"ARX(1,1)_normal_r3_arN_spfN_nuN",7,lbfgs,102.66493879035409,Y,Y,Y,N,N,411.0,0.0,stationary,ok,transition_boundary,
"ARX(1,1)_normal_r3_arN_spfN_nuN",8,bfgs,102.66684514246116,Y,Y,Y,N,N,,0.0,stationary,ok,transition_boundary,
"ARX(1,1)_normal_r3_arN_spfN_nuN",9,lbfgs,102.6568257346429,Y,Y,Y,N,N,264.0,0.0,stationary,ok,transition_boundary,
"ARX(1,1)_normal_r3_arN_spfN_nuN",10,bfgs,102.66684192785874,Y,Y,Y,N,N,,0.0,stationary,ok,transition_boundary,
"ARX(1,1)_normal_r3_arN_spfN_nuN",11,lbfgs,91.8995233298748,Y,Y,Y,Y,Y,24.0,0.0,stationary,ok,ok,
"ARX(1,1)_normal_r3_arN_spfN_nuN",12,bfgs,102.66681389618914,Y,Y,Y,N,N,,0.0,stationary,ok,transition_boundary,
"ARX(1,1)_normal_r3_arN_spfN_nuN",13,lbfgs,102.66600743481105,Y,Y,Y,N,N,375.0,0.0,stationary,ok,transition_boundary,
"ARX(1,1)_normal_r3_arN_spfN_nuN",14,bfgs,102.66683567692584,Y,Y,Y,N,N,,0.0,stationary,ok,transition_boundary,
"ARX(1,1)_normal_r3_arN_spfN_nuN",15,lbfgs,102.66635564355894,Y,Y,Y,N,N,351.0,0.0,stationary,ok,transition_boundary,
"ARX(1,1)_normal_r3_arN_spfN_nuN",16,bfgs,102.66684492346762,Y,Y,Y,N,N,,0.0,stationary,ok,transition_boundary,
"ARX(1,1)_normal_r3_arN_spfN_nuN",17,lbfgs,102.66667760130468,Y,Y,Y,N,N,483.0,0.0,stationary,ok,transition_boundary,
"ARX(1,1)_normal_r3_arN_spfN_nuN",18,bfgs,102.66684292815023,Y,Y,Y,N,N,,0.0,stationary,ok,transition_boundary,
"ARX(1,1)_normal_r3_arN_spfN_nuN",19,lbfgs,102.66641538954283,Y,Y,Y,N,N,346.0,0.0,stationary,ok,transition_boundary,
"ARX(1,1)_normal_r3_arN_spfN_nuN",20,bfgs,102.66684470919316,Y,Y,Y,N,N,,0.0,stationary,ok,transition_boundary,
"ARX(1,1)_normal_r3_arN_spfN_nuN",21,lbfgs,102.66649835478155,Y,Y,Y,N,N,458.0,0.0,stationary,ok,transition_boundary,
"ARX(1,1)_normal_r3_arN_spfN_nuN",22,bfgs,102.66684358294877,Y,Y,Y,N,N,,0.0,stationary,ok,transition_boundary,
"ARX(1,1)_normal_r3_arN_spfN_nuN",23,lbfgs,102.66651946547188,Y,Y,Y,N,N,382.0,0.0,stationary,ok,transition_boundary,
"ARX(1,1)_normal_r3_arN_spfN_nuN",24,bfgs,102.66684512715057,Y,Y,Y,N,N,,0.0,stationary,ok,transition_boundary,
"ARX(1,1)_normal_r3_arN_spfN_nuN",25,lbfgs,102.6663029204259,Y,Y,Y,N,N,334.0,0.0,stationary,ok,transition_boundary,
"ARX(1,1)_normal_r3_arN_spfN_nuN",26,bfgs,102.66684525076234,Y,Y,Y,N,N,,0.0,stationary,ok,transition_boundary,
"ARX(1,1)_normal_r3_arN_spfN_nuN",27,lbfgs,102.66315395331364,Y,Y,Y,N,N,292.0,0.0,stationary,ok,transition_boundary,
"ARX(1,1)_normal_r3_arN_spfN_nuN",28,bfgs,102.66684088012947,Y,Y,Y,N,N,,0.0,stationary,ok,transition_boundary,
"ARX(1,1)_normal_r3_arN_spfN_nuN",29,lbfgs,102.66452053018705,Y,Y,Y,N,N,493.0,0.0,stationary,ok,transition_boundary,
"ARX(1,1)_normal_r3_arN_spfN_nuN",30,bfgs,102.66681755348638,Y,Y,Y,N,N,,0.0,stationary,ok,transition_boundary,
"ARX(1,1)_normal_r3_arN_spfN_nuN",31,lbfgs,102.66636972676973,Y,Y,Y,N,N,281.0,0.0,stationary,ok,transition_boundary,
"ARX(1,1)_normal_r3_arN_spfN_nuN",32,bfgs,102.66684496186252,Y,Y,Y,N,N,,0.0,stationary,ok,transition_boundary,
"ARX(1,1)_normal_r3_arN_spfN_nuN",33,lbfgs,102.66634558884797,Y,Y,Y,N,N,461.0,0.0,stationary,ok,transition_boundary,
"ARX(1,1)_normal_r3_arN_spfN_nuN",34,bfgs,102.66684578898504,Y,Y,Y,N,N,,0.0,stationary,ok,transition_boundary,
"ARX(1,1)_normal_r3_arN_spfN_nuN",35,lbfgs,91.90115544934295,Y,Y,Y,Y,Y,35.0,0.0,stationary,ok,ok,
"ARX(1,1)_normal_r3_arN_spfN_nuN",36,bfgs,102.666763608888,Y,Y,Y,N,N,,0.0,stationary,ok,transition_boundary,
"ARX(1,1)_normal_r3_arN_spfN_nuN",37,lbfgs,102.66678920605716,Y,Y,Y,N,N,404.0,0.0,stationary,ok,transition_boundary,
"ARX(1,1)_normal_r3_arN_spfN_nuN",38,bfgs,102.66684216265213,Y,Y,Y,N,N,,0.0,stationary,ok,transition_boundary,
"ARX(1,1)_normal_r3_arN_spfN_nuN",39,lbfgs,102.66674664294725,Y,Y,Y,N,N,495.0,0.0,stationary,ok,transition_boundary,
"ARX(1,1)_normal_r3_arN_spfN_nuN",40,bfgs,102.66684329318048,Y,Y,Y,N,N,,0.0,stationary,ok,transition_boundary,
"ARX(1,1)_normal_r3_arN_spfN_nuN",41,lbfgs,102.66671595764154,Y,Y,Y,N,N,486.0,0.0,stationary,ok,transition_boundary,
"ARX(1,1)_normal_r3_arN_spfN_nuN",42,bfgs,102.66683307215666,Y,Y,Y,N,N,,0.0,stationary,ok,transition_boundary,
"ARX(1,1)_normal_r3_arN_spfN_nuN",43,lbfgs,102.66635836709439,Y,Y,Y,N,N,418.0,0.0,stationary,ok,transition_boundary,
"ARX(1,1)_normal_r3_arN_spfN_nuN",44,bfgs,102.6668439461993,Y,Y,Y,N,N,,0.0,stationary,ok,transition_boundary,
"ARX(1,1)_normal_r3_arN_spfN_nuN",45,lbfgs,91.90235585942584,Y,Y,Y,Y,Y,50.0,0.0,stationary,ok,ok,
"ARX(1,1)_normal_r3_arN_spfN_nuN",46,bfgs,102.66684587899738,Y,Y,Y,N,N,,0.0,stationary,ok,transition_boundary,
"ARX(1,1)_normal_r3_arN_spfN_nuN",47,lbfgs,102.66651495709743,Y,Y,Y,N,N,344.0,0.0,stationary,ok,transition_boundary,
"ARX(1,1)_normal_r3_arN_spfN_nuN",48,bfgs,102.6668454622252,Y,Y,Y,N,N,,0.0,stationary,ok,transition_boundary,
"ARX(1,1)_normal_r3_arN_spfN_nuN",49,lbfgs,102.66681730627477,Y,Y,Y,N,N,435.0,0.0,stationary,ok,transition_boundary,
"ARX(1,1)_normal_r3_arN_spfN_nuN",50,bfgs,102.6668156080634,Y,Y,Y,N,N,,0.0,stationary,ok,transition_boundary,
"ARX(1,1)_normal_r3_arY_spfN_nuN",1,lbfgs,112.52728404362071,Y,Y,Y,Y,Y,397.0,0.0,stationary,ok,ok,
"ARX(1,1)_normal_r3_arY_spfN_nuN",2,bfgs,112.52832153163456,Y,Y,Y,Y,Y,,0.0,stationary,ok,ok,
"ARX(1,1)_normal_r3_arY_spfN_nuN",3,lbfgs,115.73973892619915,Y,Y,N,N,N,709.0,0.0,stationary,sigma2[0]_boundary,transition_boundary,
"ARX(1,1)_normal_r3_arY_spfN_nuN",4,bfgs,112.5283216169106,Y,Y,Y,Y,Y,,0.0,stationary,ok,ok,
"ARX(1,1)_normal_r3_arY_spfN_nuN",5,lbfgs,98.34973438895292,Y,Y,Y,N,N,615.0,0.0,stationary,ok,transition_boundary,
"ARX(1,1)_normal_r3_arY_spfN_nuN",6,bfgs,112.52832157549796,Y,Y,Y,Y,Y,,0.0,stationary,ok,ok,
"ARX(1,1)_normal_r3_arY_spfN_nuN",7,lbfgs,112.47324997966987,Y,Y,Y,Y,Y,308.0,0.0,stationary,ok,ok,
"ARX(1,1)_normal_r3_arY_spfN_nuN",8,bfgs,112.52832161725539,Y,Y,Y,Y,Y,,0.0,stationary,ok,ok,
"ARX(1,1)_normal_r3_arY_spfN_nuN",9,lbfgs,112.5273867013432,Y,Y,Y,Y,Y,389.0,0.0,stationary,ok,ok,
"ARX(1,1)_normal_r3_arY_spfN_nuN",10,bfgs,98.3497929543658,Y,Y,Y,N,N,,0.0,stationary,ok,transition_boundary,
"ARX(1,1)_normal_r3_arY_spfN_nuN",11,lbfgs,98.34835589753745,Y,Y,Y,N,N,676.0,0.0,stationary,ok,transition_boundary,
"ARX(1,1)_normal_r3_arY_spfN_nuN",12,bfgs,112.52832161163971,Y,Y,Y,Y,Y,,0.0,stationary,ok,ok,
"ARX(1,1)_normal_r3_arY_spfN_nuN",13,lbfgs,98.34819916250393,Y,Y,Y,N,N,609.0,0.0,stationary,ok,transition_boundary,
"ARX(1,1)_normal_r3_arY_spfN_nuN",14,bfgs,112.52832161370196,Y,Y,Y,Y,Y,,0.0,stationary,ok,ok,
"ARX(1,1)_normal_r3_arY_spfN_nuN",15,lbfgs,112.52766237972051,Y,Y,Y,Y,Y,539.0,0.0,stationary,ok,ok,
"ARX(1,1)_normal_r3_arY_spfN_nuN",16,bfgs,112.52832160984065,Y,Y,Y,Y,Y,,0.0,stationary,ok,ok,
"ARX(1,1)_normal_r3_arY_spfN_nuN",17,lbfgs,112.00139106157772,Y,Y,Y,N,N,513.0,0.0,stationary,ok,transition_boundary,
"ARX(1,1)_normal_r3_arY_spfN_nuN",18,bfgs,112.52832129276251,Y,Y,Y,Y,Y,,0.0,stationary,ok,ok,
"ARX(1,1)_normal_r3_arY_spfN_nuN",19,lbfgs,112.52804859685247,Y,Y,Y,Y,Y,434.0,0.0,stationary,ok,ok,
"ARX(1,1)_normal_r3_arY_spfN_nuN",20,bfgs,98.34979331703784,Y,Y,Y,N,N,,0.0,stationary,ok,transition_boundary,
"ARX(1,1)_normal_r3_arY_spfN_nuN",21,lbfgs,112.52820740574765,Y,Y,Y,Y,Y,268.0,0.0,stationary,ok,ok,
"ARX(1,1)_normal_r3_arY_spfN_nuN",22,bfgs,112.52832161762373,Y,Y,Y,Y,Y,,0.0,stationary,ok,ok,
"ARX(1,1)_normal_r3_arY_spfN_nuN",23,lbfgs,112.52775231630983,Y,Y,Y,Y,Y,591.0,0.0,stationary,ok,ok,
"ARX(1,1)_normal_r3_arY_spfN_nuN",24,bfgs,112.5283215925804,Y,Y,Y,Y,Y,,0.0,stationary,ok,ok,
"ARX(1,1)_normal_r3_arY_spfN_nuN",25,lbfgs,112.5281832194473,Y,Y,Y,Y,Y,426.0,0.0,stationary,ok,ok,
"ARX(1,1)_normal_r3_arY_spfN_nuN",26,bfgs,112.5283208546369,Y,Y,Y,Y,Y,,0.0,stationary,ok,ok,
"ARX(1,1)_normal_r3_arY_spfN_nuN",27,lbfgs,112.52803593784391,Y,Y,Y,Y,Y,413.0,0.0,stationary,ok,ok,
"ARX(1,1)_normal_r3_arY_spfN_nuN",28,bfgs,112.52832161453867,Y,Y,Y,Y,Y,,0.0,stationary,ok,ok,
"ARX(1,1)_normal_r3_arY_spfN_nuN",29,lbfgs,112.52365319860729,Y,Y,Y,Y,Y,227.0,0.0,stationary,ok,ok,
"ARX(1,1)_normal_r3_arY_spfN_nuN",30,bfgs,112.5283216144068,Y,Y,Y,Y,Y,,0.0,stationary,ok,ok,
"ARX(1,1)_normal_r3_arY_spfN_nuN",31,lbfgs,98.34681830688963,Y,Y,Y,N,N,930.0,0.0,stationary,ok,transition_boundary,
"ARX(1,1)_normal_r3_arY_spfN_nuN",32,bfgs,98.34979230324959,Y,Y,Y,N,N,,0.0,stationary,ok,transition_boundary,
"ARX(1,1)_normal_r3_arY_spfN_nuN",33,lbfgs,112.52699009249545,Y,Y,Y,Y,Y,315.0,0.0,stationary,ok,ok,
"ARX(1,1)_normal_r3_arY_spfN_nuN",34,bfgs,112.528321570018,Y,Y,Y,Y,Y,,0.0,stationary,ok,ok,
"ARX(1,1)_normal_r3_arY_spfN_nuN",35,lbfgs,112.52776980670849,Y,Y,Y,Y,Y,460.0,0.0,stationary,ok,ok,
"ARX(1,1)_normal_r3_arY_spfN_nuN",36,bfgs,112.52832161801886,Y,Y,Y,Y,Y,,0.0,stationary,ok,ok,
"ARX(1,1)_normal_r3_arY_spfN_nuN",37,lbfgs,112.52573877057924,Y,Y,Y,Y,Y,251.0,0.0,stationary,ok,ok,
"ARX(1,1)_normal_r3_arY_spfN_nuN",38,bfgs,98.34977385642613,Y,Y,Y,N,N,,0.0,stationary,ok,transition_boundary,
"ARX(1,1)_normal_r3_arY_spfN_nuN",39,lbfgs,112.52815430079197,Y,Y,Y,Y,Y,516.0,0.0,stationary,ok,ok,
"ARX(1,1)_normal_r3_arY_spfN_nuN",40,bfgs,112.52832157031298,Y,Y,Y,Y,Y,,0.0,stationary,ok,ok,
"ARX(1,1)_normal_r3_arY_spfN_nuN",41,lbfgs,112.52644847318254,Y,Y,Y,Y,Y,265.0,0.0,stationary,ok,ok,
"ARX(1,1)_normal_r3_arY_spfN_nuN",42,bfgs,112.52832161501266,Y,Y,Y,Y,Y,,0.0,stationary,ok,ok,
"ARX(1,1)_normal_r3_arY_spfN_nuN",43,lbfgs,112.52005512906187,Y,Y,Y,Y,Y,264.0,0.0,stationary,ok,ok,
"ARX(1,1)_normal_r3_arY_spfN_nuN",44,bfgs,112.52832140514903,Y,Y,Y,Y,Y,,0.0,stationary,ok,ok,
"ARX(1,1)_normal_r3_arY_spfN_nuN",45,lbfgs,112.52809250433765,Y,Y,Y,Y,Y,510.0,0.0,stationary,ok,ok,
"ARX(1,1)_normal_r3_arY_spfN_nuN",46,bfgs,112.52832156504613,Y,Y,Y,Y,Y,,0.0,stationary,ok,ok,
"ARX(1,1)_normal_r3_arY_spfN_nuN",47,lbfgs,112.5280907996636,Y,Y,Y,Y,Y,437.0,0.0,stationary,ok,ok,
"ARX(1,1)_normal_r3_arY_spfN_nuN",48,bfgs,112.52832160535016,Y,Y,Y,Y,Y,,0.0,stationary,ok,ok,
"ARX(1,1)_normal_r3_arY_spfN_nuN",49,lbfgs,112.52647571170435,Y,Y,Y,Y,Y,462.0,0.0,stationary,ok,ok,
"ARX(1,1)_normal_r3_arY_spfN_nuN",50,bfgs,112.52832117754703,Y,Y,Y,Y,Y,,0.0,stationary,ok,ok,
"ARX(2,1)_normal_r2_arN_spfN_nuN",1,lbfgs,91.94973613104963,Y,Y,Y,Y,Y,43.0,0.0,stationary,ok,ok,
"ARX(2,1)_normal_r2_arN_spfN_nuN",2,bfgs,91.94973692579113,Y,Y,Y,Y,Y,,0.0,stationary,ok,ok,
"ARX(2,1)_normal_r2_arN_spfN_nuN",3,lbfgs,91.94973655268956,Y,Y,Y,Y,Y,44.0,0.0,stationary,ok,ok,
"ARX(2,1)_normal_r2_arN_spfN_nuN",4,bfgs,91.94973693789166,Y,Y,Y,Y,Y,,0.0,stationary,ok,ok,
"ARX(2,1)_normal_r2_arN_spfN_nuN",5,lbfgs,91.94973661086229,Y,Y,Y,Y,Y,41.0,0.0,stationary,ok,ok,
"ARX(2,1)_normal_r2_arN_spfN_nuN",6,bfgs,91.94973693876246,Y,Y,Y,Y,Y,,0.0,stationary,ok,ok,
"ARX(2,1)_normal_r2_arN_spfN_nuN",7,lbfgs,91.94973579280074,Y,Y,Y,Y,Y,44.0,0.0,stationary,ok,ok,
"ARX(2,1)_normal_r2_arN_spfN_nuN",8,bfgs,91.94973693781202,Y,Y,Y,Y,Y,,0.0,stationary,ok,ok,
"ARX(2,1)_normal_r2_arN_spfN_nuN",9,lbfgs,91.9497339949855,Y,Y,Y,Y,Y,41.0,0.0,stationary,ok,ok,
"ARX(2,1)_normal_r2_arN_spfN_nuN",10,bfgs,91.9497369391163,Y,Y,Y,Y,Y,,0.0,stationary,ok,ok,
"ARX(2,1)_normal_r2_arN_spfN_nuN",11,lbfgs,91.94973684641653,Y,Y,Y,Y,Y,44.0,0.0,stationary,ok,ok,
"ARX(2,1)_normal_r2_arN_spfN_nuN",12,bfgs,91.9497369381474,Y,Y,Y,Y,Y,,0.0,stationary,ok,ok,
"ARX(2,1)_normal_r2_arN_spfN_nuN",13,lbfgs,91.94973648481454,Y,Y,Y,Y,Y,44.0,0.0,stationary,ok,ok,
"ARX(2,1)_normal_r2_arN_spfN_nuN",14,bfgs,91.94973693783521,Y,Y,Y,Y,Y,,0.0,stationary,ok,ok,
"ARX(2,1)_normal_r2_arN_spfN_nuN",15,lbfgs,91.949736625416,Y,Y,Y,Y,Y,38.0,0.0,stationary,ok,ok,
"ARX(2,1)_normal_r2_arN_spfN_nuN",16,bfgs,91.94973693822335,Y,Y,Y,Y,Y,,0.0,stationary,ok,ok,
"ARX(2,1)_normal_r2_arN_spfN_nuN",17,lbfgs,91.94973596508805,Y,Y,Y,Y,Y,42.0,0.0,stationary,ok,ok,
"ARX(2,1)_normal_r2_arN_spfN_nuN",18,bfgs,91.9497369258398,Y,Y,Y,Y,Y,,0.0,stationary,ok,ok,
"ARX(2,1)_normal_r2_arN_spfN_nuN",19,lbfgs,91.94973626717533,Y,Y,Y,Y,Y,40.0,0.0,stationary,ok,ok,
"ARX(2,1)_normal_r2_arN_spfN_nuN",20,bfgs,91.94973692580774,Y,Y,Y,Y,Y,,0.0,stationary,ok,ok,
"ARX(2,1)_normal_r2_arN_spfN_nuN",21,lbfgs,91.94973555806109,Y,Y,Y,Y,Y,45.0,0.0,stationary,ok,ok,
"ARX(2,1)_normal_r2_arN_spfN_nuN",22,bfgs,91.94973692581237,Y,Y,Y,Y,Y,,0.0,stationary,ok,ok,
"ARX(2,1)_normal_r2_arN_spfN_nuN",23,lbfgs,91.94973612447089,Y,Y,Y,Y,Y,43.0,0.0,stationary,ok,ok,
"ARX(2,1)_normal_r2_arN_spfN_nuN",24,bfgs,91.94973692579407,Y,Y,Y,Y,Y,,0.0,stationary,ok,ok,
"ARX(2,1)_normal_r2_arN_spfN_nuN",25,lbfgs,91.94973382535866,Y,Y,Y,Y,Y,44.0,0.0,stationary,ok,ok,
"ARX(2,1)_normal_r2_arN_spfN_nuN",26,bfgs,91.94973693786245,Y,Y,Y,Y,Y,,0.0,stationary,ok,ok,
"ARX(2,1)_normal_r2_arN_spfN_nuN",27,lbfgs,91.94973675628772,Y,Y,Y,Y,Y,42.0,0.0,stationary,ok,ok,
"ARX(2,1)_normal_r2_arN_spfN_nuN",28,bfgs,91.9497369259234,Y,Y,Y,Y,Y,,0.0,stationary,ok,ok,
"ARX(2,1)_normal_r2_arN_spfN_nuN",29,lbfgs,91.94973640536392,Y,Y,Y,Y,Y,41.0,0.0,stationary,ok,ok,
"ARX(2,1)_normal_r2_arN_spfN_nuN",30,bfgs,91.94973692579808,Y,Y,Y,Y,Y,,0.0,stationary,ok,ok,
"ARX(2,1)_normal_r2_arN_spfN_nuN",31,lbfgs,91.94973555798452,Y,Y,Y,Y,Y,41.0,0.0,stationary,ok,ok,
"ARX(2,1)_normal_r2_arN_spfN_nuN",32,bfgs,91.9497369257922,Y,Y,Y,Y,Y,,0.0,stationary,ok,ok,
"ARX(2,1)_normal_r2_arN_spfN_nuN",33,lbfgs,91.9497367182398,Y,Y,Y,Y,Y,43.0,0.0,stationary,ok,ok,
"ARX(2,1)_normal_r2_arN_spfN_nuN",34,bfgs,91.94973693816725,Y,Y,Y,Y,Y,,0.0,stationary,ok,ok,
"ARX(2,1)_normal_r2_arN_spfN_nuN",35,lbfgs,91.949736515332,Y,Y,Y,Y,Y,44.0,0.0,stationary,ok,ok,
"ARX(2,1)_normal_r2_arN_spfN_nuN",36,bfgs,91.94973693843836,Y,Y,Y,Y,Y,,0.0,stationary,ok,ok,
"ARX(2,1)_normal_r2_arN_spfN_nuN",37,lbfgs,91.94973188855101,Y,Y,Y,Y,Y,43.0,0.0,stationary,ok,ok,
"ARX(2,1)_normal_r2_arN_spfN_nuN",38,bfgs,91.94973693815089,Y,Y,Y,Y,Y,,0.0,stationary,ok,ok,
"ARX(2,1)_normal_r2_arN_spfN_nuN",39,lbfgs,91.94973559726834,Y,Y,Y,Y,Y,44.0,0.0,stationary,ok,ok,
"ARX(2,1)_normal_r2_arN_spfN_nuN",40,bfgs,91.94973693810964,Y,Y,Y,Y,Y,,0.0,stationary,ok,ok,
"ARX(2,1)_normal_r2_arN_spfN_nuN",41,lbfgs,91.94973664436942,Y,Y,Y,Y,Y,42.0,0.0,stationary,ok,ok,
"ARX(2,1)_normal_r2_arN_spfN_nuN",42,bfgs,91.94973692580723,Y,Y,Y,Y,Y,,0.0,stationary,ok,ok,
"ARX(2,1)_normal_r2_arN_spfN_nuN",43,lbfgs,91.94973590245004,Y,Y,Y,Y,Y,42.0,0.0,stationary,ok,ok,
"ARX(2,1)_normal_r2_arN_spfN_nuN",44,bfgs,91.94973693788572,Y,Y,Y,Y,Y,,0.0,stationary,ok,ok,
"ARX(2,1)_normal_r2_arN_spfN_nuN",45,lbfgs,91.94973681910344,Y,Y,Y,Y,Y,41.0,0.0,stationary,ok,ok,
"ARX(2,1)_normal_r2_arN_spfN_nuN",46,bfgs,91.9497369258209,Y,Y,Y,Y,Y,,0.0,stationary,ok,ok,
"ARX(2,1)_normal_r2_arN_spfN_nuN",47,lbfgs,91.9497365195534,Y,Y,Y,Y,Y,42.0,0.0,stationary,ok,ok,
"ARX(2,1)_normal_r2_arN_spfN_nuN",48,bfgs,91.94973693785298,Y,Y,Y,Y,Y,,0.0,stationary,ok,ok,
"ARX(2,1)_normal_r2_arN_spfN_nuN",49,lbfgs,91.94973548964356,Y,Y,Y,Y,Y,42.0,0.0,stationary,ok,ok,
"ARX(2,1)_normal_r2_arN_spfN_nuN",50,bfgs,91.9497369258057,Y,Y,Y,Y,Y,,0.0,stationary,ok,ok,
"ARX(2,1)_normal_r2_arY_spfN_nuN",1,lbfgs,94.14026694111269,Y,Y,Y,Y,Y,66.0,0.0,stationary,ok,ok,
"ARX(2,1)_normal_r2_arY_spfN_nuN",2,bfgs,94.14027204584772,Y,Y,Y,Y,Y,,0.0,stationary,ok,ok,
"ARX(2,1)_normal_r2_arY_spfN_nuN",3,lbfgs,94.14027159621844,Y,Y,Y,Y,Y,79.0,0.0,stationary,ok,ok,
"ARX(2,1)_normal_r2_arY_spfN_nuN",4,bfgs,94.14027193204241,Y,Y,Y,Y,Y,,0.0,stationary,ok,ok,
"ARX(2,1)_normal_r2_arY_spfN_nuN",5,lbfgs,94.14026968523214,Y,Y,Y,Y,Y,65.0,0.0,stationary,ok,ok,
"ARX(2,1)_normal_r2_arY_spfN_nuN",6,bfgs,94.14027205367302,Y,Y,Y,Y,Y,,0.0,stationary,ok,ok,
"ARX(2,1)_normal_r2_arY_spfN_nuN",7,lbfgs,94.140270617775,Y,Y,Y,Y,Y,80.0,0.0,stationary,ok,ok,
"ARX(2,1)_normal_r2_arY_spfN_nuN",8,bfgs,94.14027204518689,Y,Y,Y,Y,Y,,0.0,stationary,ok,ok,
"ARX(2,1)_normal_r2_arY_spfN_nuN",9,lbfgs,94.14027025837339,Y,Y,Y,Y,Y,80.0,0.0,stationary,ok,ok,
"ARX(2,1)_normal_r2_arY_spfN_nuN",10,bfgs,94.14027201580363,Y,Y,Y,Y,Y,,0.0,stationary,ok,ok,
"ARX(2,1)_normal_r2_arY_spfN_nuN",11,lbfgs,94.14026391398014,Y,Y,Y,Y,Y,87.0,0.0,stationary,ok,ok,
"ARX(2,1)_normal_r2_arY_spfN_nuN",12,bfgs,94.14027193248374,Y,Y,Y,Y,Y,,0.0,stationary,ok,ok,
"ARX(2,1)_normal_r2_arY_spfN_nuN",13,lbfgs,94.14026818204478,Y,Y,Y,Y,Y,72.0,0.0,stationary,ok,ok,
"ARX(2,1)_normal_r2_arY_spfN_nuN",14,bfgs,94.14027192304903,Y,Y,Y,Y,Y,,0.0,stationary,ok,ok,
"ARX(2,1)_normal_r2_arY_spfN_nuN",15,lbfgs,94.14027147606316,Y,Y,Y,Y,Y,57.0,0.0,stationary,ok,ok,
"ARX(2,1)_normal_r2_arY_spfN_nuN",16,bfgs,94.14027204589496,Y,Y,Y,Y,Y,,0.0,stationary,ok,ok,
"ARX(2,1)_normal_r2_arY_spfN_nuN",17,lbfgs,94.14026765291419,Y,Y,Y,Y,Y,74.0,0.0,stationary,ok,ok,
"ARX(2,1)_normal_r2_arY_spfN_nuN",18,bfgs,94.14027204575511,Y,Y,Y,Y,Y,,0.0,stationary,ok,ok,
"ARX(2,1)_normal_r2_arY_spfN_nuN",19,lbfgs,94.14027159257132,Y,Y,Y,Y,Y,68.0,0.0,stationary,ok,ok,
"ARX(2,1)_normal_r2_arY_spfN_nuN",20,bfgs,94.1402720453319,Y,Y,Y,Y,Y,,0.0,stationary,ok,ok,
"ARX(2,1)_normal_r2_arY_spfN_nuN",21,lbfgs,94.14026467111671,Y,Y,Y,Y,Y,84.0,0.0,stationary,ok,ok,
"ARX(2,1)_normal_r2_arY_spfN_nuN",22,bfgs,94.14027200651742,Y,Y,Y,Y,Y,,0.0,stationary,ok,ok,
"ARX(2,1)_normal_r2_arY_spfN_nuN",23,lbfgs,94.14026223287105,Y,Y,Y,Y,Y,67.0,0.0,stationary,ok,ok,
"ARX(2,1)_normal_r2_arY_spfN_nuN",24,bfgs,94.14027204579286,Y,Y,Y,Y,Y,,0.0,stationary,ok,ok,
"ARX(2,1)_normal_r2_arY_spfN_nuN",25,lbfgs,94.14026716222199,Y,Y,Y,Y,Y,72.0,0.0,stationary,ok,ok,
"ARX(2,1)_normal_r2_arY_spfN_nuN",26,bfgs,94.14027192594756,Y,Y,Y,Y,Y,,0.0,stationary,ok,ok,
"ARX(2,1)_normal_r2_arY_spfN_nuN",27,lbfgs,94.14026147981401,Y,Y,Y,Y,Y,85.0,0.0,stationary,ok,ok,
"ARX(2,1)_normal_r2_arY_spfN_nuN",28,bfgs,94.14027203076817,Y,Y,Y,Y,Y,,0.0,stationary,ok,ok,
"ARX(2,1)_normal_r2_arY_spfN_nuN",29,lbfgs,94.14026988963309,Y,Y,Y,Y,Y,64.0,0.0,stationary,ok,ok,
"ARX(2,1)_normal_r2_arY_spfN_nuN",30,bfgs,94.14027204581862,Y,Y,Y,Y,Y,,0.0,stationary,ok,ok,
"ARX(2,1)_normal_r2_arY_spfN_nuN",31,lbfgs,94.14026048362012,Y,Y,Y,Y,Y,75.0,0.0,stationary,ok,ok,
"ARX(2,1)_normal_r2_arY_spfN_nuN",32,bfgs,94.1402719106321,Y,Y,Y,Y,Y,,0.0,stationary,ok,ok,
"ARX(2,1)_normal_r2_arY_spfN_nuN",33,lbfgs,94.14026831344012,Y,Y,Y,Y,Y,66.0,0.0,stationary,ok,ok,
"ARX(2,1)_normal_r2_arY_spfN_nuN",34,bfgs,94.14027204599009,Y,Y,Y,Y,Y,,0.0,stationary,ok,ok,
"ARX(2,1)_normal_r2_arY_spfN_nuN",35,lbfgs,94.14026151754652,Y,Y,Y,Y,Y,65.0,0.0,stationary,ok,ok,
"ARX(2,1)_normal_r2_arY_spfN_nuN",36,bfgs,,N,N,N,N,N,,,fit_failed,fit_failed,fit_failed,Steady-state probabilities could not be constructed.
"ARX(2,1)_normal_r2_arY_spfN_nuN",37,lbfgs,94.14027038660572,Y,Y,Y,Y,Y,79.0,0.0,stationary,ok,ok,
"ARX(2,1)_normal_r2_arY_spfN_nuN",38,bfgs,94.14027204579466,Y,Y,Y,Y,Y,,0.0,stationary,ok,ok,
"ARX(2,1)_normal_r2_arY_spfN_nuN",39,lbfgs,94.14026345655873,Y,Y,Y,Y,Y,74.0,0.0,stationary,ok,ok,
"ARX(2,1)_normal_r2_arY_spfN_nuN",40,bfgs,94.14027204603966,Y,Y,Y,Y,Y,,0.0,stationary,ok,ok,
"ARX(2,1)_normal_r2_arY_spfN_nuN",41,lbfgs,94.14024700652953,Y,Y,Y,Y,Y,71.0,0.0,stationary,ok,ok,
"ARX(2,1)_normal_r2_arY_spfN_nuN",42,bfgs,94.14027193077173,Y,Y,Y,Y,Y,,0.0,stationary,ok,ok,
"ARX(2,1)_normal_r2_arY_spfN_nuN",43,lbfgs,94.14026958716313,Y,Y,Y,Y,Y,71.0,0.0,stationary,ok,ok,
"ARX(2,1)_normal_r2_arY_spfN_nuN",44,bfgs,94.14027195003024,Y,Y,Y,Y,Y,,0.0,stationary,ok,ok,
"ARX(2,1)_normal_r2_arY_spfN_nuN",45,lbfgs,94.14027002358056,Y,Y,Y,Y,Y,79.0,0.0,stationary,ok,ok,
"ARX(2,1)_normal_r2_arY_spfN_nuN",46,bfgs,94.1402720459091,Y,Y,Y,Y,Y,,0.0,stationary,ok,ok,
"ARX(2,1)_normal_r2_arY_spfN_nuN",47,lbfgs,94.14026849836941,Y,Y,Y,Y,Y,62.0,0.0,stationary,ok,ok,
"ARX(2,1)_normal_r2_arY_spfN_nuN",48,bfgs,94.14027204581973,Y,Y,Y,Y,Y,,0.0,stationary,ok,ok,
"ARX(2,1)_normal_r2_arY_spfN_nuN",49,lbfgs,94.14027020934262,Y,Y,Y,Y,Y,74.0,0.0,stationary,ok,ok,
"ARX(2,1)_normal_r2_arY_spfN_nuN",50,bfgs,94.14027204480863,Y,Y,Y,Y,Y,,0.0,stationary,ok,ok,
"ARX(2,1)_normal_r2_arY_spfY_nuN",1,lbfgs,94.14505867618854,Y,Y,Y,Y,Y,41.0,0.0,stationary,ok,ok,
"ARX(2,1)_normal_r2_arY_spfY_nuN",2,bfgs,94.14509480737668,Y,Y,Y,Y,Y,,0.0,stationary,ok,ok,
"ARX(2,1)_normal_r2_arY_spfY_nuN",3,lbfgs,94.14500556069052,Y,Y,Y,Y,Y,49.0,0.0,stationary,ok,ok,
"ARX(2,1)_normal_r2_arY_spfY_nuN",4,bfgs,94.14509479888616,Y,Y,Y,Y,Y,,0.0,stationary,ok,ok,
"ARX(2,1)_normal_r2_arY_spfY_nuN",5,lbfgs,6.858653400491374,Y,Y,Y,Y,Y,1.0,0.0,stationary,ok,ok,
"ARX(2,1)_normal_r2_arY_spfY_nuN",6,bfgs,133.88559917358177,N,Y,N,Y,N,,2.0,stationary,sigma2[0]_boundary,ok,
"ARX(2,1)_normal_r2_arY_spfY_nuN",7,lbfgs,94.14508030763771,Y,Y,Y,Y,Y,49.0,0.0,stationary,ok,ok,
"ARX(2,1)_normal_r2_arY_spfY_nuN",8,bfgs,134.86236953090585,N,Y,N,Y,N,,2.0,stationary,sigma2[0]_boundary,ok,
"ARX(2,1)_normal_r2_arY_spfY_nuN",9,lbfgs,94.14500907770096,Y,Y,Y,Y,Y,52.0,0.0,stationary,ok,ok,
"ARX(2,1)_normal_r2_arY_spfY_nuN",10,bfgs,94.14509482669555,Y,Y,Y,Y,Y,,0.0,stationary,ok,ok,
"ARX(2,1)_normal_r2_arY_spfY_nuN",11,lbfgs,94.14505098869462,Y,Y,Y,Y,Y,41.0,0.0,stationary,ok,ok,
"ARX(2,1)_normal_r2_arY_spfY_nuN",12,bfgs,94.14509486435416,Y,Y,Y,Y,Y,,0.0,stationary,ok,ok,
"ARX(2,1)_normal_r2_arY_spfY_nuN",13,lbfgs,94.14509241289011,Y,Y,Y,Y,Y,87.0,0.0,stationary,ok,ok,
"ARX(2,1)_normal_r2_arY_spfY_nuN",14,bfgs,136.89669560576075,N,Y,N,Y,N,,2.0,stationary,sigma2[0]_boundary,ok,
"ARX(2,1)_normal_r2_arY_spfY_nuN",15,lbfgs,94.1450547632192,Y,Y,Y,Y,Y,43.0,0.0,stationary,ok,ok,
"ARX(2,1)_normal_r2_arY_spfY_nuN",16,bfgs,94.145094895497,Y,Y,Y,Y,Y,,0.0,stationary,ok,ok,
"ARX(2,1)_normal_r2_arY_spfY_nuN",17,lbfgs,94.14509291883914,Y,Y,Y,Y,Y,59.0,0.0,stationary,ok,ok,
"ARX(2,1)_normal_r2_arY_spfY_nuN",18,bfgs,94.1450948452041,Y,Y,Y,Y,Y,,0.0,stationary,ok,ok,
"ARX(2,1)_normal_r2_arY_spfY_nuN",19,lbfgs,94.14508696010287,Y,Y,Y,Y,Y,66.0,0.0,stationary,ok,ok,
"ARX(2,1)_normal_r2_arY_spfY_nuN",20,bfgs,94.14509483364705,Y,Y,Y,Y,Y,,0.0,stationary,ok,ok,
"ARX(2,1)_normal_r2_arY_spfY_nuN",21,lbfgs,94.14502020420889,Y,Y,Y,Y,Y,52.0,0.0,stationary,ok,ok,
"ARX(2,1)_normal_r2_arY_spfY_nuN",22,bfgs,94.1450947737538,Y,Y,Y,Y,Y,,0.0,stationary,ok,ok,
"ARX(2,1)_normal_r2_arY_spfY_nuN",23,lbfgs,94.14508923789666,Y,Y,Y,Y,Y,62.0,0.0,stationary,ok,ok,
"ARX(2,1)_normal_r2_arY_spfY_nuN",24,bfgs,94.14509486129815,Y,Y,Y,Y,Y,,0.0,stationary,ok,ok,
"ARX(2,1)_normal_r2_arY_spfY_nuN",25,lbfgs,94.14508085875357,Y,Y,Y,Y,Y,43.0,0.0,stationary,ok,ok,
"ARX(2,1)_normal_r2_arY_spfY_nuN",26,bfgs,94.14509468607898,Y,Y,Y,Y,Y,,0.0,stationary,ok,ok,
"ARX(2,1)_normal_r2_arY_spfY_nuN",27,lbfgs,94.14509160439681,Y,Y,Y,Y,Y,60.0,0.0,stationary,ok,ok,
"ARX(2,1)_normal_r2_arY_spfY_nuN",28,bfgs,94.14509479347954,Y,Y,Y,Y,Y,,0.0,stationary,ok,ok,
"ARX(2,1)_normal_r2_arY_spfY_nuN",29,lbfgs,94.14497544290258,Y,Y,Y,Y,Y,39.0,0.0,stationary,ok,ok,
"ARX(2,1)_normal_r2_arY_spfY_nuN",30,bfgs,94.14509488257441,Y,Y,Y,Y,Y,,0.0,stationary,ok,ok,
"ARX(2,1)_normal_r2_arY_spfY_nuN",31,lbfgs,94.14507843919108,Y,Y,Y,Y,Y,60.0,0.0,stationary,ok,ok,
"ARX(2,1)_normal_r2_arY_spfY_nuN",32,bfgs,94.14509473266364,Y,Y,Y,Y,Y,,0.0,stationary,ok,ok,
"ARX(2,1)_normal_r2_arY_spfY_nuN",33,lbfgs,94.14509178283507,Y,Y,Y,Y,Y,55.0,0.0,stationary,ok,ok,
"ARX(2,1)_normal_r2_arY_spfY_nuN",34,bfgs,94.14509488882196,Y,Y,Y,Y,Y,,0.0,stationary,ok,ok,
"ARX(2,1)_normal_r2_arY_spfY_nuN",35,lbfgs,94.14498337510123,Y,Y,Y,Y,Y,43.0,0.0,stationary,ok,ok,
"ARX(2,1)_normal_r2_arY_spfY_nuN",36,bfgs,94.14509473722416,Y,Y,Y,Y,Y,,0.0,stationary,ok,ok,
"ARX(2,1)_normal_r2_arY_spfY_nuN",37,lbfgs,13.40725722299743,Y,Y,Y,Y,Y,0.0,0.0,stationary,ok,ok,
"ARX(2,1)_normal_r2_arY_spfY_nuN",38,bfgs,94.14509486868387,Y,Y,Y,Y,Y,,0.0,stationary,ok,ok,
"ARX(2,1)_normal_r2_arY_spfY_nuN",39,lbfgs,94.14507135092511,Y,Y,Y,Y,Y,52.0,0.0,stationary,ok,ok,
"ARX(2,1)_normal_r2_arY_spfY_nuN",40,bfgs,94.14509485113027,Y,Y,Y,Y,Y,,0.0,stationary,ok,ok,
"ARX(2,1)_normal_r2_arY_spfY_nuN",41,lbfgs,29.16770264225211,Y,Y,Y,Y,Y,1.0,0.0,stationary,ok,ok,
"ARX(2,1)_normal_r2_arY_spfY_nuN",42,bfgs,94.14509488841284,Y,Y,Y,Y,Y,,0.0,stationary,ok,ok,
"ARX(2,1)_normal_r2_arY_spfY_nuN",43,lbfgs,94.14506488288552,Y,Y,Y,Y,Y,48.0,0.0,stationary,ok,ok,
"ARX(2,1)_normal_r2_arY_spfY_nuN",44,bfgs,94.14509474147388,Y,Y,Y,Y,Y,,0.0,stationary,ok,ok,
"ARX(2,1)_normal_r2_arY_spfY_nuN",45,lbfgs,94.14508395465397,Y,Y,Y,Y,Y,58.0,0.0,stationary,ok,ok,
"ARX(2,1)_normal_r2_arY_spfY_nuN",46,bfgs,132.3330961010368,N,Y,N,Y,N,,2.0,stationary,sigma2[0]_boundary,ok,
"ARX(2,1)_normal_r2_arY_spfY_nuN",47,lbfgs,29.167702711873382,Y,Y,Y,Y,Y,1.0,0.0,stationary,ok,ok,
"ARX(2,1)_normal_r2_arY_spfY_nuN",48,bfgs,94.1450940695089,Y,Y,Y,Y,Y,,0.0,stationary,ok,ok,
"ARX(2,1)_normal_r2_arY_spfY_nuN",49,lbfgs,7.655648929216728,Y,Y,Y,Y,Y,1.0,0.0,stationary,ok,ok,
"ARX(2,1)_normal_r2_arY_spfY_nuN",50,bfgs,94.14509478744594,Y,Y,Y,Y,Y,,0.0,stationary,ok,ok,
"ARX(2,1)_normal_r3_arN_spfN_nuN",1,lbfgs,102.83412920174203,Y,Y,Y,N,N,490.0,0.0,stationary,ok,transition_boundary,
"ARX(2,1)_normal_r3_arN_spfN_nuN",2,bfgs,102.83467927244678,Y,Y,Y,N,N,,0.0,stationary,ok,transition_boundary,
"ARX(2,1)_normal_r3_arN_spfN_nuN",3,lbfgs,102.8330897157611,Y,Y,Y,N,N,282.0,0.0,stationary,ok,transition_boundary,
"ARX(2,1)_normal_r3_arN_spfN_nuN",4,bfgs,102.83467082481482,Y,Y,Y,N,N,,0.0,stationary,ok,transition_boundary,
"ARX(2,1)_normal_r3_arN_spfN_nuN",5,lbfgs,102.8327885459482,Y,Y,Y,N,N,432.0,0.0,stationary,ok,transition_boundary,
"ARX(2,1)_normal_r3_arN_spfN_nuN",6,bfgs,102.83467780207516,Y,Y,Y,N,N,,0.0,stationary,ok,transition_boundary,
"ARX(2,1)_normal_r3_arN_spfN_nuN",7,lbfgs,102.83450772680179,Y,Y,Y,N,N,331.0,0.0,stationary,ok,transition_boundary,
"ARX(2,1)_normal_r3_arN_spfN_nuN",8,bfgs,102.83467739290741,Y,Y,Y,N,N,,0.0,stationary,ok,transition_boundary,
"ARX(2,1)_normal_r3_arN_spfN_nuN",9,lbfgs,102.83348218444044,Y,Y,Y,N,N,567.0,0.0,stationary,ok,transition_boundary,
"ARX(2,1)_normal_r3_arN_spfN_nuN",10,bfgs,102.83465996145907,Y,Y,Y,N,N,,0.0,stationary,ok,transition_boundary,
"ARX(2,1)_normal_r3_arN_spfN_nuN",11,lbfgs,102.83461863018243,Y,Y,Y,N,N,295.0,0.0,stationary,ok,transition_boundary,
"ARX(2,1)_normal_r3_arN_spfN_nuN",12,bfgs,102.83467438173395,Y,Y,Y,N,N,,0.0,stationary,ok,transition_boundary,
"ARX(2,1)_normal_r3_arN_spfN_nuN",13,lbfgs,102.83331930702911,Y,Y,Y,N,N,364.0,0.0,stationary,ok,transition_boundary,
"ARX(2,1)_normal_r3_arN_spfN_nuN",14,bfgs,102.83467960880452,Y,Y,Y,N,N,,0.0,stationary,ok,transition_boundary,
"ARX(2,1)_normal_r3_arN_spfN_nuN",15,lbfgs,102.83402963572948,Y,Y,Y,N,N,449.0,0.0,stationary,ok,transition_boundary,
"ARX(2,1)_normal_r3_arN_spfN_nuN",16,bfgs,102.83467812852706,Y,Y,Y,N,N,,0.0,stationary,ok,transition_boundary,
"ARX(2,1)_normal_r3_arN_spfN_nuN",17,lbfgs,102.83455182945714,Y,Y,Y,N,N,610.0,0.0,stationary,ok,transition_boundary,
"ARX(2,1)_normal_r3_arN_spfN_nuN",18,bfgs,102.83467237925485,Y,Y,Y,N,N,,0.0,stationary,ok,transition_boundary,
"ARX(2,1)_normal_r3_arN_spfN_nuN",19,lbfgs,102.83408012659068,Y,Y,Y,N,N,517.0,0.0,stationary,ok,transition_boundary,
"ARX(2,1)_normal_r3_arN_spfN_nuN",20,bfgs,102.83337591201743,Y,Y,Y,N,N,,0.0,stationary,ok,transition_boundary,
"ARX(2,1)_normal_r3_arN_spfN_nuN",21,lbfgs,102.83427145787145,Y,Y,Y,N,N,523.0,0.0,stationary,ok,transition_boundary,
"ARX(2,1)_normal_r3_arN_spfN_nuN",22,bfgs,102.83467624182094,Y,Y,Y,N,N,,0.0,stationary,ok,transition_boundary,
"ARX(2,1)_normal_r3_arN_spfN_nuN",23,lbfgs,102.83344824658354,Y,Y,Y,N,N,406.0,0.0,stationary,ok,transition_boundary,
"ARX(2,1)_normal_r3_arN_spfN_nuN",24,bfgs,102.83467451350054,Y,Y,Y,N,N,,0.0,stationary,ok,transition_boundary,
"ARX(2,1)_normal_r3_arN_spfN_nuN",25,lbfgs,102.83433208292351,Y,Y,Y,N,N,494.0,0.0,stationary,ok,transition_boundary,
"ARX(2,1)_normal_r3_arN_spfN_nuN",26,bfgs,102.83467494668952,Y,Y,Y,N,N,,0.0,stationary,ok,transition_boundary,
"ARX(2,1)_normal_r3_arN_spfN_nuN",27,lbfgs,102.83429257967444,Y,Y,Y,N,N,536.0,0.0,stationary,ok,transition_boundary,
"ARX(2,1)_normal_r3_arN_spfN_nuN",28,bfgs,102.8346782108471,Y,Y,Y,N,N,,0.0,stationary,ok,transition_boundary,
"ARX(2,1)_normal_r3_arN_spfN_nuN",29,lbfgs,102.83408910537787,Y,Y,Y,N,N,452.0,0.0,stationary,ok,transition_boundary,
"ARX(2,1)_normal_r3_arN_spfN_nuN",30,bfgs,102.83463793967219,Y,Y,Y,N,N,,0.0,stationary,ok,transition_boundary,
"ARX(2,1)_normal_r3_arN_spfN_nuN",31,lbfgs,91.96570191852109,Y,Y,Y,Y,Y,31.0,0.0,stationary,ok,ok,
"ARX(2,1)_normal_r3_arN_spfN_nuN",32,bfgs,94.30534462416851,Y,Y,Y,N,N,,0.0,stationary,ok,transition_boundary,
"ARX(2,1)_normal_r3_arN_spfN_nuN",33,lbfgs,91.95239276805916,Y,Y,Y,Y,Y,56.0,0.0,stationary,ok,ok,
"ARX(2,1)_normal_r3_arN_spfN_nuN",34,bfgs,102.83465057878415,Y,Y,Y,N,N,,0.0,stationary,ok,transition_boundary,
"ARX(2,1)_normal_r3_arN_spfN_nuN",35,lbfgs,102.83275332799117,Y,Y,Y,N,N,503.0,0.0,stationary,ok,transition_boundary,
"ARX(2,1)_normal_r3_arN_spfN_nuN",36,bfgs,102.83467847884431,Y,Y,Y,N,N,,0.0,stationary,ok,transition_boundary,
"ARX(2,1)_normal_r3_arN_spfN_nuN",37,lbfgs,102.83221964423922,Y,Y,Y,N,N,357.0,0.0,stationary,ok,transition_boundary,
"ARX(2,1)_normal_r3_arN_spfN_nuN",38,bfgs,102.83467582413324,Y,Y,Y,N,N,,0.0,stationary,ok,transition_boundary,
"ARX(2,1)_normal_r3_arN_spfN_nuN",39,lbfgs,91.94970678283681,Y,Y,Y,Y,Y,45.0,0.0,stationary,ok,ok,
"ARX(2,1)_normal_r3_arN_spfN_nuN",40,bfgs,102.83467949297774,Y,Y,Y,N,N,,0.0,stationary,ok,transition_boundary,
"ARX(2,1)_normal_r3_arN_spfN_nuN",41,lbfgs,102.83391205334779,Y,Y,Y,N,N,409.0,0.0,stationary,ok,transition_boundary,
"ARX(2,1)_normal_r3_arN_spfN_nuN",42,bfgs,102.83467418301426,Y,Y,Y,N,N,,0.0,stationary,ok,transition_boundary,
"ARX(2,1)_normal_r3_arN_spfN_nuN",43,lbfgs,102.83434053038773,Y,Y,Y,N,N,475.0,0.0,stationary,ok,transition_boundary,
"ARX(2,1)_normal_r3_arN_spfN_nuN",44,bfgs,102.83457155439001,Y,Y,Y,N,N,,0.0,stationary,ok,transition_boundary,
"ARX(2,1)_normal_r3_arN_spfN_nuN",45,lbfgs,102.83266809693882,Y,Y,Y,N,N,470.0,0.0,stationary,ok,transition_boundary,
"ARX(2,1)_normal_r3_arN_spfN_nuN",46,bfgs,102.83465385779246,Y,Y,Y,N,N,,0.0,stationary,ok,transition_boundary,
"ARX(2,1)_normal_r3_arN_spfN_nuN",47,lbfgs,102.83093564017608,Y,Y,Y,N,N,393.0,0.0,stationary,ok,transition_boundary,
"ARX(2,1)_normal_r3_arN_spfN_nuN",48,bfgs,102.8346433602297,Y,Y,Y,N,N,,0.0,stationary,ok,transition_boundary,
"ARX(2,1)_normal_r3_arN_spfN_nuN",49,lbfgs,102.83427444135569,Y,Y,Y,N,N,366.0,0.0,stationary,ok,transition_boundary,
"ARX(2,1)_normal_r3_arN_spfN_nuN",50,bfgs,102.83466932277017,Y,Y,Y,N,N,,0.0,stationary,ok,transition_boundary,
"ARX(2,1)_normal_r3_arY_spfN_nuN",1,lbfgs,114.13810836431526,Y,Y,Y,N,N,292.0,0.0,stationary,ok,transition_boundary,
"ARX(2,1)_normal_r3_arY_spfN_nuN",2,bfgs,114.1382403381727,Y,Y,Y,N,N,,0.0,stationary,ok,transition_boundary,
"ARX(2,1)_normal_r3_arY_spfN_nuN",3,lbfgs,119.14977099617039,Y,Y,Y,Y,Y,706.0,0.0,stationary,ok,ok,
"ARX(2,1)_normal_r3_arY_spfN_nuN",4,bfgs,119.14989126049662,Y,Y,Y,Y,Y,,0.0,stationary,ok,ok,
"ARX(2,1)_normal_r3_arY_spfN_nuN",5,lbfgs,100.94307704981927,Y,Y,Y,Y,Y,432.0,0.0,stationary,ok,ok,
"ARX(2,1)_normal_r3_arY_spfN_nuN",6,bfgs,116.77154427880961,Y,Y,Y,Y,Y,,0.0,stationary,ok,ok,
"ARX(2,1)_normal_r3_arY_spfN_nuN",7,lbfgs,116.77140058755887,Y,Y,Y,Y,Y,669.0,0.0,stationary,ok,ok,
"ARX(2,1)_normal_r3_arY_spfN_nuN",8,bfgs,114.13825486261155,Y,Y,Y,N,N,,0.0,stationary,ok,transition_boundary,
"ARX(2,1)_normal_r3_arY_spfN_nuN",9,lbfgs,114.13820964925976,Y,Y,Y,N,N,278.0,0.0,stationary,ok,transition_boundary,
"ARX(2,1)_normal_r3_arY_spfN_nuN",10,bfgs,114.13825899601572,Y,Y,Y,N,N,,0.0,stationary,ok,transition_boundary,
"ARX(2,1)_normal_r3_arY_spfN_nuN",11,lbfgs,114.13788700723046,Y,Y,Y,N,N,167.0,0.0,stationary,ok,transition_boundary,
"ARX(2,1)_normal_r3_arY_spfN_nuN",12,bfgs,116.77154426802858,Y,Y,Y,Y,Y,,0.0,stationary,ok,ok,
"ARX(2,1)_normal_r3_arY_spfN_nuN",13,lbfgs,97.66441443927366,Y,Y,Y,N,N,311.0,0.0,stationary,ok,transition_boundary,
"ARX(2,1)_normal_r3_arY_spfN_nuN",14,bfgs,116.77154428207976,Y,Y,Y,Y,Y,,0.0,stationary,ok,ok,
"ARX(2,1)_normal_r3_arY_spfN_nuN",15,lbfgs,114.13813212312006,Y,Y,Y,N,N,256.0,0.0,stationary,ok,transition_boundary,
"ARX(2,1)_normal_r3_arY_spfN_nuN",16,bfgs,116.77154425412084,Y,Y,Y,Y,Y,,0.0,stationary,ok,ok,
"ARX(2,1)_normal_r3_arY_spfN_nuN",17,lbfgs,115.09379711204215,Y,Y,Y,Y,Y,287.0,0.0,stationary,ok,ok,
"ARX(2,1)_normal_r3_arY_spfN_nuN",18,bfgs,119.14989126361748,Y,Y,Y,Y,Y,,0.0,stationary,ok,ok,
"ARX(2,1)_normal_r3_arY_spfN_nuN",19,lbfgs,115.10320347825908,Y,Y,Y,Y,Y,194.0,0.0,stationary,ok,ok,
"ARX(2,1)_normal_r3_arY_spfN_nuN",20,bfgs,116.7715442835139,Y,Y,Y,Y,Y,,0.0,stationary,ok,ok,
"ARX(2,1)_normal_r3_arY_spfN_nuN",21,lbfgs,115.09051966620353,Y,Y,Y,Y,Y,276.0,0.0,stationary,ok,ok,
"ARX(2,1)_normal_r3_arY_spfN_nuN",22,bfgs,116.77154427897307,Y,Y,Y,Y,Y,,0.0,stationary,ok,ok,
"ARX(2,1)_normal_r3_arY_spfN_nuN",23,lbfgs,115.1037480772386,Y,Y,Y,Y,Y,284.0,0.0,stationary,ok,ok,
"ARX(2,1)_normal_r3_arY_spfN_nuN",24,bfgs,119.14989124526072,Y,Y,Y,Y,Y,,0.0,stationary,ok,ok,
"ARX(2,1)_normal_r3_arY_spfN_nuN",25,lbfgs,,N,N,N,N,N,,,fit_failed,fit_failed,fit_failed,Could not untransform parameters.
"ARX(2,1)_normal_r3_arY_spfN_nuN",26,bfgs,109.94695864167531,Y,Y,Y,N,N,,0.0,stationary,ok,transition_boundary,
"ARX(2,1)_normal_r3_arY_spfN_nuN",27,lbfgs,114.13818588078632,Y,Y,Y,N,N,312.0,0.0,stationary,ok,transition_boundary,
"ARX(2,1)_normal_r3_arY_spfN_nuN",28,bfgs,108.18427751033056,Y,Y,N,N,N,,0.0,stationary,sigma2[0]_boundary,transition_boundary,
"ARX(2,1)_normal_r3_arY_spfN_nuN",29,lbfgs,115.10609390288477,Y,Y,Y,Y,Y,195.0,0.0,stationary,ok,ok,
"ARX(2,1)_normal_r3_arY_spfN_nuN",30,bfgs,116.77154428781722,Y,Y,Y,Y,Y,,0.0,stationary,ok,ok,
"ARX(2,1)_normal_r3_arY_spfN_nuN",31,lbfgs,115.10514608454963,Y,Y,Y,Y,Y,181.0,0.0,stationary,ok,ok,
"ARX(2,1)_normal_r3_arY_spfN_nuN",32,bfgs,106.239386970469,Y,N,Y,N,N,,0.0,regime_0_ar2_nonstationary,ok,transition_boundary,
"ARX(2,1)_normal_r3_arY_spfN_nuN",33,lbfgs,115.08170223557862,Y,Y,Y,Y,Y,236.0,0.0,stationary,ok,ok,
"ARX(2,1)_normal_r3_arY_spfN_nuN",34,bfgs,119.14988815082435,Y,Y,Y,Y,Y,,0.0,stationary,ok,ok,
"ARX(2,1)_normal_r3_arY_spfN_nuN",35,lbfgs,114.13823624198793,Y,Y,Y,N,N,312.0,0.0,stationary,ok,transition_boundary,
"ARX(2,1)_normal_r3_arY_spfN_nuN",36,bfgs,119.14989126256316,Y,Y,Y,Y,Y,,0.0,stationary,ok,ok,
"ARX(2,1)_normal_r3_arY_spfN_nuN",37,lbfgs,119.14974592993352,Y,Y,Y,Y,Y,684.0,0.0,stationary,ok,ok,
"ARX(2,1)_normal_r3_arY_spfN_nuN",38,bfgs,119.1498912627556,Y,Y,Y,Y,Y,,0.0,stationary,ok,ok,
"ARX(2,1)_normal_r3_arY_spfN_nuN",39,lbfgs,119.1496531564722,Y,Y,Y,Y,Y,673.0,0.0,stationary,ok,ok,
"ARX(2,1)_normal_r3_arY_spfN_nuN",40,bfgs,116.77154428872888,Y,Y,Y,Y,Y,,0.0,stationary,ok,ok,
"ARX(2,1)_normal_r3_arY_spfN_nuN",41,lbfgs,115.09722590315991,Y,Y,Y,Y,Y,235.0,0.0,stationary,ok,ok,
"ARX(2,1)_normal_r3_arY_spfN_nuN",42,bfgs,116.7715442836838,Y,Y,Y,Y,Y,,0.0,stationary,ok,ok,
"ARX(2,1)_normal_r3_arY_spfN_nuN",43,lbfgs,119.14956375812412,Y,Y,Y,Y,Y,615.0,0.0,stationary,ok,ok,
"ARX(2,1)_normal_r3_arY_spfN_nuN",44,bfgs,114.13825598207237,Y,Y,Y,N,N,,0.0,stationary,ok,transition_boundary,
"ARX(2,1)_normal_r3_arY_spfN_nuN",45,lbfgs,115.1039856069818,Y,Y,Y,Y,Y,195.0,0.0,stationary,ok,ok,
"ARX(2,1)_normal_r3_arY_spfN_nuN",46,bfgs,114.13826205590253,Y,Y,Y,N,N,,0.0,stationary,ok,transition_boundary,
"ARX(2,1)_normal_r3_arY_spfN_nuN",47,lbfgs,116.77008592179949,Y,Y,Y,Y,Y,696.0,0.0,stationary,ok,ok,
"ARX(2,1)_normal_r3_arY_spfN_nuN",48,bfgs,119.14989126307253,Y,Y,Y,Y,Y,,0.0,stationary,ok,ok,
"ARX(2,1)_normal_r3_arY_spfN_nuN",49,lbfgs,119.14981483483638,Y,Y,Y,Y,Y,731.0,0.0,stationary,ok,ok,
"ARX(2,1)_normal_r3_arY_spfN_nuN",50,bfgs,119.14989126229199,Y,Y,Y,Y,Y,,0.0,stationary,ok,ok,
"ARX(2,2)_normal_r2_arN_spfN_nuN",1,lbfgs,92.01157154681778,Y,Y,Y,Y,Y,93.0,0.0,stationary,ok,ok,
"ARX(2,2)_normal_r2_arN_spfN_nuN",2,bfgs,92.01157682163509,Y,Y,Y,Y,Y,,0.0,stationary,ok,ok,
"ARX(2,2)_normal_r2_arN_spfN_nuN",3,lbfgs,92.01157552601768,Y,Y,Y,Y,Y,67.0,0.0,stationary,ok,ok,
"ARX(2,2)_normal_r2_arN_spfN_nuN",4,bfgs,92.01157698547979,Y,Y,Y,Y,Y,,0.0,stationary,ok,ok,
"ARX(2,2)_normal_r2_arN_spfN_nuN",5,lbfgs,92.0115695511827,Y,Y,Y,Y,Y,65.0,0.0,stationary,ok,ok,
"ARX(2,2)_normal_r2_arN_spfN_nuN",6,bfgs,92.01157698547934,Y,Y,Y,Y,Y,,0.0,stationary,ok,ok,
"ARX(2,2)_normal_r2_arN_spfN_nuN",7,lbfgs,92.01156701798962,Y,Y,Y,Y,Y,62.0,0.0,stationary,ok,ok,
"ARX(2,2)_normal_r2_arN_spfN_nuN",8,bfgs,92.01157682501032,Y,Y,Y,Y,Y,,0.0,stationary,ok,ok,
"ARX(2,2)_normal_r2_arN_spfN_nuN",9,lbfgs,92.01157056375509,Y,Y,Y,Y,Y,86.0,0.0,stationary,ok,ok,
"ARX(2,2)_normal_r2_arN_spfN_nuN",10,bfgs,92.01157682270025,Y,Y,Y,Y,Y,,0.0,stationary,ok,ok,
"ARX(2,2)_normal_r2_arN_spfN_nuN",11,lbfgs,92.01157645274174,Y,Y,Y,Y,Y,97.0,0.0,stationary,ok,ok,
"ARX(2,2)_normal_r2_arN_spfN_nuN",12,bfgs,92.01157698548364,Y,Y,Y,Y,Y,,0.0,stationary,ok,ok,
"ARX(2,2)_normal_r2_arN_spfN_nuN",13,lbfgs,92.01157563611926,Y,Y,Y,Y,Y,64.0,0.0,stationary,ok,ok,
"ARX(2,2)_normal_r2_arN_spfN_nuN",14,bfgs,92.01157682039394,Y,Y,Y,Y,Y,,0.0,stationary,ok,ok,
"ARX(2,2)_normal_r2_arN_spfN_nuN",15,lbfgs,92.01157358239786,Y,Y,Y,Y,Y,69.0,0.0,stationary,ok,ok,
"ARX(2,2)_normal_r2_arN_spfN_nuN",16,bfgs,92.01157682311045,Y,Y,Y,Y,Y,,0.0,stationary,ok,ok,
"ARX(2,2)_normal_r2_arN_spfN_nuN",17,lbfgs,92.01156650024785,Y,Y,Y,Y,Y,67.0,0.0,stationary,ok,ok,
"ARX(2,2)_normal_r2_arN_spfN_nuN",18,bfgs,92.01157698548421,Y,Y,Y,Y,Y,,0.0,stationary,ok,ok,
"ARX(2,2)_normal_r2_arN_spfN_nuN",19,lbfgs,92.01157586883141,Y,Y,Y,Y,Y,71.0,0.0,stationary,ok,ok,
"ARX(2,2)_normal_r2_arN_spfN_nuN",20,bfgs,92.01157698548482,Y,Y,Y,Y,Y,,0.0,stationary,ok,ok,
"ARX(2,2)_normal_r2_arN_spfN_nuN",21,lbfgs,92.01157687937933,Y,Y,Y,Y,Y,59.0,0.0,stationary,ok,ok,
"ARX(2,2)_normal_r2_arN_spfN_nuN",22,bfgs,92.01157682256141,Y,Y,Y,Y,Y,,0.0,stationary,ok,ok,
"ARX(2,2)_normal_r2_arN_spfN_nuN",23,lbfgs,92.01157684909379,Y,Y,Y,Y,Y,65.0,0.0,stationary,ok,ok,
"ARX(2,2)_normal_r2_arN_spfN_nuN",24,bfgs,92.01157681507057,Y,Y,Y,Y,Y,,0.0,stationary,ok,ok,
"ARX(2,2)_normal_r2_arN_spfN_nuN",25,lbfgs,92.0109887552965,Y,Y,Y,Y,Y,36.0,0.0,stationary,ok,ok,
"ARX(2,2)_normal_r2_arN_spfN_nuN",26,bfgs,92.01157698548437,Y,Y,Y,Y,Y,,0.0,stationary,ok,ok,
"ARX(2,2)_normal_r2_arN_spfN_nuN",27,lbfgs,92.0115732729592,Y,Y,Y,Y,Y,56.0,0.0,stationary,ok,ok,
"ARX(2,2)_normal_r2_arN_spfN_nuN",28,bfgs,92.01157682185128,Y,Y,Y,Y,Y,,0.0,stationary,ok,ok,
"ARX(2,2)_normal_r2_arN_spfN_nuN",29,lbfgs,92.01155734011994,Y,Y,Y,Y,Y,57.0,0.0,stationary,ok,ok,
"ARX(2,2)_normal_r2_arN_spfN_nuN",30,bfgs,92.01157681898083,Y,Y,Y,Y,Y,,0.0,stationary,ok,ok,
"ARX(2,2)_normal_r2_arN_spfN_nuN",31,lbfgs,92.01157449313473,Y,Y,Y,Y,Y,82.0,0.0,stationary,ok,ok,
"ARX(2,2)_normal_r2_arN_spfN_nuN",32,bfgs,92.01157681905714,Y,Y,Y,Y,Y,,0.0,stationary,ok,ok,
"ARX(2,2)_normal_r2_arN_spfN_nuN",33,lbfgs,92.01157458477147,Y,Y,Y,Y,Y,82.0,0.0,stationary,ok,ok,
"ARX(2,2)_normal_r2_arN_spfN_nuN",34,bfgs,92.01157682194626,Y,Y,Y,Y,Y,,0.0,stationary,ok,ok,
"ARX(2,2)_normal_r2_arN_spfN_nuN",35,lbfgs,92.01102675761618,Y,Y,Y,Y,Y,39.0,0.0,stationary,ok,ok,
"ARX(2,2)_normal_r2_arN_spfN_nuN",36,bfgs,92.0115768212723,Y,Y,Y,Y,Y,,0.0,stationary,ok,ok,
"ARX(2,2)_normal_r2_arN_spfN_nuN",37,lbfgs,92.01099973164952,Y,Y,Y,Y,Y,37.0,0.0,stationary,ok,ok,
"ARX(2,2)_normal_r2_arN_spfN_nuN",38,bfgs,92.01157682192742,Y,Y,Y,Y,Y,,0.0,stationary,ok,ok,
"ARX(2,2)_normal_r2_arN_spfN_nuN",39,lbfgs,92.01157258764783,Y,Y,Y,Y,Y,65.0,0.0,stationary,ok,ok,
"ARX(2,2)_normal_r2_arN_spfN_nuN",40,bfgs,92.01157698548023,Y,Y,Y,Y,Y,,0.0,stationary,ok,ok,
"ARX(2,2)_normal_r2_arN_spfN_nuN",41,lbfgs,92.01157655528304,Y,Y,Y,Y,Y,66.0,0.0,stationary,ok,ok,
"ARX(2,2)_normal_r2_arN_spfN_nuN",42,bfgs,92.01157698548643,Y,Y,Y,Y,Y,,0.0,stationary,ok,ok,
"ARX(2,2)_normal_r2_arN_spfN_nuN",43,lbfgs,92.01157536216793,Y,Y,Y,Y,Y,81.0,0.0,stationary,ok,ok,
"ARX(2,2)_normal_r2_arN_spfN_nuN",44,bfgs,92.01157681537377,Y,Y,Y,Y,Y,,0.0,stationary,ok,ok,
"ARX(2,2)_normal_r2_arN_spfN_nuN",45,lbfgs,92.01157220337302,Y,Y,Y,Y,Y,69.0,0.0,stationary,ok,ok,
"ARX(2,2)_normal_r2_arN_spfN_nuN",46,bfgs,92.01157682042724,Y,Y,Y,Y,Y,,0.0,stationary,ok,ok,
"ARX(2,2)_normal_r2_arN_spfN_nuN",47,lbfgs,92.01154431641828,Y,Y,Y,Y,Y,66.0,0.0,stationary,ok,ok,
"ARX(2,2)_normal_r2_arN_spfN_nuN",48,bfgs,92.01157682385895,Y,Y,Y,Y,Y,,0.0,stationary,ok,ok,
"ARX(2,2)_normal_r2_arN_spfN_nuN",49,lbfgs,92.01157504084142,Y,Y,Y,Y,Y,77.0,0.0,stationary,ok,ok,
"ARX(2,2)_normal_r2_arN_spfN_nuN",50,bfgs,92.01157682181574,Y,Y,Y,Y,Y,,0.0,stationary,ok,ok,
"ARX(2,2)_normal_r2_arY_spfN_nuN",1,lbfgs,94.24966890800368,Y,Y,Y,Y,Y,103.0,0.0,stationary,ok,ok,
"ARX(2,2)_normal_r2_arY_spfN_nuN",2,bfgs,94.2496791361082,Y,Y,Y,Y,Y,,0.0,stationary,ok,ok,
"ARX(2,2)_normal_r2_arY_spfN_nuN",3,lbfgs,94.24966527085749,Y,Y,Y,Y,Y,95.0,0.0,stationary,ok,ok,
"ARX(2,2)_normal_r2_arY_spfN_nuN",4,bfgs,94.24967913797781,Y,Y,Y,Y,Y,,0.0,stationary,ok,ok,
"ARX(2,2)_normal_r2_arY_spfN_nuN",5,lbfgs,94.24964147012518,Y,Y,Y,Y,Y,119.0,0.0,stationary,ok,ok,
"ARX(2,2)_normal_r2_arY_spfN_nuN",6,bfgs,94.24967879874244,Y,Y,Y,Y,Y,,0.0,stationary,ok,ok,
"ARX(2,2)_normal_r2_arY_spfN_nuN",7,lbfgs,94.24967784306676,Y,Y,Y,Y,Y,92.0,0.0,stationary,ok,ok,
"ARX(2,2)_normal_r2_arY_spfN_nuN",8,bfgs,94.24967913652578,Y,Y,Y,Y,Y,,0.0,stationary,ok,ok,
"ARX(2,2)_normal_r2_arY_spfN_nuN",9,lbfgs,94.24967375395417,Y,Y,Y,Y,Y,125.0,0.0,stationary,ok,ok,
"ARX(2,2)_normal_r2_arY_spfN_nuN",10,bfgs,94.24967913759593,Y,Y,Y,Y,Y,,0.0,stationary,ok,ok,
"ARX(2,2)_normal_r2_arY_spfN_nuN",11,lbfgs,94.24965661871983,Y,Y,Y,Y,Y,93.0,0.0,stationary,ok,ok,
"ARX(2,2)_normal_r2_arY_spfN_nuN",12,bfgs,94.24967915950441,Y,Y,Y,Y,Y,,0.0,stationary,ok,ok,
"ARX(2,2)_normal_r2_arY_spfN_nuN",13,lbfgs,94.2496766750382,Y,Y,Y,Y,Y,106.0,0.0,stationary,ok,ok,
"ARX(2,2)_normal_r2_arY_spfN_nuN",14,bfgs,94.24967914338983,Y,Y,Y,Y,Y,,0.0,stationary,ok,ok,
"ARX(2,2)_normal_r2_arY_spfN_nuN",15,lbfgs,94.24962831140549,Y,Y,Y,Y,Y,118.0,0.0,stationary,ok,ok,
"ARX(2,2)_normal_r2_arY_spfN_nuN",16,bfgs,94.2496791898759,Y,Y,Y,Y,Y,,0.0,stationary,ok,ok,
"ARX(2,2)_normal_r2_arY_spfN_nuN",17,lbfgs,94.24967375479548,Y,Y,Y,Y,Y,114.0,0.0,stationary,ok,ok,
"ARX(2,2)_normal_r2_arY_spfN_nuN",18,bfgs,94.24967914344755,Y,Y,Y,Y,Y,,0.0,stationary,ok,ok,
"ARX(2,2)_normal_r2_arY_spfN_nuN",19,lbfgs,94.2496723606669,Y,Y,Y,Y,Y,117.0,0.0,stationary,ok,ok,
"ARX(2,2)_normal_r2_arY_spfN_nuN",20,bfgs,94.24967919687174,Y,Y,Y,Y,Y,,0.0,stationary,ok,ok,
"ARX(2,2)_normal_r2_arY_spfN_nuN",21,lbfgs,94.24967245197058,Y,Y,Y,Y,Y,88.0,0.0,stationary,ok,ok,
"ARX(2,2)_normal_r2_arY_spfN_nuN",22,bfgs,94.24967913846118,Y,Y,Y,Y,Y,,0.0,stationary,ok,ok,
"ARX(2,2)_normal_r2_arY_spfN_nuN",23,lbfgs,94.24965650871465,Y,Y,Y,Y,Y,86.0,0.0,stationary,ok,ok,
"ARX(2,2)_normal_r2_arY_spfN_nuN",24,bfgs,94.2496790282147,Y,Y,Y,Y,Y,,0.0,stationary,ok,ok,
"ARX(2,2)_normal_r2_arY_spfN_nuN",25,lbfgs,94.24966087849289,Y,Y,Y,Y,Y,115.0,0.0,stationary,ok,ok,
"ARX(2,2)_normal_r2_arY_spfN_nuN",26,bfgs,94.249679192976,Y,Y,Y,Y,Y,,0.0,stationary,ok,ok,
"ARX(2,2)_normal_r2_arY_spfN_nuN",27,lbfgs,94.24959339870088,Y,Y,Y,Y,Y,108.0,0.0,stationary,ok,ok,
"ARX(2,2)_normal_r2_arY_spfN_nuN",28,bfgs,94.24967913623234,Y,Y,Y,Y,Y,,0.0,stationary,ok,ok,
"ARX(2,2)_normal_r2_arY_spfN_nuN",29,lbfgs,94.2496732658251,Y,Y,Y,Y,Y,109.0,0.0,stationary,ok,ok,
"ARX(2,2)_normal_r2_arY_spfN_nuN",30,bfgs,94.24967913697405,Y,Y,Y,Y,Y,,0.0,stationary,ok,ok,
"ARX(2,2)_normal_r2_arY_spfN_nuN",31,lbfgs,94.24967318750748,Y,Y,Y,Y,Y,117.0,0.0,stationary,ok,ok,
"ARX(2,2)_normal_r2_arY_spfN_nuN",32,bfgs,94.2496791435629,Y,Y,Y,Y,Y,,0.0,stationary,ok,ok,
"ARX(2,2)_normal_r2_arY_spfN_nuN",33,lbfgs,94.24967866703803,Y,Y,Y,Y,Y,114.0,0.0,stationary,ok,ok,
"ARX(2,2)_normal_r2_arY_spfN_nuN",34,bfgs,94.24967913489434,Y,Y,Y,Y,Y,,0.0,stationary,ok,ok,
"ARX(2,2)_normal_r2_arY_spfN_nuN",35,lbfgs,94.24965169791616,Y,Y,Y,Y,Y,102.0,0.0,stationary,ok,ok,
"ARX(2,2)_normal_r2_arY_spfN_nuN",36,bfgs,94.24967914442183,Y,Y,Y,Y,Y,,0.0,stationary,ok,ok,
"ARX(2,2)_normal_r2_arY_spfN_nuN",37,lbfgs,94.24965628140342,Y,Y,Y,Y,Y,123.0,0.0,stationary,ok,ok,
"ARX(2,2)_normal_r2_arY_spfN_nuN",38,bfgs,94.24967913449717,Y,Y,Y,Y,Y,,0.0,stationary,ok,ok,
"ARX(2,2)_normal_r2_arY_spfN_nuN",39,lbfgs,94.24967712475201,Y,Y,Y,Y,Y,128.0,0.0,stationary,ok,ok,
"ARX(2,2)_normal_r2_arY_spfN_nuN",40,bfgs,94.24967900821726,Y,Y,Y,Y,Y,,0.0,stationary,ok,ok,
"ARX(2,2)_normal_r2_arY_spfN_nuN",41,lbfgs,94.24961180996844,Y,Y,Y,Y,Y,128.0,0.0,stationary,ok,ok,
"ARX(2,2)_normal_r2_arY_spfN_nuN",42,bfgs,94.24967913787145,Y,Y,Y,Y,Y,,0.0,stationary,ok,ok,
"ARX(2,2)_normal_r2_arY_spfN_nuN",43,lbfgs,94.24967420553395,Y,Y,Y,Y,Y,96.0,0.0,stationary,ok,ok,
"ARX(2,2)_normal_r2_arY_spfN_nuN",44,bfgs,94.24967913796877,Y,Y,Y,Y,Y,,0.0,stationary,ok,ok,
"ARX(2,2)_normal_r2_arY_spfN_nuN",45,lbfgs,94.24966953899819,Y,Y,Y,Y,Y,95.0,0.0,stationary,ok,ok,
"ARX(2,2)_normal_r2_arY_spfN_nuN",46,bfgs,94.24967914351262,Y,Y,Y,Y,Y,,0.0,stationary,ok,ok,
"ARX(2,2)_normal_r2_arY_spfN_nuN",47,lbfgs,94.24967175657052,Y,Y,Y,Y,Y,132.0,0.0,stationary,ok,ok,
"ARX(2,2)_normal_r2_arY_spfN_nuN",48,bfgs,94.2496791369095,Y,Y,Y,Y,Y,,0.0,stationary,ok,ok,
"ARX(2,2)_normal_r2_arY_spfN_nuN",49,lbfgs,94.24963274706877,Y,Y,Y,Y,Y,107.0,0.0,stationary,ok,ok,
"ARX(2,2)_normal_r2_arY_spfN_nuN",50,bfgs,94.2496787628507,Y,Y,Y,Y,Y,,0.0,stationary,ok,ok,
"ARX(2,2)_normal_r2_arY_spfY_nuN",1,lbfgs,95.08040636314243,Y,Y,Y,Y,Y,23.0,0.0,stationary,ok,ok,
"ARX(2,2)_normal_r2_arY_spfY_nuN",2,bfgs,95.08067152995169,Y,Y,Y,Y,Y,,0.0,stationary,ok,ok,
"ARX(2,2)_normal_r2_arY_spfY_nuN",3,lbfgs,95.0806339635315,Y,Y,Y,Y,Y,40.0,0.0,stationary,ok,ok,
"ARX(2,2)_normal_r2_arY_spfY_nuN",4,bfgs,35.571883631481825,Y,Y,Y,Y,Y,,0.0,stationary,ok,ok,
"ARX(2,2)_normal_r2_arY_spfY_nuN",5,lbfgs,95.080532067471,Y,Y,Y,Y,Y,34.0,0.0,stationary,ok,ok,
"ARX(2,2)_normal_r2_arY_spfY_nuN",6,bfgs,95.08067151181724,Y,Y,Y,Y,Y,,0.0,stationary,ok,ok,
"ARX(2,2)_normal_r2_arY_spfY_nuN",7,lbfgs,95.08053921805384,Y,Y,Y,Y,Y,73.0,0.0,stationary,ok,ok,
"ARX(2,2)_normal_r2_arY_spfY_nuN",8,bfgs,169.86719825310894,N,Y,N,Y,N,,2.0,stationary,sigma2[0]_boundary,ok,
"ARX(2,2)_normal_r2_arY_spfY_nuN",9,lbfgs,95.08060684610635,Y,Y,Y,Y,Y,67.0,0.0,stationary,ok,ok,
"ARX(2,2)_normal_r2_arY_spfY_nuN",10,bfgs,95.08067153134584,Y,Y,Y,Y,Y,,0.0,stationary,ok,ok,
"ARX(2,2)_normal_r2_arY_spfY_nuN",11,lbfgs,95.0805746969888,Y,Y,Y,Y,Y,203.0,0.0,stationary,ok,ok,
"ARX(2,2)_normal_r2_arY_spfY_nuN",12,bfgs,95.08066919088219,Y,Y,Y,Y,Y,,0.0,stationary,ok,ok,
"ARX(2,2)_normal_r2_arY_spfY_nuN",13,lbfgs,95.08065494159524,Y,Y,Y,Y,Y,51.0,0.0,stationary,ok,ok,
"ARX(2,2)_normal_r2_arY_spfY_nuN",14,bfgs,95.08067025275686,Y,Y,Y,Y,Y,,0.0,stationary,ok,ok,
"ARX(2,2)_normal_r2_arY_spfY_nuN",15,lbfgs,95.08065289138203,Y,Y,Y,Y,Y,47.0,0.0,stationary,ok,ok,
"ARX(2,2)_normal_r2_arY_spfY_nuN",16,bfgs,163.42604229252578,N,Y,N,Y,N,,2.0,stationary,sigma2[0]_boundary,ok,
"ARX(2,2)_normal_r2_arY_spfY_nuN",17,lbfgs,95.08065787539675,Y,Y,Y,Y,Y,57.0,0.0,stationary,ok,ok,
"ARX(2,2)_normal_r2_arY_spfY_nuN",18,bfgs,35.57188360221083,Y,Y,Y,Y,Y,,0.0,stationary,ok,ok,
"ARX(2,2)_normal_r2_arY_spfY_nuN",19,lbfgs,18.23731275492074,Y,Y,Y,Y,Y,0.0,0.0,stationary,ok,ok,
"ARX(2,2)_normal_r2_arY_spfY_nuN",20,bfgs,95.08066347175789,Y,Y,Y,Y,Y,,0.0,stationary,ok,ok,
"ARX(2,2)_normal_r2_arY_spfY_nuN",21,lbfgs,95.08059775083174,Y,Y,Y,Y,Y,33.0,0.0,stationary,ok,ok,
"ARX(2,2)_normal_r2_arY_spfY_nuN",22,bfgs,95.08066678676386,Y,Y,Y,Y,Y,,0.0,stationary,ok,ok,
"ARX(2,2)_normal_r2_arY_spfY_nuN",23,lbfgs,95.0806391124292,Y,Y,Y,Y,Y,48.0,0.0,stationary,ok,ok,
"ARX(2,2)_normal_r2_arY_spfY_nuN",24,bfgs,95.08067066301226,Y,Y,Y,Y,Y,,0.0,stationary,ok,ok,
"ARX(2,2)_normal_r2_arY_spfY_nuN",25,lbfgs,95.08061997008173,Y,Y,Y,Y,Y,52.0,0.0,stationary,ok,ok,
"ARX(2,2)_normal_r2_arY_spfY_nuN",26,bfgs,95.08067152612547,Y,Y,Y,Y,Y,,0.0,stationary,ok,ok,
"ARX(2,2)_normal_r2_arY_spfY_nuN",27,lbfgs,95.08063540502546,Y,Y,Y,Y,Y,66.0,0.0,stationary,ok,ok,
"ARX(2,2)_normal_r2_arY_spfY_nuN",28,bfgs,95.08065020471207,Y,Y,Y,Y,Y,,0.0,stationary,ok,ok,
"ARX(2,2)_normal_r2_arY_spfY_nuN",29,lbfgs,95.08060349590635,Y,Y,Y,Y,Y,46.0,0.0,stationary,ok,ok,
"ARX(2,2)_normal_r2_arY_spfY_nuN",30,bfgs,24.511965692813092,Y,Y,N,Y,N,,0.0,stationary,sigma2[0]_boundary,ok,
"ARX(2,2)_normal_r2_arY_spfY_nuN",31,lbfgs,95.08062438019897,Y,Y,Y,Y,Y,35.0,0.0,stationary,ok,ok,
"ARX(2,2)_normal_r2_arY_spfY_nuN",32,bfgs,95.08066286879252,Y,Y,Y,Y,Y,,0.0,stationary,ok,ok,
"ARX(2,2)_normal_r2_arY_spfY_nuN",33,lbfgs,95.08056926328652,Y,Y,Y,Y,Y,65.0,0.0,stationary,ok,ok,
"ARX(2,2)_normal_r2_arY_spfY_nuN",34,bfgs,14.33568619901025,Y,Y,N,Y,N,,0.0,stationary,sigma2[0]_boundary,ok,
"ARX(2,2)_normal_r2_arY_spfY_nuN",35,lbfgs,35.57185923827915,Y,Y,Y,Y,Y,1.0,0.0,stationary,ok,ok,
"ARX(2,2)_normal_r2_arY_spfY_nuN",36,bfgs,95.08066940249275,Y,Y,Y,Y,Y,,0.0,stationary,ok,ok,
"ARX(2,2)_normal_r2_arY_spfY_nuN",37,lbfgs,95.08065987925954,Y,Y,Y,Y,Y,50.0,0.0,stationary,ok,ok,
"ARX(2,2)_normal_r2_arY_spfY_nuN",38,bfgs,95.08066765023057,Y,Y,Y,Y,Y,,0.0,stationary,ok,ok,
"ARX(2,2)_normal_r2_arY_spfY_nuN",39,lbfgs,95.08052877958386,Y,Y,Y,Y,Y,38.0,0.0,stationary,ok,ok,
"ARX(2,2)_normal_r2_arY_spfY_nuN",40,bfgs,95.0806627215741,Y,Y,Y,Y,Y,,0.0,stationary,ok,ok,
"ARX(2,2)_normal_r2_arY_spfY_nuN",41,lbfgs,95.08064556313437,Y,Y,Y,Y,Y,40.0,0.0,stationary,ok,ok,
"ARX(2,2)_normal_r2_arY_spfY_nuN",42,bfgs,95.08066313412013,Y,Y,Y,Y,Y,,0.0,stationary,ok,ok,
"ARX(2,2)_normal_r2_arY_spfY_nuN",43,lbfgs,35.57186915631109,Y,Y,Y,Y,Y,1.0,0.0,stationary,ok,ok,
"ARX(2,2)_normal_r2_arY_spfY_nuN",44,bfgs,95.08065253311578,Y,Y,Y,Y,Y,,0.0,stationary,ok,ok,
"ARX(2,2)_normal_r2_arY_spfY_nuN",45,lbfgs,95.08062131599092,Y,Y,Y,Y,Y,62.0,0.0,stationary,ok,ok,
"ARX(2,2)_normal_r2_arY_spfY_nuN",46,bfgs,14.268847694968365,Y,Y,Y,Y,Y,,0.0,stationary,ok,ok,
"ARX(2,2)_normal_r2_arY_spfY_nuN",47,lbfgs,95.08060317943531,Y,Y,Y,Y,Y,33.0,0.0,stationary,ok,ok,
"ARX(2,2)_normal_r2_arY_spfY_nuN",48,bfgs,95.0806528086755,Y,Y,Y,Y,Y,,0.0,stationary,ok,ok,
"ARX(2,2)_normal_r2_arY_spfY_nuN",49,lbfgs,95.0805586685784,Y,Y,Y,Y,Y,45.0,0.0,stationary,ok,ok,
"ARX(2,2)_normal_r2_arY_spfY_nuN",50,bfgs,18.940948011466418,Y,Y,Y,Y,Y,,0.0,stationary,ok,ok,
"ARX(2,2)_normal_r3_arN_spfN_nuN",1,lbfgs,102.95089615782683,Y,Y,Y,N,N,643.0,0.0,stationary,ok,transition_boundary,
"ARX(2,2)_normal_r3_arN_spfN_nuN",2,bfgs,102.95182889253685,Y,Y,Y,N,N,,0.0,stationary,ok,transition_boundary,
"ARX(2,2)_normal_r3_arN_spfN_nuN",3,lbfgs,102.95158056020335,Y,Y,Y,N,N,403.0,0.0,stationary,ok,transition_boundary,
"ARX(2,2)_normal_r3_arN_spfN_nuN",4,bfgs,102.951802961028,Y,Y,Y,N,N,,0.0,stationary,ok,transition_boundary,
"ARX(2,2)_normal_r3_arN_spfN_nuN",5,lbfgs,102.95030345732252,Y,Y,Y,N,N,751.0,0.0,stationary,ok,transition_boundary,
"ARX(2,2)_normal_r3_arN_spfN_nuN",6,bfgs,102.95176226956848,Y,Y,Y,N,N,,0.0,stationary,ok,transition_boundary,
"ARX(2,2)_normal_r3_arN_spfN_nuN",7,lbfgs,102.94976470476816,Y,Y,Y,N,N,536.0,0.0,stationary,ok,transition_boundary,
"ARX(2,2)_normal_r3_arN_spfN_nuN",8,bfgs,102.95183406701167,Y,Y,Y,N,N,,0.0,stationary,ok,transition_boundary,
"ARX(2,2)_normal_r3_arN_spfN_nuN",9,lbfgs,92.02350982926116,Y,Y,Y,Y,Y,44.0,0.0,stationary,ok,ok,
"ARX(2,2)_normal_r3_arN_spfN_nuN",10,bfgs,102.95183456520601,Y,Y,Y,N,N,,0.0,stationary,ok,transition_boundary,
"ARX(2,2)_normal_r3_arN_spfN_nuN",11,lbfgs,102.9307959447482,Y,Y,Y,N,N,598.0,0.0,stationary,ok,transition_boundary,
"ARX(2,2)_normal_r3_arN_spfN_nuN",12,bfgs,102.95182638692391,Y,Y,Y,N,N,,0.0,stationary,ok,transition_boundary,
"ARX(2,2)_normal_r3_arN_spfN_nuN",13,lbfgs,102.95155908640854,Y,Y,Y,N,N,489.0,0.0,stationary,ok,transition_boundary,
"ARX(2,2)_normal_r3_arN_spfN_nuN",14,bfgs,102.9518294317434,Y,Y,Y,N,N,,0.0,stationary,ok,transition_boundary,
"ARX(2,2)_normal_r3_arN_spfN_nuN",15,lbfgs,92.01219150006924,Y,Y,Y,Y,Y,49.0,0.0,stationary,ok,ok,
"ARX(2,2)_normal_r3_arN_spfN_nuN",16,bfgs,102.95182777317628,Y,Y,Y,N,N,,0.0,stationary,ok,transition_boundary,
"ARX(2,2)_normal_r3_arN_spfN_nuN",17,lbfgs,102.95085158087274,Y,Y,Y,N,N,634.0,0.0,stationary,ok,transition_boundary,
"ARX(2,2)_normal_r3_arN_spfN_nuN",18,bfgs,102.95181600523706,Y,Y,Y,N,N,,0.0,stationary,ok,transition_boundary,
"ARX(2,2)_normal_r3_arN_spfN_nuN",19,lbfgs,92.01265265192977,Y,Y,Y,Y,Y,74.0,0.0,stationary,ok,ok,
"ARX(2,2)_normal_r3_arN_spfN_nuN",20,bfgs,102.95174964236935,Y,Y,Y,N,N,,0.0,stationary,ok,transition_boundary,
"ARX(2,2)_normal_r3_arN_spfN_nuN",21,lbfgs,102.95047616941488,Y,Y,Y,N,N,540.0,0.0,stationary,ok,transition_boundary,
"ARX(2,2)_normal_r3_arN_spfN_nuN",22,bfgs,102.9518315040518,Y,Y,Y,N,N,,0.0,stationary,ok,transition_boundary,
"ARX(2,2)_normal_r3_arN_spfN_nuN",23,lbfgs,102.9505485639417,Y,Y,Y,N,N,601.0,0.0,stationary,ok,transition_boundary,
"ARX(2,2)_normal_r3_arN_spfN_nuN",24,bfgs,102.95182623124248,Y,Y,Y,N,N,,0.0,stationary,ok,transition_boundary,
"ARX(2,2)_normal_r3_arN_spfN_nuN",25,lbfgs,102.92790168321744,Y,Y,Y,Y,Y,979.0,0.0,stationary,ok,ok,
"ARX(2,2)_normal_r3_arN_spfN_nuN",26,bfgs,102.95182207875546,Y,Y,Y,N,N,,0.0,stationary,ok,transition_boundary,
"ARX(2,2)_normal_r3_arN_spfN_nuN",27,lbfgs,102.95163289426976,Y,Y,Y,N,N,604.0,0.0,stationary,ok,transition_boundary,
"ARX(2,2)_normal_r3_arN_spfN_nuN",28,bfgs,102.9518331338777,Y,Y,Y,N,N,,0.0,stationary,ok,transition_boundary,
"ARX(2,2)_normal_r3_arN_spfN_nuN",29,lbfgs,92.01354257650821,Y,Y,Y,Y,Y,72.0,0.0,stationary,ok,ok,
"ARX(2,2)_normal_r3_arN_spfN_nuN",30,bfgs,102.95180706863934,Y,Y,Y,N,N,,0.0,stationary,ok,transition_boundary,
"ARX(2,2)_normal_r3_arN_spfN_nuN",31,lbfgs,102.95129915609948,Y,Y,Y,N,N,930.0,0.0,stationary,ok,transition_boundary,
"ARX(2,2)_normal_r3_arN_spfN_nuN",32,bfgs,102.95182978608103,Y,Y,Y,N,N,,0.0,stationary,ok,transition_boundary,
"ARX(2,2)_normal_r3_arN_spfN_nuN",33,lbfgs,102.94932196943836,Y,Y,Y,N,N,482.0,0.0,stationary,ok,transition_boundary,
"ARX(2,2)_normal_r3_arN_spfN_nuN",34,bfgs,102.95183471328338,Y,Y,Y,N,N,,0.0,stationary,ok,transition_boundary,
"ARX(2,2)_normal_r3_arN_spfN_nuN",35,lbfgs,102.9516565816189,Y,Y,Y,N,N,699.0,0.0,stationary,ok,transition_boundary,
"ARX(2,2)_normal_r3_arN_spfN_nuN",36,bfgs,102.95183319975523,Y,Y,Y,N,N,,0.0,stationary,ok,transition_boundary,
"ARX(2,2)_normal_r3_arN_spfN_nuN",37,lbfgs,102.94738114076378,Y,Y,Y,N,N,656.0,0.0,stationary,ok,transition_boundary,
"ARX(2,2)_normal_r3_arN_spfN_nuN",38,bfgs,102.95182827933684,Y,Y,Y,N,N,,0.0,stationary,ok,transition_boundary,
"ARX(2,2)_normal_r3_arN_spfN_nuN",39,lbfgs,92.0118676764437,Y,Y,Y,Y,Y,44.0,0.0,stationary,ok,ok,
"ARX(2,2)_normal_r3_arN_spfN_nuN",40,bfgs,102.95183146069186,Y,Y,Y,N,N,,0.0,stationary,ok,transition_boundary,
"ARX(2,2)_normal_r3_arN_spfN_nuN",41,lbfgs,102.94210575427806,Y,Y,Y,N,N,443.0,0.0,stationary,ok,transition_boundary,
"ARX(2,2)_normal_r3_arN_spfN_nuN",42,bfgs,102.9518286230924,Y,Y,Y,N,N,,0.0,stationary,ok,transition_boundary,
"ARX(2,2)_normal_r3_arN_spfN_nuN",43,lbfgs,102.9511737922718,Y,Y,Y,N,N,617.0,0.0,stationary,ok,transition_boundary,
"ARX(2,2)_normal_r3_arN_spfN_nuN",44,bfgs,92.01160369733627,Y,Y,Y,Y,Y,,0.0,stationary,ok,ok,
"ARX(2,2)_normal_r3_arN_spfN_nuN",45,lbfgs,102.94338073599712,Y,Y,Y,N,N,738.0,0.0,stationary,ok,transition_boundary,
"ARX(2,2)_normal_r3_arN_spfN_nuN",46,bfgs,102.95183266497204,Y,Y,Y,N,N,,0.0,stationary,ok,transition_boundary,
"ARX(2,2)_normal_r3_arN_spfN_nuN",47,lbfgs,102.94686359291711,Y,Y,Y,N,N,687.0,0.0,stationary,ok,transition_boundary,
"ARX(2,2)_normal_r3_arN_spfN_nuN",48,bfgs,102.95182242395822,Y,Y,Y,N,N,,0.0,stationary,ok,transition_boundary,
"ARX(2,2)_normal_r3_arN_spfN_nuN",49,lbfgs,102.95106553358625,Y,Y,Y,N,N,727.0,0.0,stationary,ok,transition_boundary,
"ARX(2,2)_normal_r3_arN_spfN_nuN",50,bfgs,102.95183165133946,Y,Y,Y,N,N,,0.0,stationary,ok,transition_boundary,
"ARX(2,2)_normal_r3_arY_spfN_nuN",1,lbfgs,114.57888975998046,Y,Y,Y,N,N,316.0,0.0,stationary,ok,transition_boundary,
"ARX(2,2)_normal_r3_arY_spfN_nuN",2,bfgs,114.57896735962724,Y,Y,Y,N,N,,0.0,stationary,ok,transition_boundary,
"ARX(2,2)_normal_r3_arY_spfN_nuN",3,lbfgs,119.98189413506293,Y,Y,Y,Y,Y,664.0,0.0,stationary,ok,ok,
"ARX(2,2)_normal_r3_arY_spfN_nuN",4,bfgs,114.57897827139415,Y,Y,Y,N,N,,0.0,stationary,ok,transition_boundary,
"ARX(2,2)_normal_r3_arY_spfN_nuN",5,lbfgs,119.98172617287045,Y,Y,Y,Y,Y,396.0,0.0,stationary,ok,ok,
"ARX(2,2)_normal_r3_arY_spfN_nuN",6,bfgs,116.05848778245017,Y,Y,Y,Y,Y,,0.0,stationary,ok,ok,
"ARX(2,2)_normal_r3_arY_spfN_nuN",7,lbfgs,103.78666548370964,Y,Y,Y,Y,Y,662.0,0.0,stationary,ok,ok,
"ARX(2,2)_normal_r3_arY_spfN_nuN",8,bfgs,103.14337088580865,Y,Y,Y,N,N,,0.0,stationary,ok,transition_boundary,
"ARX(2,2)_normal_r3_arY_spfN_nuN",9,lbfgs,116.04586910658551,Y,Y,Y,Y,Y,144.0,0.0,stationary,ok,ok,
"ARX(2,2)_normal_r3_arY_spfN_nuN",10,bfgs,119.98193571758827,Y,Y,Y,Y,Y,,0.0,stationary,ok,ok,
"ARX(2,2)_normal_r3_arY_spfN_nuN",11,lbfgs,114.57884635210686,Y,Y,Y,N,N,266.0,0.0,stationary,ok,transition_boundary,
"ARX(2,2)_normal_r3_arY_spfN_nuN",12,bfgs,116.05708688107069,Y,Y,Y,Y,Y,,0.0,stationary,ok,ok,
"ARX(2,2)_normal_r3_arY_spfN_nuN",13,lbfgs,114.57885015980057,Y,Y,Y,N,N,180.0,0.0,stationary,ok,transition_boundary,
"ARX(2,2)_normal_r3_arY_spfN_nuN",14,bfgs,119.98193581739662,Y,Y,Y,Y,Y,,0.0,stationary,ok,ok,
"ARX(2,2)_normal_r3_arY_spfN_nuN",15,lbfgs,116.05541955090001,Y,Y,Y,Y,Y,243.0,0.0,stationary,ok,ok,
"ARX(2,2)_normal_r3_arY_spfN_nuN",16,bfgs,116.0587184474944,Y,Y,Y,Y,Y,,0.0,stationary,ok,ok,
"ARX(2,2)_normal_r3_arY_spfN_nuN",17,lbfgs,116.05690134327247,Y,Y,Y,Y,Y,570.0,0.0,stationary,ok,ok,
"ARX(2,2)_normal_r3_arY_spfN_nuN",18,bfgs,119.98193579927845,Y,Y,Y,Y,Y,,0.0,stationary,ok,ok,
"ARX(2,2)_normal_r3_arY_spfN_nuN",19,lbfgs,116.04905863263623,Y,Y,Y,Y,Y,174.0,0.0,stationary,ok,ok,
"ARX(2,2)_normal_r3_arY_spfN_nuN",20,bfgs,116.05871025921665,Y,Y,Y,Y,Y,,0.0,stationary,ok,ok,
"ARX(2,2)_normal_r3_arY_spfN_nuN",21,lbfgs,116.0576172485037,Y,Y,Y,Y,Y,241.0,0.0,stationary,ok,ok,
"ARX(2,2)_normal_r3_arY_spfN_nuN",22,bfgs,116.05871402794685,Y,Y,Y,Y,Y,,0.0,stationary,ok,ok,
"ARX(2,2)_normal_r3_arY_spfN_nuN",23,lbfgs,116.05754111508627,Y,Y,Y,Y,Y,396.0,0.0,stationary,ok,ok,
"ARX(2,2)_normal_r3_arY_spfN_nuN",24,bfgs,114.57896970906164,Y,Y,Y,N,N,,0.0,stationary,ok,transition_boundary,
"ARX(2,2)_normal_r3_arY_spfN_nuN",25,lbfgs,116.0582872129848,Y,Y,Y,Y,Y,482.0,0.0,stationary,ok,ok,
"ARX(2,2)_normal_r3_arY_spfN_nuN",26,bfgs,99.81703321938149,Y,Y,Y,Y,Y,,0.0,stationary,ok,ok,
"ARX(2,2)_normal_r3_arY_spfN_nuN",27,lbfgs,119.98167448993185,Y,Y,Y,Y,Y,687.0,0.0,stationary,ok,ok,
"ARX(2,2)_normal_r3_arY_spfN_nuN",28,bfgs,116.05809676397648,Y,Y,Y,Y,Y,,0.0,stationary,ok,ok,
"ARX(2,2)_normal_r3_arY_spfN_nuN",29,lbfgs,116.058554014712,Y,Y,Y,Y,Y,307.0,0.0,stationary,ok,ok,
"ARX(2,2)_normal_r3_arY_spfN_nuN",30,bfgs,116.05871836537436,Y,Y,Y,Y,Y,,0.0,stationary,ok,ok,
"ARX(2,2)_normal_r3_arY_spfN_nuN",31,lbfgs,116.05818060312592,Y,Y,Y,Y,Y,275.0,0.0,stationary,ok,ok,
"ARX(2,2)_normal_r3_arY_spfN_nuN",32,bfgs,116.05871829837957,Y,Y,Y,Y,Y,,0.0,stationary,ok,ok,
"ARX(2,2)_normal_r3_arY_spfN_nuN",33,lbfgs,116.05826899903523,Y,Y,Y,Y,Y,274.0,0.0,stationary,ok,ok,
"ARX(2,2)_normal_r3_arY_spfN_nuN",34,bfgs,116.05871441216739,Y,Y,Y,Y,Y,,0.0,stationary,ok,ok,
"ARX(2,2)_normal_r3_arY_spfN_nuN",35,lbfgs,116.05500874348833,Y,Y,Y,Y,Y,290.0,0.0,stationary,ok,ok,
"ARX(2,2)_normal_r3_arY_spfN_nuN",36,bfgs,119.98193579321871,Y,Y,Y,Y,Y,,0.0,stationary,ok,ok,
"ARX(2,2)_normal_r3_arY_spfN_nuN",37,lbfgs,114.57892413198755,Y,Y,Y,N,N,288.0,0.0,stationary,ok,transition_boundary,
"ARX(2,2)_normal_r3_arY_spfN_nuN",38,bfgs,119.98193581649825,Y,Y,Y,Y,Y,,0.0,stationary,ok,ok,
"ARX(2,2)_normal_r3_arY_spfN_nuN",39,lbfgs,116.0504600184924,Y,Y,Y,Y,Y,413.0,0.0,stationary,ok,ok,
"ARX(2,2)_normal_r3_arY_spfN_nuN",40,bfgs,116.05853217106282,Y,Y,Y,Y,Y,,0.0,stationary,ok,ok,
"ARX(2,2)_normal_r3_arY_spfN_nuN",41,lbfgs,98.5214593058997,Y,Y,Y,N,N,360.0,0.0,stationary,ok,transition_boundary,
"ARX(2,2)_normal_r3_arY_spfN_nuN",42,bfgs,119.25155743128266,N,N,N,N,N,,2.0,regime_0_ar2_nonstationary,sigma2[0]_boundary,transition_boundary,
"ARX(2,2)_normal_r3_arY_spfN_nuN",43,lbfgs,114.57881973027042,Y,Y,Y,N,N,282.0,0.0,stationary,ok,transition_boundary,
"ARX(2,2)_normal_r3_arY_spfN_nuN",44,bfgs,114.57897867487667,Y,Y,Y,N,N,,0.0,stationary,ok,transition_boundary,
"ARX(2,2)_normal_r3_arY_spfN_nuN",45,lbfgs,119.9816457284277,Y,Y,Y,Y,Y,291.0,0.0,stationary,ok,ok,
"ARX(2,2)_normal_r3_arY_spfN_nuN",46,bfgs,116.05843276481306,Y,Y,Y,Y,Y,,0.0,stationary,ok,ok,
"ARX(2,2)_normal_r3_arY_spfN_nuN",47,lbfgs,98.52154574064376,Y,Y,Y,N,N,303.0,0.0,stationary,ok,transition_boundary,
"ARX(2,2)_normal_r3_arY_spfN_nuN",48,bfgs,116.0587178837985,Y,Y,Y,Y,Y,,0.0,stationary,ok,ok,
"ARX(2,2)_normal_r3_arY_spfN_nuN",49,lbfgs,116.05861044065622,Y,Y,Y,Y,Y,320.0,0.0,stationary,ok,ok,
"ARX(2,2)_normal_r3_arY_spfN_nuN",50,bfgs,116.05871186524928,Y,Y,Y,Y,Y,,0.0,stationary,ok,ok,
Constant_normal_r2_arN_spfN_nuN,1,lbfgs,21.003546770702922,Y,Y,Y,Y,Y,10.0,0.0,no_ar_terms,ok,ok,
Constant_normal_r2_arN_spfN_nuN,2,bfgs,21.00355744967763,Y,Y,Y,Y,Y,,0.0,no_ar_terms,ok,ok,
Constant_normal_r2_arN_spfN_nuN,3,lbfgs,21.00352100115867,Y,Y,Y,Y,Y,11.0,0.0,no_ar_terms,ok,ok,
Constant_normal_r2_arN_spfN_nuN,4,bfgs,21.00355746310967,Y,Y,Y,Y,Y,,0.0,no_ar_terms,ok,ok,
Constant_normal_r2_arN_spfN_nuN,5,lbfgs,21.003540170204275,Y,Y,Y,Y,Y,11.0,0.0,no_ar_terms,ok,ok,
Constant_normal_r2_arN_spfN_nuN,6,bfgs,21.003557452043125,Y,Y,Y,Y,Y,,0.0,no_ar_terms,ok,ok,
Constant_normal_r2_arN_spfN_nuN,7,lbfgs,21.00355233719886,Y,Y,Y,Y,Y,10.0,0.0,no_ar_terms,ok,ok,
Constant_normal_r2_arN_spfN_nuN,8,bfgs,21.003557482844748,Y,Y,Y,Y,Y,,0.0,no_ar_terms,ok,ok,
Constant_normal_r2_arN_spfN_nuN,9,lbfgs,21.00355408055884,Y,Y,Y,Y,Y,10.0,0.0,no_ar_terms,ok,ok,
Constant_normal_r2_arN_spfN_nuN,10,bfgs,21.003554524417677,Y,Y,Y,Y,Y,,0.0,no_ar_terms,ok,ok,
Constant_normal_r2_arN_spfN_nuN,11,lbfgs,21.003557084547364,Y,Y,Y,Y,Y,10.0,0.0,no_ar_terms,ok,ok,
Constant_normal_r2_arN_spfN_nuN,12,bfgs,21.00355748597633,Y,Y,Y,Y,Y,,0.0,no_ar_terms,ok,ok,
Constant_normal_r2_arN_spfN_nuN,13,lbfgs,21.00354150088806,Y,Y,Y,Y,Y,11.0,0.0,no_ar_terms,ok,ok,
Constant_normal_r2_arN_spfN_nuN,14,bfgs,21.003553862862976,Y,Y,Y,Y,Y,,0.0,no_ar_terms,ok,ok,
Constant_normal_r2_arN_spfN_nuN,15,lbfgs,21.003552985074496,Y,Y,Y,Y,Y,10.0,0.0,no_ar_terms,ok,ok,
Constant_normal_r2_arN_spfN_nuN,16,bfgs,21.003557396593727,Y,Y,Y,Y,Y,,0.0,no_ar_terms,ok,ok,
Constant_normal_r2_arN_spfN_nuN,17,lbfgs,21.00353454667248,Y,Y,Y,Y,Y,10.0,0.0,no_ar_terms,ok,ok,
Constant_normal_r2_arN_spfN_nuN,18,bfgs,21.00355748472528,Y,Y,Y,Y,Y,,0.0,no_ar_terms,ok,ok,
Constant_normal_r2_arN_spfN_nuN,19,lbfgs,21.003538639932138,Y,Y,Y,Y,Y,11.0,0.0,no_ar_terms,ok,ok,
Constant_normal_r2_arN_spfN_nuN,20,bfgs,21.00355697602325,Y,Y,Y,Y,Y,,0.0,no_ar_terms,ok,ok,
Constant_normal_r2_arN_spfN_nuN,21,lbfgs,21.003553855300826,Y,Y,Y,Y,Y,10.0,0.0,no_ar_terms,ok,ok,
Constant_normal_r2_arN_spfN_nuN,22,bfgs,21.00355570574153,Y,Y,Y,Y,Y,,0.0,no_ar_terms,ok,ok,
Constant_normal_r2_arN_spfN_nuN,23,lbfgs,21.00353786601153,Y,Y,Y,Y,Y,11.0,0.0,no_ar_terms,ok,ok,
Constant_normal_r2_arN_spfN_nuN,24,bfgs,21.003557455675725,Y,Y,Y,Y,Y,,0.0,no_ar_terms,ok,ok,
Constant_normal_r2_arN_spfN_nuN,25,lbfgs,21.003556692787875,Y,Y,Y,Y,Y,10.0,0.0,no_ar_terms,ok,ok,
Constant_normal_r2_arN_spfN_nuN,26,bfgs,21.003557333982975,Y,Y,Y,Y,Y,,0.0,no_ar_terms,ok,ok,
Constant_normal_r2_arN_spfN_nuN,27,lbfgs,21.00354732231343,Y,Y,Y,Y,Y,10.0,0.0,no_ar_terms,ok,ok,
Constant_normal_r2_arN_spfN_nuN,28,bfgs,21.00355748227639,Y,Y,Y,Y,Y,,0.0,no_ar_terms,ok,ok,
Constant_normal_r2_arN_spfN_nuN,29,lbfgs,21.003531464585077,Y,Y,Y,Y,Y,10.0,0.0,no_ar_terms,ok,ok,
Constant_normal_r2_arN_spfN_nuN,30,bfgs,21.003557480966585,Y,Y,Y,Y,Y,,0.0,no_ar_terms,ok,ok,
Constant_normal_r2_arN_spfN_nuN,31,lbfgs,21.00353923541131,Y,Y,Y,Y,Y,10.0,0.0,no_ar_terms,ok,ok,
Constant_normal_r2_arN_spfN_nuN,32,bfgs,21.003557485953657,Y,Y,Y,Y,Y,,0.0,no_ar_terms,ok,ok,
Constant_normal_r2_arN_spfN_nuN,33,lbfgs,21.003542131273836,Y,Y,Y,Y,Y,11.0,0.0,no_ar_terms,ok,ok,
Constant_normal_r2_arN_spfN_nuN,34,bfgs,21.00355743473247,Y,Y,Y,Y,Y,,0.0,no_ar_terms,ok,ok,
Constant_normal_r2_arN_spfN_nuN,35,lbfgs,21.003536763506183,Y,Y,Y,Y,Y,10.0,0.0,no_ar_terms,ok,ok,
Constant_normal_r2_arN_spfN_nuN,36,bfgs,21.00355747569385,Y,Y,Y,Y,Y,,0.0,no_ar_terms,ok,ok,
Constant_normal_r2_arN_spfN_nuN,37,lbfgs,21.003527299278502,Y,Y,Y,Y,Y,10.0,0.0,no_ar_terms,ok,ok,
Constant_normal_r2_arN_spfN_nuN,38,bfgs,21.003557470679453,Y,Y,Y,Y,Y,,0.0,no_ar_terms,ok,ok,
Constant_normal_r2_arN_spfN_nuN,39,lbfgs,21.003541171953483,Y,Y,Y,Y,Y,11.0,0.0,no_ar_terms,ok,ok,
Constant_normal_r2_arN_spfN_nuN,40,bfgs,21.00355746669774,Y,Y,Y,Y,Y,,0.0,no_ar_terms,ok,ok,
Constant_normal_r2_arN_spfN_nuN,41,lbfgs,21.003556499448877,Y,Y,Y,Y,Y,10.0,0.0,no_ar_terms,ok,ok,
Constant_normal_r2_arN_spfN_nuN,42,bfgs,21.003557431133785,Y,Y,Y,Y,Y,,0.0,no_ar_terms,ok,ok,
Constant_normal_r2_arN_spfN_nuN,43,lbfgs,21.00354891825431,Y,Y,Y,Y,Y,10.0,0.0,no_ar_terms,ok,ok,
Constant_normal_r2_arN_spfN_nuN,44,bfgs,21.003554749379497,Y,Y,Y,Y,Y,,0.0,no_ar_terms,ok,ok,
Constant_normal_r2_arN_spfN_nuN,45,lbfgs,21.003555498305918,Y,Y,Y,Y,Y,10.0,0.0,no_ar_terms,ok,ok,
Constant_normal_r2_arN_spfN_nuN,46,bfgs,21.003556911667886,Y,Y,Y,Y,Y,,0.0,no_ar_terms,ok,ok,
Constant_normal_r2_arN_spfN_nuN,47,lbfgs,21.003534632362232,Y,Y,Y,Y,Y,10.0,0.0,no_ar_terms,ok,ok,
Constant_normal_r2_arN_spfN_nuN,48,bfgs,21.003557481569988,Y,Y,Y,Y,Y,,0.0,no_ar_terms,ok,ok,
Constant_normal_r2_arN_spfN_nuN,49,lbfgs,21.00350036316633,Y,Y,Y,Y,Y,9.0,0.0,no_ar_terms,ok,ok,
Constant_normal_r2_arN_spfN_nuN,50,bfgs,21.003557485614245,Y,Y,Y,Y,Y,,0.0,no_ar_terms,ok,ok,
Constant_normal_r3_arN_spfN_nuN,1,lbfgs,37.98901221547524,Y,Y,Y,N,N,19.0,0.0,no_ar_terms,ok,transition_boundary,
Constant_normal_r3_arN_spfN_nuN,2,bfgs,37.98903961781721,Y,Y,Y,N,N,,0.0,no_ar_terms,ok,transition_boundary,
Constant_normal_r3_arN_spfN_nuN,3,lbfgs,37.98904062894509,Y,Y,Y,N,N,18.0,0.0,no_ar_terms,ok,transition_boundary,
Constant_normal_r3_arN_spfN_nuN,4,bfgs,37.989042070010925,Y,Y,Y,N,N,,0.0,no_ar_terms,ok,transition_boundary,
Constant_normal_r3_arN_spfN_nuN,5,lbfgs,37.98903304402499,Y,Y,Y,N,N,18.0,0.0,no_ar_terms,ok,transition_boundary,
Constant_normal_r3_arN_spfN_nuN,6,bfgs,37.98903936247538,Y,Y,Y,N,N,,0.0,no_ar_terms,ok,transition_boundary,
Constant_normal_r3_arN_spfN_nuN,7,lbfgs,37.98884751073861,Y,Y,Y,N,N,39.0,0.0,no_ar_terms,ok,transition_boundary,
Constant_normal_r3_arN_spfN_nuN,8,bfgs,39.86448192888262,Y,Y,Y,N,N,,0.0,no_ar_terms,ok,transition_boundary,
Constant_normal_r3_arN_spfN_nuN,9,lbfgs,39.86433209159087,Y,Y,Y,N,N,79.0,0.0,no_ar_terms,ok,transition_boundary,
Constant_normal_r3_arN_spfN_nuN,10,bfgs,37.98903348958312,Y,Y,Y,N,N,,0.0,no_ar_terms,ok,transition_boundary,
Constant_normal_r3_arN_spfN_nuN,11,lbfgs,37.98886508085412,Y,Y,Y,N,N,29.0,0.0,no_ar_terms,ok,transition_boundary,
Constant_normal_r3_arN_spfN_nuN,12,bfgs,39.86448816906126,Y,Y,Y,N,N,,0.0,no_ar_terms,ok,transition_boundary,
Constant_normal_r3_arN_spfN_nuN,13,lbfgs,37.989005996365236,Y,Y,Y,N,N,13.0,0.0,no_ar_terms,ok,transition_boundary,
Constant_normal_r3_arN_spfN_nuN,14,bfgs,37.98902527339677,Y,Y,Y,N,N,,0.0,no_ar_terms,ok,transition_boundary,
Constant_normal_r3_arN_spfN_nuN,15,lbfgs,39.86447308300844,Y,Y,Y,N,N,100.0,0.0,no_ar_terms,ok,transition_boundary,
Constant_normal_r3_arN_spfN_nuN,16,bfgs,37.989027517956515,Y,Y,Y,N,N,,0.0,no_ar_terms,ok,transition_boundary,
Constant_normal_r3_arN_spfN_nuN,17,lbfgs,37.9889257268527,Y,Y,Y,N,N,28.0,0.0,no_ar_terms,ok,transition_boundary,
Constant_normal_r3_arN_spfN_nuN,18,bfgs,37.988879316649204,Y,Y,Y,N,N,,0.0,no_ar_terms,ok,transition_boundary,
Constant_normal_r3_arN_spfN_nuN,19,lbfgs,37.98857521145642,Y,Y,Y,N,N,29.0,0.0,no_ar_terms,ok,transition_boundary,
Constant_normal_r3_arN_spfN_nuN,20,bfgs,37.98900860555392,Y,Y,Y,N,N,,0.0,no_ar_terms,ok,transition_boundary,
Constant_normal_r3_arN_spfN_nuN,21,lbfgs,37.98886793282116,Y,Y,Y,N,N,19.0,0.0,no_ar_terms,ok,transition_boundary,
Constant_normal_r3_arN_spfN_nuN,22,bfgs,39.86447453106136,Y,Y,Y,N,N,,0.0,no_ar_terms,ok,transition_boundary,
Constant_normal_r3_arN_spfN_nuN,23,lbfgs,39.864481160888346,Y,Y,Y,N,N,81.0,0.0,no_ar_terms,ok,transition_boundary,
Constant_normal_r3_arN_spfN_nuN,24,bfgs,39.86448466601749,Y,Y,Y,N,N,,0.0,no_ar_terms,ok,transition_boundary,
Constant_normal_r3_arN_spfN_nuN,25,lbfgs,37.98882561730345,Y,Y,Y,N,N,29.0,0.0,no_ar_terms,ok,transition_boundary,
Constant_normal_r3_arN_spfN_nuN,26,bfgs,37.98829672229168,Y,Y,Y,N,N,,0.0,no_ar_terms,ok,transition_boundary,
Constant_normal_r3_arN_spfN_nuN,27,lbfgs,37.98898317844983,Y,Y,Y,N,N,13.0,0.0,no_ar_terms,ok,transition_boundary,
Constant_normal_r3_arN_spfN_nuN,28,bfgs,37.988951188550345,Y,Y,Y,N,N,,0.0,no_ar_terms,ok,transition_boundary,
Constant_normal_r3_arN_spfN_nuN,29,lbfgs,39.864479427948766,Y,Y,Y,N,N,67.0,0.0,no_ar_terms,ok,transition_boundary,
Constant_normal_r3_arN_spfN_nuN,30,bfgs,37.989061421581084,Y,Y,Y,N,N,,0.0,no_ar_terms,ok,transition_boundary,
Constant_normal_r3_arN_spfN_nuN,31,lbfgs,37.98898892200623,Y,Y,Y,N,N,13.0,0.0,no_ar_terms,ok,transition_boundary,
Constant_normal_r3_arN_spfN_nuN,32,bfgs,37.989015535533255,Y,Y,Y,N,N,,0.0,no_ar_terms,ok,transition_boundary,
Constant_normal_r3_arN_spfN_nuN,33,lbfgs,37.98899569762618,Y,Y,Y,N,N,27.0,0.0,no_ar_terms,ok,transition_boundary,
Constant_normal_r3_arN_spfN_nuN,34,bfgs,39.86448094151111,Y,Y,Y,N,N,,0.0,no_ar_terms,ok,transition_boundary,
Constant_normal_r3_arN_spfN_nuN,35,lbfgs,37.988981179445716,Y,Y,Y,N,N,18.0,0.0,no_ar_terms,ok,transition_boundary,
Constant_normal_r3_arN_spfN_nuN,36,bfgs,37.98906152230235,Y,Y,Y,N,N,,0.0,no_ar_terms,ok,transition_boundary,
Constant_normal_r3_arN_spfN_nuN,37,lbfgs,37.988998385681725,Y,Y,Y,N,N,27.0,0.0,no_ar_terms,ok,transition_boundary,
Constant_normal_r3_arN_spfN_nuN,38,bfgs,37.989069685078356,Y,Y,Y,N,N,,0.0,no_ar_terms,ok,transition_boundary,
Constant_normal_r3_arN_spfN_nuN,39,lbfgs,37.98895204444648,Y,Y,Y,N,N,17.0,0.0,no_ar_terms,ok,transition_boundary,
Constant_normal_r3_arN_spfN_nuN,40,bfgs,39.864461650170895,Y,Y,Y,N,N,,0.0,no_ar_terms,ok,transition_boundary,
Constant_normal_r3_arN_spfN_nuN,41,lbfgs,37.98900071142808,Y,Y,Y,N,N,17.0,0.0,no_ar_terms,ok,transition_boundary,
Constant_normal_r3_arN_spfN_nuN,42,bfgs,37.98907314488544,Y,Y,Y,N,N,,0.0,no_ar_terms,ok,transition_boundary,
Constant_normal_r3_arN_spfN_nuN,43,lbfgs,37.98881484472823,Y,Y,Y,N,N,34.0,0.0,no_ar_terms,ok,transition_boundary,
Constant_normal_r3_arN_spfN_nuN,44,bfgs,39.864486397956526,Y,Y,Y,N,N,,0.0,no_ar_terms,ok,transition_boundary,
Constant_normal_r3_arN_spfN_nuN,45,lbfgs,37.98900851918701,Y,Y,Y,N,N,34.0,0.0,no_ar_terms,ok,transition_boundary,
Constant_normal_r3_arN_spfN_nuN,46,bfgs,37.989049197482984,Y,Y,Y,N,N,,0.0,no_ar_terms,ok,transition_boundary,
Constant_normal_r3_arN_spfN_nuN,47,lbfgs,37.988879704018885,Y,Y,Y,N,N,7.0,0.0,no_ar_terms,ok,transition_boundary,
Constant_normal_r3_arN_spfN_nuN,48,bfgs,37.9890583425144,Y,Y,Y,N,N,,0.0,no_ar_terms,ok,transition_boundary,
Constant_normal_r3_arN_spfN_nuN,49,lbfgs,37.98897647814028,Y,Y,Y,N,N,13.0,0.0,no_ar_terms,ok,transition_boundary,
Constant_normal_r3_arN_spfN_nuN,50,bfgs,37.988346007785545,Y,Y,Y,N,N,,0.0,no_ar_terms,ok,transition_boundary,
