model_label,mean_process,error_distribution,k_regimes,parameter,parameter_raw,parameter_type,estimate
"ARX(1,1)_normal_r2_arN_spfN_nuN","ARX(1,1)",Normal,2,sigma2[0],sigma2[0],distribution,0.01984751198780109
"ARX(1,1)_normal_r2_arN_spfN_nuN","ARX(1,1)",Normal,2,sigma2[1],sigma2[1],distribution,0.13926057675041503
"ARX(1,1)_normal_r2_arN_spfN_nuN","ARX(1,1)",Normal,2,Inflation_lag_1,x1,mean_process,0.4568519283961247
"ARX(1,1)_normal_r2_arN_spfN_nuN","ARX(1,1)",Normal,2,SPF,x2,mean_process,0.5920732975634088
"ARX(1,1)_normal_r2_arN_spfN_nuN","ARX(1,1)",Normal,2,const,const,mean_process,0.010592199178242322
"ARX(1,1)_normal_r2_arN_spfN_nuN","ARX(1,1)",Normal,2,p[0->0],p[0->0],transition_probability,0.9506982276913136
"ARX(1,1)_normal_r2_arN_spfN_nuN","ARX(1,1)",Normal,2,p[1->0],p[1->0],transition_probability,0.10149265561870988
"ARX(1,1)_normal_r2_arY_spfN_nuN","ARX(1,1)",Normal,2,sigma2[0],sigma2[0],distribution,0.01851444442971232
"ARX(1,1)_normal_r2_arY_spfN_nuN","ARX(1,1)",Normal,2,sigma2[1],sigma2[1],distribution,0.1281184368213971
"ARX(1,1)_normal_r2_arY_spfN_nuN","ARX(1,1)",Normal,2,Inflation_lag_1[0],x1[0],mean_process,0.37712357739964253
"ARX(1,1)_normal_r2_arY_spfN_nuN","ARX(1,1)",Normal,2,Inflation_lag_1[1],x1[1],mean_process,0.4905352570326202
"ARX(1,1)_normal_r2_arY_spfN_nuN","ARX(1,1)",Normal,2,SPF,x2[1],mean_process,0.5577649336317189
"ARX(1,1)_normal_r2_arY_spfN_nuN","ARX(1,1)",Normal,2,const[0],const[0],mean_process,0.03259048575110734
"ARX(1,1)_normal_r2_arY_spfN_nuN","ARX(1,1)",Normal,2,const[1],const[1],mean_process,0.036746160876382945
"ARX(1,1)_normal_r2_arY_spfN_nuN","ARX(1,1)",Normal,2,p[0->0],p[0->0],transition_probability,0.9498878141300869
"ARX(1,1)_normal_r2_arY_spfN_nuN","ARX(1,1)",Normal,2,p[1->0],p[1->0],transition_probability,0.08757022776170459
"ARX(1,1)_normal_r2_arY_spfY_nuN","ARX(1,1)",Normal,2,sigma2[0],sigma2[0],distribution,0.018497382204590233
"ARX(1,1)_normal_r2_arY_spfY_nuN","ARX(1,1)",Normal,2,sigma2[1],sigma2[1],distribution,0.127998466863727
"ARX(1,1)_normal_r2_arY_spfY_nuN","ARX(1,1)",Normal,2,Inflation_lag_1[0],x1[0],mean_process,0.3775279857817496
"ARX(1,1)_normal_r2_arY_spfY_nuN","ARX(1,1)",Normal,2,Inflation_lag_1[1],x1[1],mean_process,0.4892579119688526
"ARX(1,1)_normal_r2_arY_spfY_nuN","ARX(1,1)",Normal,2,SPF[0],x2[0],mean_process,0.5542352649046843
"ARX(1,1)_normal_r2_arY_spfY_nuN","ARX(1,1)",Normal,2,SPF[1],x2[1],mean_process,0.5637994220350786
"ARX(1,1)_normal_r2_arY_spfY_nuN","ARX(1,1)",Normal,2,const[0],const[0],mean_process,0.03325315263804348
"ARX(1,1)_normal_r2_arY_spfY_nuN","ARX(1,1)",Normal,2,const[1],const[1],mean_process,0.03543529824673917
"ARX(1,1)_normal_r2_arY_spfY_nuN","ARX(1,1)",Normal,2,p[0->0],p[0->0],transition_probability,0.9498263894975157
"ARX(1,1)_normal_r2_arY_spfY_nuN","ARX(1,1)",Normal,2,p[1->0],p[1->0],transition_probability,0.08752103741614525
"ARX(1,1)_normal_r3_arN_spfN_nuN","ARX(1,1)",Normal,3,sigma2[0],sigma2[0],distribution,0.01948227922157945
"ARX(1,1)_normal_r3_arN_spfN_nuN","ARX(1,1)",Normal,3,sigma2[1],sigma2[1],distribution,0.02000844267946205
"ARX(1,1)_normal_r3_arN_spfN_nuN","ARX(1,1)",Normal,3,sigma2[2],sigma2[2],distribution,0.1392951048376923
"ARX(1,1)_normal_r3_arN_spfN_nuN","ARX(1,1)",Normal,3,Inflation_lag_1,x1,mean_process,0.4568358191530787
"ARX(1,1)_normal_r3_arN_spfN_nuN","ARX(1,1)",Normal,3,SPF,x2,mean_process,0.5920883398131905
"ARX(1,1)_normal_r3_arN_spfN_nuN","ARX(1,1)",Normal,3,const,const,mean_process,0.010594913064704517
"ARX(1,1)_normal_r3_arN_spfN_nuN","ARX(1,1)",Normal,3,p[0->0],p[0->0],transition_probability,0.2973825780842937
"ARX(1,1)_normal_r3_arN_spfN_nuN","ARX(1,1)",Normal,3,p[0->1],p[0->1],transition_probability,0.658811425384148
"ARX(1,1)_normal_r3_arN_spfN_nuN","ARX(1,1)",Normal,3,p[1->0],p[1->0],transition_probability,0.2819269971078487
"ARX(1,1)_normal_r3_arN_spfN_nuN","ARX(1,1)",Normal,3,p[1->1],p[1->1],transition_probability,0.6663480180948097
"ARX(1,1)_normal_r3_arN_spfN_nuN","ARX(1,1)",Normal,3,p[2->0],p[2->0],transition_probability,0.026892667119977346
"ARX(1,1)_normal_r3_arN_spfN_nuN","ARX(1,1)",Normal,3,p[2->1],p[2->1],transition_probability,0.07473723003286416
"ARX(1,1)_normal_r3_arY_spfN_nuN","ARX(1,1)",Normal,3,sigma2[0],sigma2[0],distribution,0.016023805455893846
"ARX(1,1)_normal_r3_arY_spfN_nuN","ARX(1,1)",Normal,3,sigma2[1],sigma2[1],distribution,0.04064094013420844
"ARX(1,1)_normal_r3_arY_spfN_nuN","ARX(1,1)",Normal,3,sigma2[2],sigma2[2],distribution,0.2017041770521305
"ARX(1,1)_normal_r3_arY_spfN_nuN","ARX(1,1)",Normal,3,Inflation_lag_1[0],x1[0],mean_process,0.24982871661412476
"ARX(1,1)_normal_r3_arY_spfN_nuN","ARX(1,1)",Normal,3,Inflation_lag_1[1],x1[1],mean_process,0.46043134014233933
"ARX(1,1)_normal_r3_arY_spfN_nuN","ARX(1,1)",Normal,3,Inflation_lag_1[2],x1[2],mean_process,0.42947599430059197
"ARX(1,1)_normal_r3_arY_spfN_nuN","ARX(1,1)",Normal,3,SPF,x2[2],mean_process,0.6120728268635272
"ARX(1,1)_normal_r3_arY_spfN_nuN","ARX(1,1)",Normal,3,const[0],const[0],mean_process,0.035005390799572635
"ARX(1,1)_normal_r3_arY_spfN_nuN","ARX(1,1)",Normal,3,const[1],const[1],mean_process,0.0853658533191443
"ARX(1,1)_normal_r3_arY_spfN_nuN","ARX(1,1)",Normal,3,const[2],const[2],mean_process,-0.05225606641496261
"ARX(1,1)_normal_r3_arY_spfN_nuN","ARX(1,1)",Normal,3,p[0->0],p[0->0],transition_probability,0.955405458076905
"ARX(1,1)_normal_r3_arY_spfN_nuN","ARX(1,1)",Normal,3,p[0->1],p[0->1],transition_probability,0.022576938265851398
"ARX(1,1)_normal_r3_arY_spfN_nuN","ARX(1,1)",Normal,3,p[1->0],p[1->0],transition_probability,0.019967701836360506
"ARX(1,1)_normal_r3_arY_spfN_nuN","ARX(1,1)",Normal,3,p[1->1],p[1->1],transition_probability,0.8999564757348973
"ARX(1,1)_normal_r3_arY_spfN_nuN","ARX(1,1)",Normal,3,p[2->0],p[2->0],transition_probability,0.09218754583607663
"ARX(1,1)_normal_r3_arY_spfN_nuN","ARX(1,1)",Normal,3,p[2->1],p[2->1],transition_probability,0.13560169751770354
"ARX(2,1)_normal_r2_arN_spfN_nuN","ARX(2,1)",Normal,2,sigma2[0],sigma2[0],distribution,0.01986017286786898
"ARX(2,1)_normal_r2_arN_spfN_nuN","ARX(2,1)",Normal,2,sigma2[1],sigma2[1],distribution,0.13914584674014105
"ARX(2,1)_normal_r2_arN_spfN_nuN","ARX(2,1)",Normal,2,Inflation_lag_1,x1,mean_process,0.460938962950753
"ARX(2,1)_normal_r2_arN_spfN_nuN","ARX(2,1)",Normal,2,Inflation_lag_2,x2,mean_process,-0.013058532566440578
"ARX(2,1)_normal_r2_arN_spfN_nuN","ARX(2,1)",Normal,2,SPF,x3,mean_process,0.5988069115682734
"ARX(2,1)_normal_r2_arN_spfN_nuN","ARX(2,1)",Normal,2,const,const,mean_process,0.011330270825414832
"ARX(2,1)_normal_r2_arN_spfN_nuN","ARX(2,1)",Normal,2,p[0->0],p[0->0],transition_probability,0.9507996330764202
"ARX(2,1)_normal_r2_arN_spfN_nuN","ARX(2,1)",Normal,2,p[1->0],p[1->0],transition_probability,0.10124147225589837
"ARX(2,1)_normal_r2_arY_spfN_nuN","ARX(2,1)",Normal,2,sigma2[0],sigma2[0],distribution,0.018583065064486926
"ARX(2,1)_normal_r2_arY_spfN_nuN","ARX(2,1)",Normal,2,sigma2[1],sigma2[1],distribution,0.12790422697863607
"ARX(2,1)_normal_r2_arY_spfN_nuN","ARX(2,1)",Normal,2,Inflation_lag_1[0],x1[0],mean_process,0.38582718835469076
"ARX(2,1)_normal_r2_arY_spfN_nuN","ARX(2,1)",Normal,2,Inflation_lag_1[1],x1[1],mean_process,0.505899250582902
"ARX(2,1)_normal_r2_arY_spfN_nuN","ARX(2,1)",Normal,2,Inflation_lag_2[0],x2[0],mean_process,-0.04058093063755106
"ARX(2,1)_normal_r2_arY_spfN_nuN","ARX(2,1)",Normal,2,Inflation_lag_2[1],x2[1],mean_process,-0.030847106444922785
"ARX(2,1)_normal_r2_arY_spfN_nuN","ARX(2,1)",Normal,2,SPF,x3[1],mean_process,0.5771489228351472
"ARX(2,1)_normal_r2_arY_spfN_nuN","ARX(2,1)",Normal,2,const[0],const[0],mean_process,0.035867491371837416
"ARX(2,1)_normal_r2_arY_spfN_nuN","ARX(2,1)",Normal,2,const[1],const[1],mean_process,0.037679500371373895
"ARX(2,1)_normal_r2_arY_spfN_nuN","ARX(2,1)",Normal,2,p[0->0],p[0->0],transition_probability,0.9503672994790463
"ARX(2,1)_normal_r2_arY_spfN_nuN","ARX(2,1)",Normal,2,p[1->0],p[1->0],transition_probability,0.08694814857443516
"ARX(2,1)_normal_r2_arY_spfY_nuN","ARX(2,1)",Normal,2,sigma2[0],sigma2[0],distribution,0.018535772013110338
"ARX(2,1)_normal_r2_arY_spfY_nuN","ARX(2,1)",Normal,2,sigma2[1],sigma2[1],distribution,0.12758205373241902
"ARX(2,1)_normal_r2_arY_spfY_nuN","ARX(2,1)",Normal,2,Inflation_lag_1[0],x1[0],mean_process,0.3861428835125207
"ARX(2,1)_normal_r2_arY_spfY_nuN","ARX(2,1)",Normal,2,Inflation_lag_1[1],x1[1],mean_process,0.5043242305777423
"ARX(2,1)_normal_r2_arY_spfY_nuN","ARX(2,1)",Normal,2,Inflation_lag_2[0],x2[0],mean_process,-0.03960985146013849
"ARX(2,1)_normal_r2_arY_spfY_nuN","ARX(2,1)",Normal,2,Inflation_lag_2[1],x2[1],mean_process,-0.03297069681917562
"ARX(2,1)_normal_r2_arY_spfY_nuN","ARX(2,1)",Normal,2,SPF[0],x3[0],mean_process,0.5692381098850853
"ARX(2,1)_normal_r2_arY_spfY_nuN","ARX(2,1)",Normal,2,SPF[1],x3[1],mean_process,0.5901902768100511
"ARX(2,1)_normal_r2_arY_spfY_nuN","ARX(2,1)",Normal,2,const[0],const[0],mean_process,0.03724671170373782
"ARX(2,1)_normal_r2_arY_spfY_nuN","ARX(2,1)",Normal,2,const[1],const[1],mean_process,0.03518861647399165
"ARX(2,1)_normal_r2_arY_spfY_nuN","ARX(2,1)",Normal,2,p[0->0],p[0->0],transition_probability,0.9502227776242788
"ARX(2,1)_normal_r2_arY_spfY_nuN","ARX(2,1)",Normal,2,p[1->0],p[1->0],transition_probability,0.08676416075515907
"ARX(2,1)_normal_r3_arN_spfN_nuN","ARX(2,1)",Normal,3,sigma2[0],sigma2[0],distribution,0.01866051009758825
"ARX(2,1)_normal_r3_arN_spfN_nuN","ARX(2,1)",Normal,3,sigma2[1],sigma2[1],distribution,0.020487680751768492
"ARX(2,1)_normal_r3_arN_spfN_nuN","ARX(2,1)",Normal,3,sigma2[2],sigma2[2],distribution,0.13942322805518034
"ARX(2,1)_normal_r3_arN_spfN_nuN","ARX(2,1)",Normal,3,Inflation_lag_1,x1,mean_process,0.46062316535115305
"ARX(2,1)_normal_r3_arN_spfN_nuN","ARX(2,1)",Normal,3,Inflation_lag_2,x2,mean_process,-0.012851778133749723
"ARX(2,1)_normal_r3_arN_spfN_nuN","ARX(2,1)",Normal,3,SPF,x3,mean_process,0.5983303493466964
"ARX(2,1)_normal_r3_arN_spfN_nuN","ARX(2,1)",Normal,3,const,const,mean_process,0.011491211363155673
"ARX(2,1)_normal_r3_arN_spfN_nuN","ARX(2,1)",Normal,3,p[0->0],p[0->0],transition_probability,0.34309361836452895
"ARX(2,1)_normal_r3_arN_spfN_nuN","ARX(2,1)",Normal,3,p[0->1],p[0->1],transition_probability,0.6219940800329643
"ARX(2,1)_normal_r3_arN_spfN_nuN","ARX(2,1)",Normal,3,p[1->0],p[1->0],transition_probability,0.30879133123946295
"ARX(2,1)_normal_r3_arN_spfN_nuN","ARX(2,1)",Normal,3,p[1->1],p[1->1],transition_probability,0.6337442937089727
"ARX(2,1)_normal_r3_arN_spfN_nuN","ARX(2,1)",Normal,3,p[2->0],p[2->0],transition_probability,0.019649102428056932
"ARX(2,1)_normal_r3_arN_spfN_nuN","ARX(2,1)",Normal,3,p[2->1],p[2->1],transition_probability,0.08340079469475113
"ARX(2,1)_normal_r3_arY_spfN_nuN","ARX(2,1)",Normal,3,sigma2[0],sigma2[0],distribution,0.017394134370516186
"ARX(2,1)_normal_r3_arY_spfN_nuN","ARX(2,1)",Normal,3,sigma2[1],sigma2[1],distribution,0.019701192463264548
"ARX(2,1)_normal_r3_arY_spfN_nuN","ARX(2,1)",Normal,3,sigma2[2],sigma2[2],distribution,0.159498979579988
"ARX(2,1)_normal_r3_arY_spfN_nuN","ARX(2,1)",Normal,3,Inflation_lag_1[0],x1[0],mean_process,0.05036830517750755
"ARX(2,1)_normal_r3_arY_spfN_nuN","ARX(2,1)",Normal,3,Inflation_lag_1[1],x1[1],mean_process,0.5104421608153338
"ARX(2,1)_normal_r3_arY_spfN_nuN","ARX(2,1)",Normal,3,Inflation_lag_1[2],x1[2],mean_process,0.5409732512985547
"ARX(2,1)_normal_r3_arY_spfN_nuN","ARX(2,1)",Normal,3,Inflation_lag_2[0],x2[0],mean_process,-0.3565856795955288
"ARX(2,1)_normal_r3_arY_spfN_nuN","ARX(2,1)",Normal,3,Inflation_lag_2[1],x2[1],mean_process,0.15950563332373494
"ARX(2,1)_normal_r3_arY_spfN_nuN","ARX(2,1)",Normal,3,Inflation_lag_2[2],x2[2],mean_process,-0.044040702513164394
"ARX(2,1)_normal_r3_arY_spfN_nuN","ARX(2,1)",Normal,3,SPF,x3[2],mean_process,0.47163560354158046
"ARX(2,1)_normal_r3_arY_spfN_nuN","ARX(2,1)",Normal,3,const[0],const[0],mean_process,0.21790068552464376
"ARX(2,1)_normal_r3_arY_spfN_nuN","ARX(2,1)",Normal,3,const[1],const[1],mean_process,-0.011236392485350598
"ARX(2,1)_normal_r3_arY_spfN_nuN","ARX(2,1)",Normal,3,const[2],const[2],mean_process,0.04795234035027754
"ARX(2,1)_normal_r3_arY_spfN_nuN","ARX(2,1)",Normal,3,p[0->0],p[0->0],transition_probability,0.9141746616514386
"ARX(2,1)_normal_r3_arY_spfN_nuN","ARX(2,1)",Normal,3,p[0->1],p[0->1],transition_probability,0.043893747604167574
"ARX(2,1)_normal_r3_arY_spfN_nuN","ARX(2,1)",Normal,3,p[1->0],p[1->0],transition_probability,0.03988650531559374
"ARX(2,1)_normal_r3_arY_spfN_nuN","ARX(2,1)",Normal,3,p[1->1],p[1->1],transition_probability,0.9072751146156105
"ARX(2,1)_normal_r3_arY_spfN_nuN","ARX(2,1)",Normal,3,p[2->0],p[2->0],transition_probability,0.05983455997921442
"ARX(2,1)_normal_r3_arY_spfN_nuN","ARX(2,1)",Normal,3,p[2->1],p[2->1],transition_probability,0.09725387231837551
"ARX(2,2)_normal_r2_arN_spfN_nuN","ARX(2,2)",Normal,2,sigma2[0],sigma2[0],distribution,0.13880074539861217
"ARX(2,2)_normal_r2_arN_spfN_nuN","ARX(2,2)",Normal,2,sigma2[1],sigma2[1],distribution,0.019851588768867546
"ARX(2,2)_normal_r2_arN_spfN_nuN","ARX(2,2)",Normal,2,Inflation_lag_1,x1,mean_process,0.46051761072364505
"ARX(2,2)_normal_r2_arN_spfN_nuN","ARX(2,2)",Normal,2,Inflation_lag_2,x2,mean_process,-0.012665974855866399
"ARX(2,2)_normal_r2_arN_spfN_nuN","ARX(2,2)",Normal,2,SPF,x3,mean_process,0.47513195797473357
"ARX(2,2)_normal_r2_arN_spfN_nuN","ARX(2,2)",Normal,2,SPF_lag_1,x4,mean_process,0.1233109040869733
"ARX(2,2)_normal_r2_arN_spfN_nuN","ARX(2,2)",Normal,2,const,const,mean_process,0.011388746893060565
"ARX(2,2)_normal_r2_arN_spfN_nuN","ARX(2,2)",Normal,2,p[0->0],p[0->0],transition_probability,0.8986047787281578
"ARX(2,2)_normal_r2_arN_spfN_nuN","ARX(2,2)",Normal,2,p[1->0],p[1->0],transition_probability,0.04938210777598112
"ARX(2,2)_normal_r2_arY_spfN_nuN","ARX(2,2)",Normal,2,sigma2[0],sigma2[0],distribution,0.018637372410584756
"ARX(2,2)_normal_r2_arY_spfN_nuN","ARX(2,2)",Normal,2,sigma2[1],sigma2[1],distribution,0.1278179564012186
"ARX(2,2)_normal_r2_arY_spfN_nuN","ARX(2,2)",Normal,2,Inflation_lag_1[0],x1[0],mean_process,0.3857021960168859
"ARX(2,2)_normal_r2_arY_spfN_nuN","ARX(2,2)",Normal,2,Inflation_lag_1[1],x1[1],mean_process,0.5068680108586144
"ARX(2,2)_normal_r2_arY_spfN_nuN","ARX(2,2)",Normal,2,Inflation_lag_2[0],x2[0],mean_process,-0.04092812339147355
"ARX(2,2)_normal_r2_arY_spfN_nuN","ARX(2,2)",Normal,2,Inflation_lag_2[1],x2[1],mean_process,-0.02958912754464885
"ARX(2,2)_normal_r2_arY_spfN_nuN","ARX(2,2)",Normal,2,SPF,x3[1],mean_process,0.413400290954455
"ARX(2,2)_normal_r2_arY_spfN_nuN","ARX(2,2)",Normal,2,SPF_lag_1,x4[1],mean_process,0.1663949768422543
"ARX(2,2)_normal_r2_arY_spfN_nuN","ARX(2,2)",Normal,2,const[0],const[0],mean_process,0.03551277566695254
"ARX(2,2)_normal_r2_arY_spfN_nuN","ARX(2,2)",Normal,2,const[1],const[1],mean_process,0.03566615222795076
"ARX(2,2)_normal_r2_arY_spfN_nuN","ARX(2,2)",Normal,2,p[0->0],p[0->0],transition_probability,0.9504175426518834
"ARX(2,2)_normal_r2_arY_spfN_nuN","ARX(2,2)",Normal,2,p[1->0],p[1->0],transition_probability,0.08714132267376294
"ARX(2,2)_normal_r2_arY_spfY_nuN","ARX(2,2)",Normal,2,sigma2[0],sigma2[0],distribution,0.018475373278067052
"ARX(2,2)_normal_r2_arY_spfY_nuN","ARX(2,2)",Normal,2,sigma2[1],sigma2[1],distribution,0.12580545780823993
"ARX(2,2)_normal_r2_arY_spfY_nuN","ARX(2,2)",Normal,2,Inflation_lag_1[0],x1[0],mean_process,0.384657373110773
"ARX(2,2)_normal_r2_arY_spfY_nuN","ARX(2,2)",Normal,2,Inflation_lag_1[1],x1[1],mean_process,0.5124612707437705
"ARX(2,2)_normal_r2_arY_spfY_nuN","ARX(2,2)",Normal,2,Inflation_lag_2[0],x2[0],mean_process,-0.0447843237489663
"ARX(2,2)_normal_r2_arY_spfY_nuN","ARX(2,2)",Normal,2,Inflation_lag_2[1],x2[1],mean_process,-0.017104200057008256
"ARX(2,2)_normal_r2_arY_spfY_nuN","ARX(2,2)",Normal,2,SPF[0],x3[0],mean_process,0.6627660504777984
"ARX(2,2)_normal_r2_arY_spfY_nuN","ARX(2,2)",Normal,2,SPF[1],x3[1],mean_process,-0.6230882889914584
"ARX(2,2)_normal_r2_arY_spfY_nuN","ARX(2,2)",Normal,2,SPF_lag_1[0],x4[0],mean_process,-0.09861200378076751
"ARX(2,2)_normal_r2_arY_spfY_nuN","ARX(2,2)",Normal,2,SPF_lag_1[1],x4[1],mean_process,1.1990813798617288
"ARX(2,2)_normal_r2_arY_spfY_nuN","ARX(2,2)",Normal,2,const[0],const[0],mean_process,0.039722083985183204
"ARX(2,2)_normal_r2_arY_spfY_nuN","ARX(2,2)",Normal,2,const[1],const[1],mean_process,0.02969191738194398
"ARX(2,2)_normal_r2_arY_spfY_nuN","ARX(2,2)",Normal,2,p[0->0],p[0->0],transition_probability,0.9501701115616507
"ARX(2,2)_normal_r2_arY_spfY_nuN","ARX(2,2)",Normal,2,p[1->0],p[1->0],transition_probability,0.08587409020760939
"ARX(2,2)_normal_r3_arN_spfN_nuN","ARX(2,2)",Normal,3,sigma2[0],sigma2[0],distribution,0.44673812821355446
"ARX(2,2)_normal_r3_arN_spfN_nuN","ARX(2,2)",Normal,3,sigma2[1],sigma2[1],distribution,0.08227008794253389
"ARX(2,2)_normal_r3_arN_spfN_nuN","ARX(2,2)",Normal,3,sigma2[2],sigma2[2],distribution,0.017568691120802758
"ARX(2,2)_normal_r3_arN_spfN_nuN","ARX(2,2)",Normal,3,Inflation_lag_1,x1,mean_process,0.4605835669644582
"ARX(2,2)_normal_r3_arN_spfN_nuN","ARX(2,2)",Normal,3,Inflation_lag_2,x2,mean_process,-0.02307129781459881
"ARX(2,2)_normal_r3_arN_spfN_nuN","ARX(2,2)",Normal,3,SPF,x3,mean_process,0.4081811601469181
"ARX(2,2)_normal_r3_arN_spfN_nuN","ARX(2,2)",Normal,3,SPF_lag_1,x4,mean_process,0.1640539088541056
"ARX(2,2)_normal_r3_arN_spfN_nuN","ARX(2,2)",Normal,3,const,const,mean_process,0.018434410424053083
"ARX(2,2)_normal_r3_arN_spfN_nuN","ARX(2,2)",Normal,3,p[0->0],p[0->0],transition_probability,0.719020099904118
"ARX(2,2)_normal_r3_arN_spfN_nuN","ARX(2,2)",Normal,3,p[0->1],p[0->1],transition_probability,0.2805291365193849
"ARX(2,2)_normal_r3_arN_spfN_nuN","ARX(2,2)",Normal,3,p[1->0],p[1->0],transition_probability,0.027248462454811703
"ARX(2,2)_normal_r3_arN_spfN_nuN","ARX(2,2)",Normal,3,p[1->1],p[1->1],transition_probability,0.8945011130897681
"ARX(2,2)_normal_r3_arN_spfN_nuN","ARX(2,2)",Normal,3,p[2->0],p[2->0],transition_probability,0.00017375887547676854
"ARX(2,2)_normal_r3_arN_spfN_nuN","ARX(2,2)",Normal,3,p[2->1],p[2->1],transition_probability,0.05288254401887509
"ARX(2,2)_normal_r3_arY_spfN_nuN","ARX(2,2)",Normal,3,sigma2[0],sigma2[0],distribution,0.017577401825721047
"ARX(2,2)_normal_r3_arY_spfN_nuN","ARX(2,2)",Normal,3,sigma2[1],sigma2[1],distribution,0.019574138832341353
"ARX(2,2)_normal_r3_arY_spfN_nuN","ARX(2,2)",Normal,3,sigma2[2],sigma2[2],distribution,0.15906771232593397
"ARX(2,2)_normal_r3_arY_spfN_nuN","ARX(2,2)",Normal,3,Inflation_lag_1[0],x1[0],mean_process,0.05729463800886921
"ARX(2,2)_normal_r3_arY_spfN_nuN","ARX(2,2)",Normal,3,Inflation_lag_1[1],x1[1],mean_process,0.5082169286956887
"ARX(2,2)_normal_r3_arY_spfN_nuN","ARX(2,2)",Normal,3,Inflation_lag_1[2],x1[2],mean_process,0.5419064502815522
"ARX(2,2)_normal_r3_arY_spfN_nuN","ARX(2,2)",Normal,3,Inflation_lag_2[0],x2[0],mean_process,-0.3633634983310976
"ARX(2,2)_normal_r3_arY_spfN_nuN","ARX(2,2)",Normal,3,Inflation_lag_2[1],x2[1],mean_process,0.16065731704948052
"ARX(2,2)_normal_r3_arY_spfN_nuN","ARX(2,2)",Normal,3,Inflation_lag_2[2],x2[2],mean_process,-0.029384336556816208
"ARX(2,2)_normal_r3_arY_spfN_nuN","ARX(2,2)",Normal,3,SPF,x3[2],mean_process,0.02312206747032227
"ARX(2,2)_normal_r3_arY_spfN_nuN","ARX(2,2)",Normal,3,SPF_lag_1,x4[2],mean_process,0.45135227720750515
"ARX(2,2)_normal_r3_arY_spfN_nuN","ARX(2,2)",Normal,3,const[0],const[0],mean_process,0.21554545344164752
"ARX(2,2)_normal_r3_arY_spfN_nuN","ARX(2,2)",Normal,3,const[1],const[1],mean_process,-0.010735105584240229
"ARX(2,2)_normal_r3_arY_spfN_nuN","ARX(2,2)",Normal,3,const[2],const[2],mean_process,0.041976932691535136
"ARX(2,2)_normal_r3_arY_spfN_nuN","ARX(2,2)",Normal,3,p[0->0],p[0->0],transition_probability,0.9126695698024939
"ARX(2,2)_normal_r3_arY_spfN_nuN","ARX(2,2)",Normal,3,p[0->1],p[0->1],transition_probability,0.04345783839780609
"ARX(2,2)_normal_r3_arY_spfN_nuN","ARX(2,2)",Normal,3,p[1->0],p[1->0],transition_probability,0.04226625944314497
"ARX(2,2)_normal_r3_arY_spfN_nuN","ARX(2,2)",Normal,3,p[1->1],p[1->1],transition_probability,0.9072582769915333
"ARX(2,2)_normal_r3_arY_spfN_nuN","ARX(2,2)",Normal,3,p[2->0],p[2->0],transition_probability,0.060084876892234816
"ARX(2,2)_normal_r3_arY_spfN_nuN","ARX(2,2)",Normal,3,p[2->1],p[2->1],transition_probability,0.09755961335831842
Constant_normal_r2_arN_spfN_nuN,Constant,Normal,2,sigma2[0],sigma2[0],distribution,0.019499748344411028
Constant_normal_r2_arN_spfN_nuN,Constant,Normal,2,sigma2[1],sigma2[1],distribution,0.1702504120045977
Constant_normal_r2_arN_spfN_nuN,Constant,Normal,2,p[0->0],p[0->0],transition_probability,0.9465905802573624
Constant_normal_r2_arN_spfN_nuN,Constant,Normal,2,p[1->0],p[1->0],transition_probability,0.08217423688167515
Constant_normal_r3_arN_spfN_nuN,Constant,Normal,3,sigma2[0],sigma2[0],distribution,0.013364174232238337
Constant_normal_r3_arN_spfN_nuN,Constant,Normal,3,sigma2[1],sigma2[1],distribution,0.2612684184663468
Constant_normal_r3_arN_spfN_nuN,Constant,Normal,3,sigma2[2],sigma2[2],distribution,0.052089147471933966
Constant_normal_r3_arN_spfN_nuN,Constant,Normal,3,p[0->0],p[0->0],transition_probability,0.9474548968294667
Constant_normal_r3_arN_spfN_nuN,Constant,Normal,3,p[0->1],p[0->1],transition_probability,0.02732260113730133
Constant_normal_r3_arN_spfN_nuN,Constant,Normal,3,p[1->0],p[1->0],transition_probability,2.715866718987922e-07
Constant_normal_r3_arN_spfN_nuN,Constant,Normal,3,p[1->1],p[1->1],transition_probability,0.8999712281358142
Constant_normal_r3_arN_spfN_nuN,Constant,Normal,3,p[2->0],p[2->0],transition_probability,0.04820966169208586
Constant_normal_r3_arN_spfN_nuN,Constant,Normal,3,p[2->1],p[2->1],transition_probability,0.02349021781421346
