timestamp,seed,draw,random_state,mean_type,success,optimizer_success,status,message,loglik,AIC,BIC,param_p0,param_n0,param_rho_p,param_rho_n,param_phi_p_plus,param_phi_n_minus,param_sigma_p,param_sigma_n,se_p0,se_n0,se_rho_p,se_rho_n,se_phi_p_plus,se_phi_n_minus,se_sigma_p,se_sigma_n,param_c,param_rho_1,param_phi_1,se_c,se_rho_1,se_phi_1,param_rho_2,se_rho_2,param_phi_2,se_phi_2,stored_loglik,stored_AIC,stored_BIC,corrected_loglik,corrected_AIC,corrected_BIC,corrected_loglik_delta,selection_shape_reference,selection_high_shape_density,selection_loglik_upper_threshold,selection_loglik_plausible,selection_variance_bound,selection_bounds_ok,selection_constraints_ok,selection_mean_stationary,selection_implied_variance_bounds_ok,selection_eligible,selection_reason,selection_persistence_p,selection_persistence_n,selection_sigma_min,selection_uncond_var_ref,selection_max_p_t,selection_max_n_t,selection_shape_max,selection_cond_var_min,selection_cond_var_median,selection_cond_var_max,selection_cond_var_lower_min,selection_cond_var_lower_max,selection_cond_var_upper_min,selection_cond_var_upper_max,rank,se_message,se_hessian_ridge,se_used_pseudoinverse,se_used_opg_fallback
2026-06-01T19:29:47,22,15,2200151,constant,True,True,0,CONVERGENCE: REL_REDUCTION_OF_F_<=_FACTR*EPSMCH,-157.81214026368787,331.62428052737573,358.58938475239705,4.756535566300043,9.503285331451194,0.7756951571642229,0.5533426597124214,0.1351882630093458,0.2748790389939959,0.1907820735833695,0.0187517443505298,0.15611452108627838,2.3729634481779712e-07,0.00027441567390464744,0.00027318209276446393,2.0817079449878203e-06,0.00027325858726224384,0.15625339591747583,8.67835307535968e-05,,,,,,,,,,,-157.81214026352444,331.6242805270489,358.5893847520702,-157.81214026368787,331.62428052737573,358.58938475239705,-1.6342482922482304e-10,200.0,True,-150.0,True,0.87,True,True,True,True,True,eligible,0.8432892886688957,0.6907821792094193,0.0187517443505298,0.17646904875415964,37.12147331147833,6312.73243739148,6312.73243739148,0.787001476875106,0.8526108138625543,3.103929940217317,8.679283097964063e-08,1.350005585272172e-06,86792.83097964064,1350005.585272172,1,computed,1e-08,False,False
2026-06-02T01:06:10,9,39,900391,constant,True,True,0,CONVERGENCE: REL_REDUCTION_OF_F_<=_FACTR*EPSMCH,-177.88253455436876,371.7650691087375,398.73017333375884,3.212923323358944,0.0487022570131601,0.382742542183041,0.1018850148461507,0.8629585874655527,1.5660224156207845,0.1419887517135479,1.6387606757566897,1.5786339478797116,0.025656301597840055,0.10069409284777692,0.054374089376881735,0.21139592412037886,0.1607623816327329,0.04899543990310115,0.6698728079208044,,,,,,,,,,,-177.88253455437118,371.7650691087424,398.7301733337637,-177.88253455436876,371.7650691087375,398.73017333375884,2.4158453015843406e-12,200.0,False,-150.0,True,0.87,True,True,True,True,True,eligible,0.8142218359158173,0.8848962226565429,0.1419887517135479,0.19556681396580314,125.82614474871167,4.7466126986400425,125.82614474871167,0.25155984668223585,0.36602010587305345,12.9739097622806,8.679283097964063e-08,1.350005585272172e-06,86792.83097964064,1350005.585272172,2,computed,1e-08,False,False
2026-06-01T18:14:01,17,10,1700101,constant,True,True,0,CONVERGENCE: REL_REDUCTION_OF_F_<=_FACTR*EPSMCH,-177.8825347153594,371.7650694307188,398.73017365574015,3.213698029211253,0.0487099017633742,0.3826577361663341,0.101898576317998,0.8630173188448581,1.565881737791176,0.141986328926435,1.6388021263679684,1.3867738143165769,0.025480892824619187,0.10015242558602772,0.05358111881460199,0.20910169550508773,0.16157901602614708,0.04614389392886761,0.6600430231381176,,,,,,,,,,,-177.88253471535683,371.76506943071365,398.730173655735,-177.8825347153594,371.7650694307188,398.73017365574015,-2.5863755581667647e-12,200.0,False,-150.0,True,0.87,True,True,True,True,True,eligible,0.8141663955887631,0.884839445213586,0.141986328926435,0.1956073694361356,125.83234508257328,4.745963159596764,125.83234508257328,0.2515990966008061,0.36605404222434335,12.972767870497641,8.679283097964063e-08,1.350005585272172e-06,86792.83097964064,1350005.585272172,3,computed,1e-08,False,False
2026-06-01T17:46:44,34,10,3400101,constant,True,True,0,CONVERGENCE: REL_REDUCTION_OF_F_<=_FACTR*EPSMCH,-177.88253476883102,371.76506953766204,398.73017376268336,3.2123226426817064,0.0487179735397416,0.3827228513860232,0.1018844261550557,0.8630535984276442,1.5657999901066062,0.1420021478524687,1.6384792264468124,1.649061511252733,0.025827101712583924,0.10055064917560338,0.05535830801510939,0.2112555952668407,0.16228196632022718,0.05154162023550625,0.6790850972773829,,,,,,,,,,,-177.88253476882772,371.76506953765545,398.7301737626768,-177.88253476883102,371.76506953766204,398.73017376268336,-3.296918293926865e-12,200.0,False,-150.0,True,0.87,True,True,True,True,True,eligible,0.8142496505998453,0.8847844212083588,0.1420021478524687,0.19556419563318123,125.81397873658767,4.74757566887133,125.81397873658767,0.251553464880762,0.36602287685784546,12.97211359420597,8.679283097964063e-08,1.350005585272172e-06,86792.83097964064,1350005.585272172,4,computed,1e-08,False,False
2026-06-01T21:44:10,1,28,100281,constant,True,True,0,CONVERGENCE: REL_REDUCTION_OF_F_<=_FACTR*EPSMCH,-177.88253480508212,371.76506961016423,398.73017383518555,3.2124189866931525,0.0487202530596156,0.3827748319089812,0.1018411335268313,0.8629711352354378,1.565832895837075,0.1419946321295585,1.6384162229140466,1.5799226937350734,0.02565954008972074,0.10094506053742368,0.05482009038072326,0.21157188158866722,0.1614811871848928,0.049871849495256255,0.6702072881994378,,,,,,,,,,,-177.88253480508308,371.76506961016617,398.7301738351875,-177.88253480508212,371.76506961016423,398.73017383518555,9.663381206337363e-13,200.0,False,-150.0,True,0.87,True,True,True,True,True,eligible,0.8142603995267002,0.8847575814453689,0.1419946321295585,0.195555342696761,125.81990121374943,4.748035192379295,125.81990121374943,0.25154304350695744,0.3660086027342414,12.972391706995896,8.679283097964063e-08,1.350005585272172e-06,86792.83097964064,1350005.585272172,5,computed,1e-08,False,False
2026-06-01T18:27:59,46,10,4600101,constant,True,True,0,CONVERGENCE: REL_REDUCTION_OF_F_<=_FACTR*EPSMCH,-177.8825348761366,371.7650697522732,398.7301739772945,3.2130977884086187,0.0487203122261328,0.3826810095296397,0.1018415753735169,0.863132594596036,1.5658671647461555,0.1419929220683021,1.6382426690876712,1.6449614004485877,0.025757789139984742,0.1013368535853784,0.05464540448620126,0.21241464413967379,0.16139934314535903,0.05045409528601757,0.6738492291082838,,,,,,,,,,,-177.88253487613989,371.76506975227977,398.7301739773011,-177.8825348761366,371.7650697522732,398.7301739772945,3.296918293926865e-12,200.0,False,-150.0,True,0.87,True,True,True,True,True,eligible,0.8142473068276577,0.8847751577465947,0.1419929220683021,0.19553992134467107,125.83830727716636,4.749132596134299,125.83830727716636,0.2515156630107975,0.36598774468388406,12.97259928357602,8.679283097964063e-08,1.350005585272172e-06,86792.83097964064,1350005.585272172,6,computed,1e-08,False,False
2026-06-01T20:44:47,22,21,2200211,constant,True,True,0,CONVERGENCE: REL_REDUCTION_OF_F_<=_FACTR*EPSMCH,-177.88253488101554,371.7650697620311,398.7301739870524,3.2130237607069057,0.0487217879134565,0.3827442902606986,0.1018957587830726,0.8628636239842119,1.5656466341507085,0.1419897953181735,1.6385068124121172,1.565874121959675,0.02554839359763486,0.10086875386328104,0.05430317176197365,0.21112533862606694,0.16168703409978097,0.04953692875521829,0.6649309728112797,,,,,,,,,,,-177.88253488101967,371.7650697620393,398.7301739870607,-177.88253488101554,371.7650697620311,398.7301739870524,4.121147867408581e-12,200.0,False,-150.0,True,0.87,True,True,True,True,True,eligible,0.8141761022528046,0.8847190758584268,0.1419897953181735,0.19558170656644336,125.8114130679379,4.746962913737887,125.8114130679379,0.2515798932534257,0.36602794810537825,12.970893822424085,8.679283097964063e-08,1.350005585272172e-06,86792.83097964064,1350005.585272172,7,computed,1e-08,False,False
2026-06-01T20:31:22,40,25,4000251,constant,True,True,0,CONVERGENCE: REL_REDUCTION_OF_F_<=_FACTR*EPSMCH,-177.8825349910553,371.7650699821106,398.73017420713194,3.213968358579827,0.0487295753591186,0.3827274793281617,0.1018395759161021,0.8630267130535785,1.5659319373537457,0.1419629586436941,1.6380889063833926,1.5824520206478656,0.02548292627351051,0.10116133086956221,0.05387656578482847,0.20999586513332755,0.16135308667614903,0.04935849464865638,0.661934994284663,,,,,,,,,,,-177.8825349910514,371.7650699821028,398.73017420712415,-177.8825349910553,371.7650699821106,398.73017420713194,-3.922195901395753e-12,200.0,False,-150.0,True,0.87,True,True,True,True,True,eligible,0.8142408358549509,0.884805544592975,0.1419629586436941,0.19553044028412403,125.87988702168255,4.750218463538548,125.87988702168255,0.2515079380073335,0.36597341761742846,12.973129346781292,8.679283097964063e-08,1.350005585272172e-06,86792.83097964064,1350005.585272172,8,computed,1e-08,False,False
2026-06-02T00:50:08,22,40,2200401,constant,True,True,0,CONVERGENCE: REL_REDUCTION_OF_F_<=_FACTR*EPSMCH,-177.8825350326504,371.7650700653008,398.7301742903221,3.212207024837794,0.048706306110963,0.382746278446685,0.1019002137468383,0.8630805446176439,1.565813525326623,0.1420030810058647,1.6389201782590728,1.6483045022119833,0.025788886763874957,0.10085470386719853,0.054800498136133864,0.2114973769585816,0.16150347608862678,0.05125350983487851,0.6760332317872205,,,,,,,,,,,-177.88253503265224,371.7650700653045,398.7301742903258,-177.8825350326504,371.7650700653008,398.7301742903221,1.8474111129762605e-12,200.0,False,-150.0,True,0.87,True,True,True,True,True,eligible,0.814286550755507,0.8848069764101498,0.1420030810058647,0.1956017821463073,125.81801060494922,4.745079036239916,125.81801060494922,0.25160135346797396,0.36607841271570474,12.97228995164784,8.679283097964063e-08,1.350005585272172e-06,86792.83097964064,1350005.585272172,9,computed,1e-08,False,False
2026-06-01T19:31:34,44,17,4400171,constant,True,True,0,CONVERGENCE: REL_REDUCTION_OF_F_<=_FACTR*EPSMCH,-177.88253505259175,371.7650701051835,398.7301743302048,3.2126071175398847,0.0487038977067746,0.3827949567563932,0.1018587519496148,0.8628545491754364,1.5662032135540234,0.1419892737598878,1.638976857679013,1.5519214842787779,0.025662336320315185,0.10086918027143306,0.05467546103562326,0.2107197858272911,0.16138532540118383,0.04939428673588025,0.6718849155472504,,,,,,,,,,,-177.88253505258768,371.76507010517537,398.7301743301967,-177.88253505259175,371.7650701051835,398.7301743302048,-4.064304448547773e-12,200.0,False,-150.0,True,0.87,True,True,True,True,True,eligible,0.8142222313441114,0.8849603587266265,0.1419892737598878,0.19559983239045786,125.81476502199195,4.745916759996524,125.81476502199195,0.2515984523631072,0.36605270677788415,12.975424148069491,8.679283097964063e-08,1.350005585272172e-06,86792.83097964064,1350005.585272172,10,computed,1e-08,False,False
2026-06-01T17:49:02,29,10,2900101,constant,True,True,0,CONVERGENCE: REL_REDUCTION_OF_F_<=_FACTR*EPSMCH,-177.88253510599617,371.76507021199234,398.73017443701366,3.2135621125280025,0.0487204635491615,0.38260070945318,0.1018860533281149,0.8632139912576311,1.5657550037205277,0.1419951075505215,1.6383796370932584,1.3543488007958568,0.025830875725846192,0.10415635867180865,0.05325056032827322,0.2140133950019848,0.16264339311368275,0.04526369300162583,0.6714795556187764,,,,,,,,,,,-177.88253510600163,371.76507021200325,398.7301744370246,-177.88253510599617,371.76507021199234,398.73017443701366,5.4569682106375694e-12,200.0,False,-150.0,True,0.87,True,True,True,True,True,eligible,0.8142077050819956,0.8847635551883788,0.1419951075505215,0.19557354904425225,125.83973386138291,4.748014269144151,125.83973386138291,0.25155211242588016,0.366023442857762,12.9716901545457,8.679283097964063e-08,1.350005585272172e-06,86792.83097964064,1350005.585272172,11,computed,1e-08,False,False
2026-06-01T20:34:34,10,25,1000251,constant,True,True,0,CONVERGENCE: REL_REDUCTION_OF_F_<=_FACTR*EPSMCH,-177.8825351091374,371.7650702182748,398.7301744432961,3.2143136662150167,0.048720289418967,0.3827150717476985,0.1018226964908079,0.8630678988004791,1.566053004370774,0.1419573061012346,1.638633260660881,1.3896019415362004,0.02544526372113259,0.10075704182318283,0.05366838845241082,0.2100910623715425,0.1609128498510696,0.04623827292662757,0.6554198871269398,,,,,,,,,,,-177.8825351091409,371.7650702182818,398.7301744433031,-177.8825351091374,371.7650702182748,398.7301744432961,3.495870259939693e-12,200.0,False,-150.0,True,0.87,True,True,True,True,True,eligible,0.8142490211479381,0.8848491986761949,0.1419573061012346,0.1955942258541411,125.89473559101674,4.747450441750391,125.89473559101674,0.2515749262392352,0.36604349831296423,12.974167980512014,8.679283097964063e-08,1.350005585272172e-06,86792.83097964064,1350005.585272172,12,computed,1e-08,False,False
2026-06-01T16:44:24,27,3,2700031,constant,True,True,0,CONVERGENCE: REL_REDUCTION_OF_F_<=_FACTR*EPSMCH,-177.88253515639514,371.7650703127903,398.7301745378116,3.214762403475328,0.0487147478384574,0.3826824869552559,0.1018945458254468,0.8629783969647524,1.5657981199457804,0.1419556955039849,1.6386932572901918,1.5865453907307236,0.02562905313492564,0.10098510755927444,0.054420617264595655,0.21121403557077367,0.16110160263599735,0.0498101123196596,0.6681307867356785,,,,,,,,,,,-177.88253515640125,371.7650703128025,398.7301745378238,-177.88253515639514,371.7650703127903,398.7301745378116,6.110667527536862e-12,200.0,False,-150.0,True,0.87,True,True,True,True,True,eligible,0.8141716854376322,0.884793605798337,0.1419556955039849,0.19559649764634998,125.88284837443706,4.746341165997532,125.88284837443706,0.25158735398445115,0.3660408830651233,12.972094567692844,8.679283097964063e-08,1.350005585272172e-06,86792.83097964064,1350005.585272172,13,computed,1e-08,False,False
2026-06-01T20:44:30,26,27,2600271,constant,True,True,0,CONVERGENCE: REL_REDUCTION_OF_F_<=_FACTR*EPSMCH,-177.88253517299046,371.7650703459809,398.73017457100224,3.2124027591464115,0.0487339172464715,0.3827850390026097,0.1018613444916758,0.8629517692475108,1.5658062124211602,0.1419932939690094,1.6379715470001486,1.5312131605878099,0.025502687604510674,0.10065592915407133,0.05379204628082577,0.21054493404665214,0.16136071978823385,0.04900469296355949,0.6561551051968905,,,,,,,,,,,-177.88253517299017,371.7650703459804,398.73017457100167,-177.88253517299046,371.7650703459809,398.73017457100224,-2.8421709430404007e-13,200.0,False,-150.0,True,0.87,True,True,True,True,True,eligible,0.8142609236263652,0.884764450702256,0.1419932939690094,0.19551947303457523,125.82032988899017,4.7505204794949965,125.82032988899017,0.2515074600807926,0.3659726187444111,12.97214551515147,8.679283097964063e-08,1.350005585272172e-06,86792.83097964064,1350005.585272172,14,computed,1e-08,False,False
2026-06-02T00:36:06,17,39,1700391,constant,True,True,0,CONVERGENCE: REL_REDUCTION_OF_F_<=_FACTR*EPSMCH,-177.8825351797716,371.7650703595432,398.7301745845645,3.2143508946140025,0.0487038080980287,0.3826585359624638,0.1018929560530426,0.8631760375928453,1.565933310335062,0.1419649835908526,1.638986266033478,1.5028814533100345,0.025561433308173547,0.100718947966366,0.05430991120859913,0.21054277612339065,0.1611471248876952,0.04835002664875087,0.6639824263098305,,,,,,,,,,,-177.88253517977682,371.7650703595537,398.73017458457497,-177.8825351797716,371.7650703595432,398.7301745845645,5.229594535194337e-12,200.0,False,-150.0,True,0.87,True,True,True,True,True,eligible,0.8142465547588864,0.8848596112205735,0.1419649835908526,0.19561407959312874,125.89194023506501,4.745056353936952,125.89194023506501,0.25160272432228414,0.36607847618564116,12.973209294421292,8.679283097964063e-08,1.350005585272172e-06,86792.83097964064,1350005.585272172,15,computed,1e-08,False,False
2026-06-01T22:47:06,7,35,700351,constant,True,True,0,CONVERGENCE: REL_REDUCTION_OF_F_<=_FACTR*EPSMCH,-177.88253518827648,371.76507037655296,398.7301746015743,3.211421314339062,0.0487153917925495,0.3827623125707192,0.1018703791586269,0.862890018954791,1.565917644682447,0.1420244949229012,1.638557371588601,0.18645748616475863,0.02044757565190812,0.000501403979470276,0.02918322998874827,0.001887083155932747,0.05031743034422252,0.013443118068341519,0.07723232578891538,,,,,,,,,,,-177.88253518679642,371.7650703735928,398.73017459861416,-177.88253518827648,371.76507037655296,398.7301746015743,-1.4800605185882887e-09,200.0,False,-150.0,True,0.87,True,True,True,True,True,eligible,0.8142073220481147,0.8848292014998504,0.1420244949229012,0.19557194837560682,125.75514611448492,4.747476917589242,125.75514611448492,0.2515677252166827,0.3660215905266092,12.973078385893162,8.679283097964063e-08,1.350005585272172e-06,86792.83097964064,1350005.585272172,16,computed,1e-08,False,False
2026-06-01T22:08:10,29,30,2900301,constant,True,True,0,CONVERGENCE: REL_REDUCTION_OF_F_<=_FACTR*EPSMCH,-177.88253524490312,371.76507048980625,398.73017471482757,3.213150960611032,0.0487311426710334,0.3828157115511967,0.1018910369585367,0.8627862284871711,1.5657035743175365,0.141969274238434,1.6381972488860497,1.0666563212818223,0.02506522272248546,0.10206331397554166,0.052414099120241524,0.21121759378273142,0.1599684674744597,0.04135418614185414,0.6225276246600259,,,,,,,,,,,-177.88253524489804,371.7650704897961,398.7301747148174,-177.88253524490312,371.76507048980625,398.73017471482757,-5.087485988042317e-12,200.0,False,-150.0,True,0.87,True,True,True,True,True,eligible,0.8142088257947823,0.884742824117305,0.141969274238434,0.19554123197491313,125.84188387400535,4.748917469655848,125.84188387400535,0.251538413035283,0.3659874166192581,12.971347969770708,8.679283097964063e-08,1.350005585272172e-06,86792.83097964064,1350005.585272172,17,computed,1e-08,False,False
2026-06-01T22:07:39,47,25,4700251,constant,True,True,0,CONVERGENCE: REL_REDUCTION_OF_F_<=_FACTR*EPSMCH,-177.88253524626825,371.7650704925365,398.7301747175578,3.212083138770171,0.0487205952660975,0.3826793997506216,0.1018941161848924,0.8631318564844049,1.5656683495020547,0.1420170365886764,1.6382652440124632,1.6816215451228338,0.02583158888514977,0.10197799297012486,0.054023583293221836,0.2171077819298206,0.16320882636616332,0.0488566361447665,0.6820768044738018,,,,,,,,,,,-177.88253524624383,371.76507049248767,398.730174717509,-177.88253524626825,371.7650704925365,398.7301747175578,-2.4414248400717042e-11,200.0,False,-150.0,True,0.87,True,True,True,True,True,eligible,0.8142453279928241,0.8847282909359198,0.1420170365886764,0.1955458261341131,125.79545679908524,4.7484106118362295,125.79545679908524,0.25153142932784633,0.3660044512933658,12.971013839466872,8.679283097964063e-08,1.350005585272172e-06,86792.83097964064,1350005.585272172,18,computed,1e-08,False,False
2026-06-01T22:01:44,45,28,4500281,constant,True,True,0,CONVERGENCE: REL_REDUCTION_OF_F_<=_FACTR*EPSMCH,-177.88253533086885,371.7650706617377,398.730174886759,3.213669401310796,0.0487247695030719,0.3827474819472334,0.1018026491570136,0.8630631723385545,1.5659950279493895,0.1419630575166344,1.637972058438581,1.6520825944467925,0.025834328350977556,0.10149284221689264,0.05472087358423939,0.2127172042885793,0.16046950939500337,0.051185029584867224,0.6780462347947004,,,,,,,,,,,-177.88253533087425,371.7650706617485,398.7301748867698,-177.88253533086885,371.7650706617377,398.730174886759,5.4001247917767614e-12,200.0,False,-150.0,True,0.87,True,True,True,True,True,eligible,0.8142790681165106,0.8848001631317084,0.1419630575166344,0.19549295785729842,125.88607416942486,4.751070122829921,125.88607416942486,0.25146064488104136,0.3659330556702488,12.973608506801119,8.679283097964063e-08,1.350005585272172e-06,86792.83097964064,1350005.585272172,19,computed,1e-08,False,False
2026-06-02T00:08:25,16,40,1600401,constant,True,True,0,CONVERGENCE: REL_REDUCTION_OF_F_<=_FACTR*EPSMCH,-177.88253534165926,371.7650706833185,398.73017490833985,3.214421379308858,0.0487356091756661,0.3827371245126985,0.1018805244911016,0.8629622577483391,1.5658326788686925,0.1419567677636237,1.638414886822008,1.5605727735796355,0.02560087728678957,0.10097211799448258,0.05445466832203443,0.21117081288602055,0.16085371398386472,0.04932905723681009,0.667704681588578,,,,,,,,,,,-177.8825353416513,371.7650706833026,398.73017490832393,-177.88253534165926,371.7650706833185,398.73017490833985,-7.958078640513122e-12,200.0,False,-150.0,True,0.87,True,True,True,True,True,eligible,0.814218253386868,0.8847968639254479,0.1419567677636237,0.19560216429312682,125.88297302652887,4.748061674573258,125.88297302652887,0.2515979925179861,0.3660575902733579,12.972418018003083,8.679283097964063e-08,1.350005585272172e-06,86792.83097964064,1350005.585272172,20,computed,1e-08,False,False
2026-06-02T00:18:19,3,40,300402,"ARX(1,1)",True,True,0,CONVERGENCE: REL_REDUCTION_OF_F_<=_FACTR*EPSMCH,-157.74676298324638,337.49352596649277,374.5705442758971,9.17641897637408,2.397874451390944,0.6905786338773111,0.0,0.4826348193628245,1.4061780940951991,0.048940307569367,0.1606590441119994,8.334712543571912e-07,2.1772521522224624e-07,1.7840920744527582e-06,8.354058814203777e-07,1.9016405612554836e-06,1.4037753015531516e-06,1.9280331005843145e-06,1.779655902967995e-06,0.0526450626246453,0.3798238030006626,0.6153932302249807,1.9205809235222918e-06,1.858723871331829e-06,1.8562068180402314e-06,,,,,-157.7467592255386,337.4935184510772,374.5705367604815,-157.74676298324638,337.49352596649277,374.5705442758971,-3.757707787599429e-06,200.0,True,-150.0,True,0.87,True,True,True,True,True,eligible,0.9318960435587234,0.7030890470475996,0.048940307569367,0.08387125896841,509.0038189549526,456.4132301890396,509.0038189549526,0.1369718073349403,0.2575565237744821,12.048805251702154,9.039835873826201e-08,1.4843960789730114e-06,90398.358738262,1484396.0789730116,1,computed,1e-08,False,False
2026-06-01T22:45:52,6,34,600342,"ARX(1,1)",True,True,0,CONVERGENCE: REL_REDUCTION_OF_F_<=_FACTR*EPSMCH,-170.51903762419622,363.03807524839243,400.11509355779674,1.9660855593149988,0.0775972053626692,0.5608651748021473,0.0257306836478234,0.6337471792902633,1.0597624739828249,0.158209478019983,0.8460631876713443,1.3418972448710464,0.07712559079367459,0.20284862384825758,0.05033168211155395,0.322697715102059,0.8422311999219703,0.06137310533682869,0.4814973658552451,0.1323216218825303,0.2929435526943773,0.6249554811696001,0.09381009181326189,0.0945022742257987,0.16064460947167958,,,,,-170.51903762423126,363.0380752484625,400.1150935578668,-170.51903762419622,363.03807524839243,400.11509355779674,3.504396772768814e-11,200.0,False,-150.0,True,0.87,True,True,True,True,True,eligible,0.8777387644472789,0.5556119206392358,0.158209478019983,0.10475744925208835,60.17115291903485,12.595790767894856,60.17115291903485,0.16982966754584572,0.26193059639819327,9.274512332827111,9.406774061245357e-08,1.419511256582447e-06,94067.74061245358,1419511.256582447,2,computed,1e-08,False,False
2026-06-01T21:11:19,38,24,3800242,"ARX(1,1)",True,True,0,CONVERGENCE: REL_REDUCTION_OF_F_<=_FACTR*EPSMCH,-170.51903883359927,363.03807766719854,400.11509597660284,1.9678141134742773,0.0776425391703944,0.5606609294100943,0.0256968893230879,0.6340416107709409,1.0593658658074308,0.1581921551110041,0.8457393554177104,1.0328348311823097,0.08252292514968407,0.18391112107497073,0.050520178464084346,0.29571629529611654,0.9174693081546277,0.0671758685936372,0.5448867050153368,0.1323510324163457,0.2929359375745139,0.6249448533817588,0.09887429550879674,0.09485184575938263,0.16597575003638573,,,,,-170.51903883358872,363.0380776671775,400.11509597658176,-170.51903883359927,363.03807766719854,400.11509597660284,-1.0544454198679887e-11,200.0,False,-150.0,True,0.87,True,True,True,True,True,eligible,0.8776817347955648,0.5553798222268033,0.1581921551110041,0.10477984351218536,60.208945420549675,12.60084010112488,60.208945420549675,0.1698376365598838,0.2619067152635363,9.271182289486394,9.407128042154758e-08,1.4195138148589863e-06,94071.28042154758,1419513.8148589863,3,computed,1e-08,False,False
2026-06-01T22:01:34,4,28,400282,"ARX(1,1)",True,True,0,CONVERGENCE: REL_REDUCTION_OF_F_<=_FACTR*EPSMCH,-170.51903940991787,363.03807881983573,400.11509712924004,1.9664448178555056,0.0776691454008285,0.5609903420113367,0.0256007450362573,0.6336111233119336,1.05986205740787,0.1581498792243,0.8458866127649693,0.7333781576389735,0.053287235668132864,0.2930103951606059,0.1209342672087557,0.38354727996025506,0.38391419326385956,0.04724224535415477,0.26396512114079795,0.1322515487452192,0.2928658836559114,0.6250899761425497,0.09040385400294842,0.10503391224105806,0.19280527967152236,,,,,-170.51903941105616,363.0380788221123,400.1150971315166,-170.51903940991787,363.03807881983573,400.11509712924004,1.1382894626876805e-09,200.0,False,-150.0,True,0.87,True,True,True,True,True,eligible,0.8777959036673035,0.5555317737401924,0.1581498792243,0.10475765719088143,60.205257909271005,12.601991777848415,60.205257909271005,0.16981860830082268,0.26192660653040045,9.275218332659039,9.405975632917609e-08,1.419474113070203e-06,94059.75632917609,1419474.113070203,4,computed,1e-08,False,False
2026-06-01T22:07:16,37,32,3700322,"ARX(1,1)",True,True,0,CONVERGENCE: REL_REDUCTION_OF_F_<=_FACTR*EPSMCH,-170.51903971613024,363.0380794322605,400.1150977416648,1.9655639692500448,0.0776193860083183,0.5609257796466217,0.0259079471193664,0.6336980422774557,1.0591140370081769,0.1582171196325456,0.846327013273395,1.1480858916191239,0.07986410558404153,0.17941347314625086,0.051064743060827714,0.283797465943421,0.8616110543916936,0.0643987565290826,0.4963283306323017,0.1322913040258424,0.2929690754702816,0.6249274382995028,0.09627463732364742,0.09310821994932737,0.1621618916817989,,,,,-170.5190397161327,363.0380794322654,400.1150977416697,-170.51903971613024,363.0380794322605,400.1150977416648,2.4726887204451486e-12,200.0,False,-150.0,True,0.87,True,True,True,True,True,eligible,0.8777748007853496,0.5554649656234548,0.1582171196325456,0.10479968062969006,60.1632037071736,12.5802086942823,60.1632037071736,0.16989111926262068,0.2619340744079076,9.269004549592768,9.406175668147775e-08,1.4195107168352802e-06,94061.75668147775,1419510.7168352802,5,computed,1e-08,False,False
2026-06-01T19:47:42,36,18,3600182,"ARX(1,1)",True,True,0,CONVERGENCE: REL_REDUCTION_OF_F_<=_FACTR*EPSMCH,-170.51904037190644,363.0380807438129,400.1150990532172,1.967309146907624,0.0775953587831812,0.5606602124674601,0.0256456064255975,0.6341450568752527,1.0591422493294138,0.1582111507621127,0.8462587772609567,1.631114435035543,0.08302876751142464,0.1916533611240793,0.05129813999731378,0.30633036842938594,0.9128983769872623,0.0738133028789959,0.5086093690153705,0.1323619635604399,0.2929535901386194,0.6248956479433834,0.09734033440402073,0.09554463644050624,0.16695798065514755,,,,,-170.51904037189792,363.03808074379583,400.11509905320014,-170.51904037190644,363.0380807438129,400.1150990532172,-8.526512829121202e-12,200.0,False,-150.0,True,0.87,True,True,True,True,True,eligible,0.8777327409050865,0.5552167310903044,0.1582111507621127,0.10481347950236405,60.20398549207684,12.582734269636767,60.20398549207684,0.1698674386969953,0.26190521296691316,9.269311644881707,9.406988136714946e-08,1.4195171845039111e-06,94069.88136714946,1419517.184503911,6,computed,1e-08,False,False
2026-06-01T20:24:14,15,21,1500212,"ARX(1,1)",True,True,0,CONVERGENCE: REL_REDUCTION_OF_F_<=_FACTR*EPSMCH,-170.51904128111806,363.0380825622361,400.11510087164044,1.966500025367027,0.0777079259124559,0.560917272345056,0.0257023389755175,0.6335220464174398,1.0603193197968834,0.1581607741967222,0.8454537070366382,0.9921085119961781,0.0731971773542579,0.22595504000830097,0.0563596205868226,0.3422890404419991,0.8648244755698401,0.05685002336550909,0.40104802682195023,0.1322899609040919,0.2930549446255461,0.6248279605236451,0.09985145351002028,0.08543402033835305,0.15895923164663306,,,,,-170.5190412811304,363.0380825622608,400.1151008716651,-170.51904128111806,363.0380825622361,400.11510087164044,1.233502189279534e-11,200.0,False,-150.0,True,0.87,True,True,True,True,True,eligible,0.8776782955537759,0.5558619988739593,0.1581607741967222,0.1047366663072362,60.190827173921775,12.620324499960313,60.190827173921775,0.16979565830574872,0.26190584471291933,9.279012442702149,9.406089674123872e-08,1.419537838010739e-06,94060.89674123873,1419537.838010739,7,computed,1e-08,False,False
2026-06-01T22:15:28,20,33,2000332,"ARX(1,1)",True,True,0,CONVERGENCE: REL_REDUCTION_OF_F_<=_FACTR*EPSMCH,-170.51904146518558,363.03808293037116,400.11510123977547,1.965579306353324,0.0776274585151819,0.5607240483936003,0.02594588186819,0.6338843561757481,1.0596388849721443,0.1582578895982496,0.8461064206990601,1.1224703871122814,0.07799068906386995,0.16763103795362386,0.05320009188384225,0.26675076744054177,0.843510115022932,0.060206887569822946,0.49561451006662843,0.1323954363436099,0.2930754149973701,0.6247294586520672,0.09762171226205642,0.09500774319421613,0.1376867026516202,,,,,-170.5190414651344,363.0380829302688,400.1151012396731,-170.51904146518558,363.03808293037116,400.11510123977547,-5.118749868415762e-11,200.0,False,-150.0,True,0.87,True,True,True,True,True,eligible,0.8776662264814744,0.5557653243542622,0.1582578895982496,0.10480222658003725,60.1459369751407,12.593282361292019,60.1459369751407,0.1698756979266304,0.2619517895520074,9.273567782431963,9.407265620982951e-08,1.4195613588924686e-06,94072.65620982951,1419561.3588924685,8,computed,1e-08,False,False
2026-06-01T20:28:06,13,20,1300202,"ARX(1,1)",True,True,0,CONVERGENCE: REL_REDUCTION_OF_F_<=_FACTR*EPSMCH,-170.5190420027703,363.0380840055406,400.1151023149449,1.96318504961444,0.0776933640914458,0.561096328683794,0.0255364919384566,0.6332724522421477,1.0591159494829203,0.1582830495808198,0.8458969514457597,1.2152591342446974,0.08269476536132142,0.17979362020266534,0.05023071004704656,0.2829793634110014,0.9268120909388563,0.06530049823747554,0.5147467999991622,0.1323786624583694,0.293070372227504,0.6247247443670914,0.09595233255550437,0.09221747410810033,0.16018815721092017,,,,,-170.51904200273583,363.03808400547166,400.115102314876,-170.5190420027703,363.0380840055406,400.1151023149449,-3.447553353908006e-11,200.0,False,-150.0,True,0.87,True,True,True,True,True,eligible,0.8777325548048678,0.5550944666799168,0.1582830495808198,0.10477754146167075,60.07572700284921,12.593147977868588,60.07572700284921,0.16986251636218536,0.2618648154756461,9.269097432253545,9.406811570523876e-08,1.4195527210782255e-06,94068.11570523876,1419552.7210782254,9,computed,1e-08,False,False
2026-06-01T21:29:00,2,25,200252,"ARX(1,1)",True,True,0,CONVERGENCE: REL_REDUCTION_OF_F_<=_FACTR*EPSMCH,-170.5190422613396,363.0380845226792,400.1151028320835,1.96788081176171,0.0774939137413531,0.5608417677186304,0.0256776468357046,0.6338235792896635,1.0607328965014953,0.1581431031415855,0.8468695421109236,9.39064158776041,0.6073096182804224,1.6955091712950991,0.2589123842252186,2.710791957177321,8.746004653647965,0.004760293676887092,4.4878472742790585,0.1322600407983299,0.2928955436144725,0.6250491854377945,0.36503415147618823,0.1733474570642632,0.022166531020630337,,,,,-170.51904226137074,363.0380845227415,400.1151028321458,-170.5190422613396,363.0380845226792,400.1151028320835,3.115019353572279e-11,200.0,False,-150.0,True,0.87,True,True,True,True,True,eligible,0.8777535573634621,0.5560440950864523,0.1581431031415855,0.10479291228406493,60.22996179798379,12.583063050953275,60.22996179798379,0.16986166014914258,0.26203900651098216,9.28259904495045,9.406045947675839e-08,1.4194849016953394e-06,94060.45947675839,1419484.9016953395,10,computed,1e-08,False,False
2026-06-02T00:06:09,30,31,3000312,"ARX(1,1)",True,True,0,CONVERGENCE: REL_REDUCTION_OF_F_<=_FACTR*EPSMCH,-170.51904260723347,363.03808521446695,400.11510352387126,1.9655874326254383,0.0776374056805684,0.5606009772485989,0.025710289735941,0.6341523798478731,1.060747651974884,0.1582843576976065,0.8460000855331513,1.346388629522491,0.085147073012166,0.19373532468582294,0.051681380800061794,0.3057865775457412,0.9266284235756919,0.0658858268654766,0.5397086476151377,0.1323334973792674,0.2929769854599765,0.6248444481001165,0.09636540706473957,0.09309684164305758,0.16087213383237925,,,,,-170.5190426072087,363.0380852144174,400.1151035238217,-170.51904260723347,363.03808521446695,400.11510352387126,-2.4783730623312294e-11,200.0,False,-150.0,True,0.87,True,True,True,True,True,eligible,0.8776771671725354,0.556084115723383,0.1582843576976065,0.10481205013771198,60.150934920144515,12.609134750857205,60.150934920144515,0.1698593061829259,0.2620060457848768,9.282664419741488,9.406121708951932e-08,1.4195115797782004e-06,94061.21708951931,1419511.5797782002,11,computed,1e-08,False,False
2026-06-01T19:42:10,11,17,1100172,"ARX(1,1)",True,True,0,CONVERGENCE: REL_REDUCTION_OF_F_<=_FACTR*EPSMCH,-170.5190428659904,363.0380857319808,400.1151040413851,1.9662980272647816,0.0777194868999643,0.560833650613216,0.025932483721154,0.6338801641272757,1.0583003641910758,0.1582279194529595,0.8455161921707703,1.3691267180963476,0.08439592796842031,0.19350689397274745,0.050910393611286554,0.305597295449087,0.9457932154755023,0.06654329202629004,0.5358135200693492,0.1324292446615747,0.2929192633278656,0.6248862516291321,0.09621670435452478,0.09305133190999218,0.1600596985974591,,,,,-170.51904286597374,363.0380857319475,400.1151040413518,-170.5190428659904,363.0380857319808,400.1151040413851,-1.6655121726216748e-11,200.0,False,-150.0,True,0.87,True,True,True,True,True,eligible,0.8777737326768538,0.5550826658166919,0.1582279194529595,0.10478986097346518,60.166302595350125,12.595174630560974,60.166302595350125,0.1698886286579016,0.26189154860888986,9.262444892320897,9.407754038848604e-08,1.4195167220823443e-06,94077.54038848604,1419516.7220823443,12,computed,1e-08,False,False
2026-06-01T23:12:33,8,37,800372,"ARX(1,1)",True,True,0,CONVERGENCE: REL_REDUCTION_OF_F_<=_FACTR*EPSMCH,-170.51904326183075,363.0380865236615,400.1151048330658,1.9623030130167851,0.0776830698306584,0.5614297483171411,0.0258176678057027,0.6328445552882851,1.0593983448186182,0.1582435335312719,0.8456499418665478,0.11621920519423168,0.06439551492694619,0.06799269481335198,0.051255226479182105,0.1524715308387261,0.5213224860653223,0.0018128427439765631,0.38549551603530763,0.1323339382624127,0.2930526029784238,0.6248045043783552,0.07724744143404012,0.08677451562377039,0.13614273466775523,,,,,-170.51904326200264,363.0380865240053,400.1151048334096,-170.51904326183075,363.0380865236615,400.1151048330658,1.7189449863508344e-10,200.0,False,-150.0,True,0.87,True,True,True,True,True,eligible,0.8778520259612836,0.5555168402150118,0.1582435335312719,0.10469107492958518,60.0693544491547,12.60378924206332,60.0693544491547,0.16982174250076215,0.2618785967879622,9.27153572797636,9.406647321422101e-08,1.4195451227250129e-06,94066.47321422101,1419545.122725013,13,computed,1e-08,False,False
2026-06-01T21:06:49,18,23,1800232,"ARX(1,1)",True,True,0,CONVERGENCE: REL_REDUCTION_OF_F_<=_FACTR*EPSMCH,-170.51904355189532,363.03808710379064,400.11510541319495,1.9667595687908797,0.0776084477583829,0.5606096340715802,0.0257872588499354,0.6340628691130211,1.0595948723910331,0.1582531855106601,0.8460160461248201,1.8587930573198952,0.08563713078039256,0.20915574033785175,0.05105401134112999,0.3298971159250107,0.9662164838549275,0.0764748882757376,0.5486249176059323,0.1324502513168602,0.2931805655685837,0.6245294812559885,0.09659178420221211,0.09704543582515752,0.1681638581992622,,,,,-170.51904355186866,363.0380871037373,400.1151054131416,-170.51904355189532,363.03808710379064,400.11510541319495,-2.665956344571896e-11,200.0,False,-150.0,True,0.87,True,True,True,True,True,eligible,0.8776410686280907,0.5555846950454519,0.1582531855106601,0.10480338062696654,60.16674751284269,12.595412756900846,60.16674751284269,0.1698693814805597,0.261900751699493,9.273158235187088,9.407341982765043e-08,1.4195963183841088e-06,94073.41982765045,1419596.3183841086,14,computed,1e-08,False,False
2026-06-01T18:43:28,15,12,1500122,"ARX(1,1)",True,True,0,CONVERGENCE: REL_REDUCTION_OF_F_<=_FACTR*EPSMCH,-170.51904369489037,363.03808738978074,400.11510569918505,1.966488162836642,0.0776326299441813,0.560870813370959,0.0258794597089913,0.6339701005279101,1.0602154468229696,0.1581544473971336,0.8454563551329872,0.9683779615870282,0.0722056916746989,0.24746104943794428,0.05427431072356203,0.3802023184613511,0.7488560794659637,0.06606277971761618,0.46342042430550867,0.1322928288799001,0.2930158290593851,0.624870209431479,0.09778460943367763,0.0917889532463886,0.13802216078805887,,,,,-170.5190436947832,363.0380873895664,400.1151056989707,-170.51904369489037,363.03808738978074,400.11510569918505,-1.0717826626205351e-10,200.0,False,-150.0,True,0.87,True,True,True,True,True,eligible,0.8778558636349141,0.5559871831204761,0.1581544473971336,0.1046789607695352,60.23329383513999,12.618990635583845,60.23329383513999,0.16973169728276757,0.26185434480201847,9.278171055641337,9.406136771408019e-08,1.419525563363664e-06,94061.36771408019,1419525.563363664,15,computed,1e-08,False,False
2026-06-01T19:02:22,13,13,1300132,"ARX(1,1)",True,True,0,CONVERGENCE: REL_REDUCTION_OF_F_<=_FACTR*EPSMCH,-170.5190442920453,363.0380885840906,400.1151068934949,1.9626530452665705,0.0777388930441135,0.5613475471536703,0.0255548611759576,0.633000825992316,1.0596852336222469,0.1582456399764773,0.8454729549690082,1.1356739095371027,0.08910368359703857,0.17330093146190328,0.05203542305925773,0.2762734070052271,1.04532014574834,0.06414680005996048,0.5687836254996119,0.1322207792022903,0.2930841670794402,0.6248788414499847,0.09723005853386106,0.09182550392105836,0.15992873979966613,,,,,-170.5190442920801,363.0380885841602,400.1151068935645,-170.5190442920453,363.0380885840906,400.1151068934949,3.481659405224491e-11,200.0,False,-150.0,True,0.87,True,True,True,True,True,eligible,0.8778479601498284,0.5553974779870811,0.1582456399764773,0.10471780127545527,60.0847792742453,12.61213538830422,60.0847792742453,0.16982316040967563,0.26187859929717666,9.273729379265031,9.405715318398325e-08,1.4195429545528286e-06,94057.15318398325,1419542.9545528286,16,computed,1e-08,False,False
2026-06-01T22:46:19,4,32,400322,"ARX(1,1)",True,True,0,CONVERGENCE: REL_REDUCTION_OF_F_<=_FACTR*EPSMCH,-170.51904456899786,363.0380891379957,400.1151074474,1.9685224463869857,0.0775963421592976,0.560704799105471,0.0257022697005462,0.6340540042838184,1.0606986065563515,0.1581280863698501,0.8459765715054502,1.0315590674500896,0.0772496900538804,0.183711186987241,0.049898180357089025,0.28826245010174195,0.8327253946656676,0.05728196644211376,0.48937373011655755,0.1323060217584681,0.2931521754222873,0.6247266242072838,0.0924567877196538,0.09089484832765515,0.15506904661223792,,,,,-170.5190445690165,363.038089138033,400.1151074474373,-170.51904456899786,363.0380891379957,400.1151074474,1.864464138634503e-11,200.0,False,-150.0,True,0.87,True,True,True,True,True,eligible,0.8777318012473803,0.556051572978722,0.1581280863698501,0.10475577083984536,60.26241373611543,12.60931144803388,60.26241373611543,0.16979831455675032,0.2619301376122828,9.282285180189083,9.406474692222772e-08,1.4195759582816198e-06,94064.74692222771,1419575.95828162,17,computed,1e-08,False,False
2026-06-01T21:02:58,1,24,100242,"ARX(1,1)",True,True,0,CONVERGENCE: REL_REDUCTION_OF_F_<=_FACTR*EPSMCH,-170.51904485178846,363.03808970357693,400.11510801298124,1.9686775184329277,0.0776500858076024,0.5605765225868446,0.0257953958083215,0.6343338617639657,1.0581044848304189,0.1581706842533674,0.8454210402476686,4.676365376128178,0.10785776202326808,0.6721135483925555,0.05407244970035704,1.0862981537591923,1.5396474740346024,0.0697760336624081,0.9524401890756805,0.1323768555070787,0.2928522606900512,0.6249971771972281,0.1301517428825703,0.09013776027139295,0.1567307383028696,,,,,-170.51904485180194,363.0380897036039,400.1151080130082,-170.51904485178846,363.03808970357693,400.11510801298124,1.34718902700115e-11,200.0,False,-150.0,True,0.87,True,True,True,True,True,eligible,0.8777434534688275,0.5548476382235309,0.1581706842533674,0.10475167478099301,60.24902687365453,12.595392007155766,60.24902687365453,0.16980360836528388,0.26178449104529095,9.260522967368468,9.407163316409444e-08,1.419486089068741e-06,94071.63316409444,1419486.0890687408,18,computed,1e-08,False,False
2026-06-01T17:21:23,30,7,3000072,"ARX(1,1)",True,True,0,CONVERGENCE: REL_REDUCTION_OF_F_<=_FACTR*EPSMCH,-170.51904501851766,363.0380900370353,400.1151083464396,1.965499893367908,0.077536947968803,0.560964344905732,0.0256824752721623,0.6336421664118088,1.061924935474523,0.1582025396561167,0.8466811942277475,1.2156748726043252,0.0782535176048457,0.18646636898802543,0.050330672969386786,0.2920503520155087,0.8218780932153076,0.06327352614106978,0.48655969399369187,0.1322998907736982,0.2931056201616566,0.6247405375434009,0.09540299329785426,0.09288202311840979,0.16068958588287818,,,,,-170.51904501855176,363.03809003710353,400.11510834650784,-170.51904501851766,363.0380900370353,400.1151083464396,3.410605131648481e-11,200.0,False,-150.0,True,0.87,True,True,True,True,True,eligible,0.8777854281116364,0.5566449430094238,0.1582025396561167,0.1047764547520615,60.17145149548939,12.602689864713362,60.17145149548939,0.16984921692134708,0.26207482172109825,9.292653133569313,9.405907778333415e-08,1.419551504416454e-06,94059.07778333416,1419551.5044164541,19,computed,1e-08,False,False
2026-06-01T22:38:35,41,30,4100302,"ARX(1,1)",True,True,0,CONVERGENCE: REL_REDUCTION_OF_F_<=_FACTR*EPSMCH,-170.5190450286483,363.0380900572966,400.1151083667009,1.968463031581949,0.0776117089995773,0.560716994238567,0.0259469919389126,0.6341513737515599,1.058870963178666,0.1581125175548353,0.8459761929866425,0.38706739656872474,0.0605598764968811,0.09248399495652848,0.05687846815350268,0.16840597282165184,0.43199843366723767,0.01747015835897103,0.3802355428161294,0.1322730788541218,0.2929992558697221,0.6249174321150586,0.0721194527617073,0.08627785117430402,0.13043627659904597,,,,,-170.51904502864178,363.0380900572836,400.1151083666879,-170.5190450286483,363.0380900572966,400.1151083667009,-6.508571459562518e-12,200.0,False,-150.0,True,0.87,True,True,True,True,True,eligible,0.877792681114347,0.5553824735282455,0.1581125175548353,0.10475554147089633,60.2810736165009,12.587680028189242,60.2810736165009,0.16980407817765703,0.261824321943223,9.266821447091155,9.406092911292141e-08,1.419519776473275e-06,94060.92911292141,1419519.776473275,20,computed,1e-08,False,False
2026-06-01T23:28:47,47,31,4700313,"ARX(2,1)",True,True,0,CONVERGENCE: REL_REDUCTION_OF_F_<=_FACTR*EPSMCH,-140.4635961836708,304.9271923673416,345.37484870487356,4.831677235830765,2.03238883993866,0.7858776669959473,0.2162450856130664,0.3922011034385709,0.2510299898226306,0.0491898255511949,0.1900903322435335,4.112826629775782e-07,9.83736927822855e-07,6.95830636143164e-06,1.998976961226075e-06,1.8868020156209614e-06,1.9473207283849436e-06,1.9308220719106882e-06,7.0448701252076425e-06,0.0282726645052372,0.345298421679281,0.6705197430312299,1.901906650259087e-06,1.9288694761778046e-06,1.9429323093157657e-06,0.0532837444786288,1.8979675848014005e-06,,,-140.46359618414192,304.92719236828384,345.3748487058158,-140.4635961836708,304.9271923673416,345.37484870487356,4.711182555183768e-10,200.0,True,-150.0,False,0.87,True,True,True,True,True,eligible,0.9819782187152327,0.34176008052438167,0.0491898255511949,0.08512993237297917,409.05739554841193,63.12682108522754,409.05739554841193,0.15479765820115027,0.2591768214872612,2.5760103712341698,9.415447143902169e-08,1.4757988857937889e-06,94154.47143902168,1475798.8857937888,1,computed,1e-08,False,False
2026-06-01T18:02:51,46,7,4600073,"ARX(2,1)",True,True,0,CONVERGENCE: REL_REDUCTION_OF_F_<=_FACTR*EPSMCH,-153.42346686536877,330.84693373073753,371.2945900682695,9.799562506563074,3.077953747352064,0.7951038504581138,0.8956437517285051,0.3630528556227866,1.5003002916340687e-14,0.0170580565717446,0.0801761586808349,0.35926956930575266,2.0854850157179396,0.005755353379216793,0.13843564152194165,0.04121866565105337,0.1085214531831281,0.0011850674692789618,0.07657587480689237,0.0733221644004563,0.2707932192947747,0.6470751755102793,0.07705025364440697,0.01781518085788379,0.04567187906211306,0.0722302309348011,0.2562909311031207,,,-153.42346681922595,330.8469336384519,371.2945899759839,-153.42346686536877,330.84693373073753,371.2945900682695,-4.614281579051749e-08,200.0,True,-150.0,True,0.87,True,True,True,True,True,eligible,0.9766302782695071,0.8956437517285126,0.0170580565717446,0.02263720300182681,3060.3227941475825,29.49467615342669,3060.3227941475825,0.2077788045914245,0.29344675131426606,1.0800826069983154,9.147191176280164e-08,1.443733069847937e-06,91471.91176280164,1443733.069847937,2,computed,1e-08,False,False
2026-06-01T19:00:27,5,16,500163,"ARX(2,1)",True,True,0,CONVERGENCE: REL_REDUCTION_OF_F_<=_FACTR*EPSMCH,-165.92910588014905,355.8582117602981,396.30586809783006,0.0797411863851391,6.516500018208322,0.4837271558293201,0.0218057522531644,0.657987596298795,1.913988143477837,0.0253891401954216,0.160541743963617,1.9022178372989836e-06,2.7378298281639653e-07,1.6269634500838455e-06,1.8503004221586733e-06,1.6548718026388274e-06,9.338871650573348e-07,1.7384149533639219e-06,1.6352074910121314e-06,-0.0111639256611153,0.5279918479422258,0.3446461942425629,1.6340886790690138e-06,1.6131547164125056e-06,1.6212721231817896e-06,0.1393518761227085,1.6061707831602963e-06,,,-165.92910578361682,355.85821156723364,396.3058679047656,-165.92910588014905,355.8582117602981,396.30586809783006,-9.653223287386936e-08,200.0,True,-150.0,True,0.87,True,True,True,True,True,eligible,0.8127209539787176,0.9787998239920829,0.0253891401954216,0.1680054026684161,2486.656874647377,667.077921615738,2486.656874647377,0.17347561666680775,0.2867354969120708,17.28285747148786,9.250168506140229e-08,1.7226711050097552e-06,92501.68506140228,1722671.1050097551,3,computed,1e-08,False,False
2026-06-01T21:32:17,34,29,3400293,"ARX(2,1)",True,True,0,CONVERGENCE: REL_REDUCTION_OF_F_<=_FACTR*EPSMCH,-168.07601674645866,360.1520334929173,400.5996898304493,1.361429119465325,0.0489110789788087,0.691663010888099,0.1367616260067837,0.446939938618664,1.260903806554313,0.1492090271835057,0.986607910918412,0.8208891943451299,0.04621572115779193,0.12119868842029756,0.05779014699845745,0.17547946358991237,0.8337870619072844,0.04396101814290586,0.5622841785691877,0.1264078282977032,0.2567183474851198,0.480898340657464,0.07176113125076024,0.075856673865357,0.11949662630150158,0.1673120854653386,0.07417202603673428,,,-168.07601674647373,360.15203349294745,400.5996898304794,-168.07601674645866,360.1520334929173,400.5996898304493,1.5063505998114124e-11,200.0,False,-150.0,True,0.87,True,True,True,True,True,eligible,0.9151329801974311,0.7672135292839402,0.1492090271835057,0.07791975895415601,49.082928183089315,12.10806342398991,49.082928183089315,0.1559860393676556,0.2755676120569726,12.03447022034219,9.197904132738857e-08,1.4908036379618008e-06,91979.04132738858,1490803.637961801,4,computed,1e-08,False,False
2026-06-01T23:12:20,11,34,1100343,"ARX(2,1)",True,True,0,CONVERGENCE: REL_REDUCTION_OF_F_<=_FACTR*EPSMCH,-168.0760168333278,360.1520336666556,400.59969000418755,1.361225954817117,0.0489508334792942,0.6916591336854336,0.1366501998885549,0.4469568376391656,1.2611269703459245,0.1492189944555018,0.9857545005780852,0.8935546444576093,0.04592021565996674,0.12615860353664557,0.058467176705466126,0.18150447044461654,0.8294514307125505,0.045092400952692444,0.5527212391610937,0.1264423243159319,0.256679549617351,0.480903181167388,0.07199393009691488,0.07600841391404987,0.12024695769117019,0.1673177576469405,0.07533534419714843,,,-168.07601683330057,360.15203366660114,400.5996900041331,-168.0760168333278,360.1520336666556,400.59969000418755,-2.722799763432704e-11,200.0,False,-150.0,True,0.87,True,True,True,True,True,eligible,0.9151375525050165,0.7672136850615171,0.1492189944555018,0.07787558592460575,49.08180776593176,12.131228589666119,49.08180776593176,0.15592385781815435,0.2754919431381176,12.036595792539856,9.19805918056584e-08,1.4908008982492272e-06,91980.5918056584,1490800.898249227,5,computed,1e-08,False,False
2026-06-01T20:48:37,24,20,2400203,"ARX(2,1)",True,True,0,CONVERGENCE: REL_REDUCTION_OF_F_<=_FACTR*EPSMCH,-168.0760193157094,360.1520386314188,400.59969496895076,1.3606454713660443,0.0489719776188851,0.6916022920086243,0.1366715362498074,0.4471521420941344,1.2599969274728464,0.1492804012784548,0.9854296156554484,0.7851366454005444,0.043940366904692975,0.12151275734992718,0.0572090480376912,0.17670428611484812,0.7568830087381074,0.04253962969130788,0.5121180558952763,0.1264653399605509,0.2567005743592191,0.4809986170803502,0.07211135620559118,0.07557178013345091,0.12003572357335024,0.1672246064341998,0.07437781120369627,,,-168.0760193157454,360.1520386314908,400.5996949690228,-168.0760193157094,360.1520386314188,400.59969496895076,3.601030584832188e-11,200.0,False,-150.0,True,0.87,True,True,True,True,True,eligible,0.9151783630556916,0.7666699999862306,0.1492804012784548,0.07787678516252983,49.057950125124705,12.127937802919746,49.057950125124705,0.15593251060674612,0.27548318392595283,12.025682489273,9.19848668871553e-08,1.4907655795100809e-06,91984.86688715531,1490765.5795100809,6,computed,1e-08,False,False
2026-06-01T20:23:45,24,19,2400193,"ARX(2,1)",True,True,0,CONVERGENCE: REL_REDUCTION_OF_F_<=_FACTR*EPSMCH,-168.07601973805183,360.15203947610365,400.5996958136356,1.3602668543886356,0.0489596562436793,0.6917927264127746,0.1368535852264956,0.4468045401360743,1.2595339714676366,0.1492328316554232,0.9858365926847452,0.8554879887169131,0.04938829251630936,0.12474186834223618,0.057276371512460386,0.18098022556876314,0.9302529484917414,0.04408588063341206,0.6246860884151768,0.1264001448670929,0.2566793855081307,0.4809723313835775,0.0730334023749773,0.07575192843386441,0.11969505788889152,0.1673133930766597,0.0749277029210071,,,-168.07601973803244,360.1520394760649,400.5996958135968,-168.07601973805183,360.15203947610365,400.5996958136356,-1.9383605831535533e-11,200.0,False,-150.0,True,0.87,True,True,True,True,True,eligible,0.9151949964808117,0.7666205709603139,0.1492328316554232,0.07787634525090797,49.05946249495081,12.113960212329573,49.05946249495081,0.15595105573862073,0.2755718142970863,12.021813203473272,9.198088497469398e-08,1.490798083761164e-06,91980.88497469398,1490798.083761164,7,computed,1e-08,False,False
2026-06-01T22:32:39,14,31,1400313,"ARX(2,1)",True,True,0,CONVERGENCE: REL_REDUCTION_OF_F_<=_FACTR*EPSMCH,-168.07602012046272,360.15204024092543,400.5996965784574,1.3627622289517285,0.0489327239512558,0.6914067973548701,0.1368044725111357,0.447338123127299,1.2610743933686612,0.1491984887863068,0.985926889914758,0.8004863120667597,0.04692914162804689,0.12010350170016704,0.057795431552276996,0.174985966751171,0.833497258974229,0.04341483803132968,0.5747102926326622,0.1264479339103811,0.256728820139916,0.4808364445310866,0.0722229294622266,0.07562283353188366,0.11985464894646096,0.1672902709718205,0.0748677025909105,,,-168.07602012043986,360.1520402408797,400.5996965784117,-168.07602012046272,360.15204024092543,400.5996965784574,-2.2851054382044822e-11,200.0,False,-150.0,True,0.87,True,True,True,True,True,eligible,0.9150758589185196,0.7673416691954663,0.1491984887863068,0.07790048882914541,49.12224733359131,12.126210232652623,49.12224733359131,0.1559348553601212,0.27546282919335385,12.035803982753933,9.197756018061565e-08,1.4907915103690346e-06,91977.56018061565,1490791.5103690345,8,computed,1e-08,False,False
2026-06-01T17:23:58,10,8,1000083,"ARX(2,1)",True,True,0,CONVERGENCE: REL_REDUCTION_OF_F_<=_FACTR*EPSMCH,-168.07602020440424,360.1520404088085,400.59969674634044,1.36227552964953,0.0489304320829514,0.6915234937256033,0.1367483997331897,0.4471702304476256,1.2599112899907396,0.1492086426297283,0.9860052446816808,0.832153765713877,0.0476796843896005,0.12329252115906053,0.05719648036205726,0.1794406290502991,0.88661412462138,0.04354321506683437,0.589707537362538,0.1265449966329051,0.2567728276027632,0.4806666245771149,0.07287336539093459,0.07603413635010893,0.12013126800104997,0.1673536903121539,0.07505329159314598,,,-168.07602020440942,360.15204040881883,400.5996967463508,-168.07602020440424,360.1520404088085,400.59969674634044,5.172751116333529e-12,200.0,False,-150.0,True,0.87,True,True,True,True,True,eligible,0.915108608949416,0.7667040447285596,0.1492086426297283,0.07789911491741852,49.10069539574124,12.113964116669532,49.10069539574124,0.1559519863441983,0.2755226368927222,12.02577370135327,9.198554270724397e-08,1.490861869838206e-06,91985.54270724398,1490861.869838206,9,computed,1e-08,False,False
2026-06-01T21:44:41,10,31,1000313,"ARX(2,1)",True,True,0,CONVERGENCE: REL_REDUCTION_OF_F_<=_FACTR*EPSMCH,-168.07602031358635,360.1520406271727,400.59969696470466,1.360950605868659,0.048926765900932,0.6917270100885821,0.1364827702708471,0.4469496886807594,1.26229591828261,0.1491991906530713,0.986372108684417,8.332116266356758,0.06000154443279535,1.4600438464405912,0.12317204340204052,1.9094298075308702,1.0269195093027965,0.04574477948393586,0.8321865223399397,0.1263370049407444,0.2566896930507594,0.4811307571760124,0.1924062127017818,0.939630926868724,0.8097752427785958,0.1672030370164741,0.06812007740820575,,,-168.076020313571,360.152040627142,400.599696964674,-168.07602031358635,360.1520406271727,400.59969696470466,-1.5347723092418164e-11,200.0,False,-150.0,True,0.87,True,True,True,True,True,eligible,0.9152018544289617,0.767630729412152,0.1491991906530713,0.07789761806928708,49.094042347404184,12.126227814766894,49.094042347404184,0.1559320638387427,0.2754967440166908,12.046561727105315,9.197697307538614e-08,1.4907273705080213e-06,91976.97307538615,1490727.3705080212,10,computed,1e-08,False,False
2026-06-01T20:34:32,45,19,4500193,"ARX(2,1)",True,True,0,CONVERGENCE: REL_REDUCTION_OF_F_<=_FACTR*EPSMCH,-168.07602085407837,360.15204170815673,400.5996980456887,1.3606606368041585,0.0490035578741034,0.691761750408579,0.1366348425455781,0.4467945060488469,1.2593212998125454,0.1492374055368799,0.9852808814915448,0.798531046245448,0.04551393404315086,0.12047351485054746,0.05719902804126948,0.17525142876288616,0.7957410929147647,0.04319045530002914,0.5425105306931962,0.1265138675117306,0.2567244227509783,0.4807946071615131,0.07194111950708877,0.07570139769914375,0.11961445201470923,0.1673286564460821,0.0744683681923965,,,-168.07602085410625,360.1520417082125,400.5996980457445,-168.07602085407837,360.15204170815673,400.5996980456887,2.788169695122633e-11,200.0,False,-150.0,True,0.87,True,True,True,True,True,eligible,0.9151590034330025,0.7662954924518508,0.1492374055368799,0.07787596220396148,49.05823958403333,12.125917422571668,49.05823958403333,0.15594480979230488,0.27554160236380176,12.020127055952694,9.198563569228101e-08,1.4908338855267e-06,91985.63569228101,1490833.8855267,11,computed,1e-08,False,False
2026-06-01T18:52:52,12,15,1200153,"ARX(2,1)",True,True,0,CONVERGENCE: REL_REDUCTION_OF_F_<=_FACTR*EPSMCH,-168.0760210713081,360.1520421426162,400.59969848014816,1.361563500021666,0.0489240506346799,0.6917253840589899,0.1365687435985063,0.4467326753992504,1.2618699747355773,0.1491872620561246,0.9867937048169166,0.7404619197726884,0.04433781679123042,0.11446928652148784,0.05720658173196554,0.16724772075425418,0.7622566131157779,0.042606465797187444,0.5224267443627179,0.1263658030374738,0.2565971417017231,0.48109094870015,0.0714266080975697,0.07577046067787985,0.11984034962936407,0.1672886828007379,0.07414879887055849,,,-168.07602107135287,360.15204214270574,400.5996984802377,-168.0760210713081,360.1520421426162,400.59969848014816,4.476419235288631e-11,200.0,False,-150.0,True,0.87,True,True,True,True,True,eligible,0.9150917217586151,0.7675037309662949,0.1491872620561246,0.07794447221140088,49.08756652369537,12.112445268697991,49.08756652369537,0.15600876254762724,0.27553170712295577,12.043173136941684,9.197641667823391e-08,1.4907493946558676e-06,91976.4166782339,1490749.3946558677,12,computed,1e-08,False,False
2026-06-01T20:23:53,21,22,2100223,"ARX(2,1)",True,True,0,CONVERGENCE: REL_REDUCTION_OF_F_<=_FACTR*EPSMCH,-168.07602148189505,360.1520429637901,400.59969930132206,1.3600410961755272,0.0489155825693569,0.6917640953793287,0.1364037241991216,0.4469213942666603,1.2621262186357862,0.1492500807983292,0.9868722961356536,0.7891832031588131,0.04606762399834043,0.12007339957402845,0.05742685009285886,0.17564466926060052,0.8210741791582415,0.042619792651971945,0.5550043923231651,0.1263568714744912,0.2567191733083497,0.4810663858418434,0.07283466501076308,0.07565790025245181,0.11928023231374991,0.1672156200549739,0.0746662993253713,,,-168.0760214819008,360.1520429638016,400.5996993013336,-168.07602148189505,360.1520429637901,400.59969930132206,5.7411853049416095e-12,200.0,False,-150.0,True,0.87,True,True,True,True,True,eligible,0.9152247925126589,0.7674668335170147,0.1492500807983292,0.07793542719264315,49.05906782621404,12.112488837621637,49.05906782621404,0.15598298407102917,0.27556654418059495,12.045171078457418,9.197797139213887e-08,1.4907455902774136e-06,91977.97139213888,1490745.5902774136,13,computed,1e-08,False,False
2026-06-01T18:32:10,40,14,4000143,"ARX(2,1)",True,True,0,CONVERGENCE: REL_REDUCTION_OF_F_<=_FACTR*EPSMCH,-168.07602218066475,360.1520443613295,400.59970069886145,1.3590361470620118,0.0489527842324777,0.6917805100017943,0.1365699669963299,0.4468445109527115,1.260310151627702,0.1493081630887333,0.986130024989752,0.5804422389706348,0.047595284505871374,0.10062617802651794,0.0542162540263276,0.1496112291874467,0.8249970661629987,0.04168894643360059,0.5855383640762963,0.1264209758298224,0.2567330005281954,0.4809087373104986,0.07026832552382749,0.075737224285279,0.1192209796562801,0.1672761172925212,0.07396997964951772,,,-168.07602218075164,360.1520443615033,400.5997006990352,-168.07602218066475,360.1520443613295,400.59970069886145,8.688516572874505e-11,200.0,False,-150.0,True,0.87,True,True,True,True,True,eligible,0.91520276547815,0.7667250428101808,0.1493081630887333,0.07790114818002425,49.01656556377012,12.113867086603504,49.01656556377012,0.15596185608818458,0.27557153375439936,12.028747502805603,9.197953860318968e-08,1.490789005638636e-06,91979.53860318968,1490789.005638636,14,computed,1e-08,False,False
2026-06-01T21:51:19,3,27,300273,"ARX(2,1)",True,True,0,CONVERGENCE: REL_REDUCTION_OF_F_<=_FACTR*EPSMCH,-168.0760231483667,360.1520462967334,400.5997026342653,1.3589904105062485,0.048938639973309,0.6917875447215981,0.1367500765349834,0.4467447712573546,1.2600138262303444,0.1493360527235026,0.9858871162865408,4.321034305362408,0.14288251372277394,0.618135451671111,0.1184549991080893,0.8527879253386139,3.46248155913696,0.03972273944519655,2.2884544962163145,0.1264292396956092,0.2567567417032441,0.4808796987658864,0.19678277874886246,0.08414529374112252,0.1548646489412506,0.1673186804874372,0.1638725792396321,,,-168.07602314816546,360.1520462963309,400.5997026338629,-168.0760231483667,360.1520462967334,400.5997026342653,-2.0122570276726037e-10,200.0,False,-150.0,True,0.87,True,True,True,True,True,eligible,0.9151599303502754,0.7667569896501556,0.1493360527235026,0.0778742505029167,48.98028659571099,12.117475913680448,48.98028659571099,0.15596708817275698,0.2755726901948986,12.02643867991204,9.198458334162571e-08,1.490832423877883e-06,91984.58334162571,1490832.423877883,15,computed,1e-08,False,False
2026-06-01T19:51:40,19,19,1900193,"ARX(2,1)",True,True,0,CONVERGENCE: REL_REDUCTION_OF_F_<=_FACTR*EPSMCH,-168.076023313344,360.152046626688,400.59970296421994,1.3623547070730389,0.0489574863172099,0.6914422888974644,0.1366338074609778,0.4472932174368867,1.2611823875281736,0.1492171739537623,0.98534223757289,0.7974978345159932,0.04881167692418077,0.11966267079566353,0.05669102628854958,0.1745053126431333,0.8934669620359402,0.04341373441452278,0.6102097246585833,0.126556097536173,0.2568191723778294,0.4806049338036782,0.07237511068074302,0.07585164699690228,0.11977032606920504,0.1673272646823108,0.07473473169346778,,,-168.07602331332868,360.1520466266573,400.5997029641893,-168.076023313344,360.152046626688,400.59970296421994,-1.531930138298776e-11,200.0,False,-150.0,True,0.87,True,True,True,True,True,eligible,0.9150888976159077,0.7672250012250645,0.1492171739537623,0.07786666018425697,49.10506704611524,12.142137847163985,49.10506704611524,0.15589092394868323,0.27544679683644463,12.037275024651146,9.198347412324763e-08,1.4908548372317187e-06,91983.47412324764,1490854.8372317187,16,computed,1e-08,False,False
2026-06-01T21:00:21,12,27,1200273,"ARX(2,1)",True,True,0,CONVERGENCE: REL_REDUCTION_OF_F_<=_FACTR*EPSMCH,-168.0760234727232,360.1520469454464,400.59970328297834,1.36060182952111,0.0488304281914806,0.6916897976544155,0.1366601498452944,0.4469786452431425,1.2623824621547195,0.1492507412281357,0.9878767441881794,0.8175326006111278,0.048813004085040114,0.12285249491058602,0.05802294949724556,0.18028803669022514,0.9110793120220779,0.043282016921676866,0.6155267268189013,0.1264155181521929,0.2566911805451209,0.4809676210588623,0.07336004528592541,0.07584350949623729,0.12015999086724186,0.1672569016657634,0.07509661057744037,,,-168.07602347270898,360.152046945418,400.5997032829499,-168.0760234727232,360.1520469454464,400.59970328297834,-1.4210854715202004e-11,200.0,False,-150.0,True,0.87,True,True,True,True,True,eligible,0.9151791202759868,0.7678513809226541,0.1492507412281357,0.07796210955144942,49.06785602229958,12.090702687505997,49.06785602229958,0.1560346641858471,0.2756285739214308,12.0479111257294,9.197801518544509e-08,1.490762685082266e-06,91978.01518544508,1490762.6850822659,17,computed,1e-08,False,False
2026-06-02T00:35:43,36,40,3600403,"ARX(2,1)",True,True,0,CONVERGENCE: REL_REDUCTION_OF_F_<=_FACTR*EPSMCH,-168.07602449610658,360.15204899221317,400.5997053297451,1.36018373025967,0.048853182762974,0.6918197517922916,0.1368599034530999,0.4467215774192363,1.261316246342271,0.149236487921565,0.9875656572547632,0.777574172742159,0.04692603823908694,0.11746803759741205,0.056932170543914126,0.17160070702607358,0.8481905468339094,0.04308427522424946,0.5745093264444596,0.1263472675386731,0.256598794466449,0.4810639432427753,0.07198015626935463,0.07579061720439167,0.12061865274187154,0.167343544994499,0.07483021596394197,,,-168.07602449613137,360.15204899226273,400.5997053297947,-168.07602449610658,360.15204899221317,400.5997053297451,2.4783730623312294e-11,200.0,False,-150.0,True,0.87,True,True,True,True,True,eligible,0.9151805405019098,0.7675180266242354,0.149236487921565,0.07793919349570176,49.05320475720244,12.088680403110912,49.05320475720244,0.15603372128582835,0.2756506038413315,12.038503279703722,9.197724374979265e-08,1.4907823617927708e-06,91977.24374979264,1490782.361792771,18,computed,1e-08,False,False
2026-06-01T21:47:11,1,28,100283,"ARX(2,1)",True,True,0,CONVERGENCE: REL_REDUCTION_OF_F_<=_FACTR*EPSMCH,-168.07602477760497,360.15204955520994,400.5997058927419,1.3634170436366684,0.0489720244680256,0.6915321443792789,0.1363031743287852,0.4471746971396683,1.2609733586268994,0.1491344821866889,0.9857628783670302,0.8453761219394328,0.04890166558878239,0.12335986287281667,0.058661414850796505,0.17889585928955623,0.9449614139505494,0.04408962113392934,0.6146404488957669,0.1264661368586064,0.2567525850657245,0.4809080846507192,0.07282055038267618,0.07579796047381515,0.12050886799499493,0.1672386997680736,0.07566433190223143,,,-168.07602477758297,360.15204955516595,400.5997058926979,-168.07602477760497,360.15204955520994,400.5997058927419,-2.1998403099132702e-11,200.0,False,-150.0,True,0.87,True,True,True,True,True,eligible,0.9151194929491131,0.7667898536422348,0.1491344821866889,0.077911395870375,49.14976989227647,12.129107884617099,49.14976989227647,0.155927042054645,0.27542115938746803,12.034727106471072,9.198349272177575e-08,1.4907844172757017e-06,91983.49272177575,1490784.4172757016,19,computed,1e-08,False,False
2026-06-01T23:49:55,25,38,2500383,"ARX(2,1)",True,True,0,CONVERGENCE: REL_REDUCTION_OF_F_<=_FACTR*EPSMCH,-168.07602478460424,360.1520495692085,400.59970590674044,1.3599618776373203,0.0489406253893659,0.6917490862932529,0.1365200414867641,0.4468964272255628,1.2600609674785104,0.1493008301268258,0.9860479193997044,0.8091287275976752,0.04363699659683251,0.09370338672397069,0.05552553401380455,0.138692485794513,0.6847405658930511,0.04663656905708434,0.4941286879021198,0.126373023365338,0.2567957774842723,0.481030007730976,0.06932764942073061,0.07605065497433086,0.12003759213223716,0.1671965885281882,0.07210508728530451,,,-168.0760247845693,360.1520495691386,400.5997059066706,-168.07602478460424,360.1520495692085,400.59970590674044,-3.4930280889966525e-11,200.0,False,-150.0,True,0.87,True,True,True,True,True,eligible,0.9151972999060343,0.7665505252260193,0.1493008301268258,0.07789905883497644,49.01614256112755,12.11300025284621,49.01614256112755,0.1559823159715676,0.275551690674963,12.025992429816379,9.198252337508443e-08,1.4907678590010634e-06,91982.52337508443,1490767.8590010633,20,computed,1e-08,False,False
2026-06-01T20:22:02,4,20,400204,"ARX(2,2)",True,True,0,CONVERGENCE: REL_REDUCTION_OF_F_<=_FACTR*EPSMCH,-37.45248969884318,100.90497939768636,144.72327376334596,6.4514904639524495,0.1348241543949419,0.9550836021895646,0.9942756562933908,0.0559503196625841,1.4707300818134056e-05,0.1807754632147259,1.899770482950183,1.9655784230042983e-06,5.946809621935099e-06,4.615683948913584e-06,2.549166085159613e-06,4.114880987221426e-06,1.637503869855364e-06,5.89729874356873e-06,1.1646839114839015e-06,0.0018278108885022,0.2392593539529726,-0.463671644925561,1.8091692899733296e-06,3.4372148001863098e-06,0.005441753139073526,0.3107403447517056,1.5194845377905722e-06,0.0533632271297115,0.005442053437923144,-37.45248970404316,100.90497940808632,144.72327377374592,-37.45248969884318,100.90497939768636,144.72327376334596,5.199979113967856e-09,200.0,True,-150.0,False,0.87,True,True,True,True,True,eligible,0.9830587620208566,0.9942830099437998,0.1807754632147259,0.6974308278523511,380.81576280877323,23.58306610114231,380.81576280877323,89.9340464013949,90.31094712024165,97.55927236516227,3.605799486853332e-07,3.670513771813927e-06,360579.9486853332,3670513.771813927,1,computed,1e-08,False,False
2026-06-01T17:48:02,45,6,4500064,"ARX(2,2)",True,True,0,CONVERGENCE: REL_REDUCTION_OF_F_<=_FACTR*EPSMCH,-82.71401424115331,191.42802848230662,235.2463228479662,6.002783452446069,6.370433928984034,0.8100848751654738,0.8648432289577387,0.034336321252557,0.0174506325554982,0.0235326731089648,0.1408284126227194,2.9666010561586164e-07,3.507477771572339e-07,1.5411321782417409e-06,8.41484347689802e-07,1.401503642091503e-06,5.5211025424972115e-08,7.656005129767229e-07,1.91494760332528e-06,-0.0070636279705772,0.0734805688550922,0.7838774549973534,1.144541914759249e-06,1.1616997458059727e-06,1.1545166753928752e-06,0.2543800345362971,2.664863408259544e-06,-0.5014499101419035,1.1531962072619908e-06,-82.71401424251897,191.428028485038,235.2463228506976,-82.71401424115331,191.42802848230662,235.2463228479662,1.3656631381309126e-09,200.0,True,-150.0,False,0.87,True,True,True,True,True,eligible,0.8272530357917522,0.8735685452354878,0.0235326731089648,0.1296667958966714,515.371105708198,54.63313263549037,515.371105708198,0.9583254888534852,0.987629885272858,1.2203876694536384,1.61871621223101e-07,1.676988793061696e-06,161871.621223101,1676988.793061696,2,computed,1e-08,False,False
2026-06-01T23:57:47,13,37,1300374,"ARX(2,2)",True,True,0,CONVERGENCE: REL_REDUCTION_OF_F_<=_FACTR*EPSMCH,-159.9181502734171,345.8363005468342,389.6545949124938,1.7367535248476185,6.467638021372159,0.0908997361010817,0.6334811525911965,0.355107967874737,0.2567602118268234,0.0108843610930211,0.1607322609475318,9.778103801477913e-07,5.103206052187315e-07,1.6535736994638292e-06,1.8015755059936658e-06,1.6638482183528626e-06,6.954488366726338e-07,1.5859511917166835e-06,1.8978439600959969e-06,0.0943740395240644,0.2678774504053573,0.8801232181915989,1.6311897709265802e-06,1.6477371265811132e-06,1.6945433954289115e-06,-0.1042704004824539,1.6342282121290042e-06,-0.1055462745713712,1.682205174608607e-06,-159.91815028086307,345.83630056172615,389.65459492738574,-159.9181502734171,345.8363005468342,389.6545949124938,7.445976279996103e-09,200.0,True,-150.0,True,0.87,True,True,True,True,True,eligible,0.2684537200384502,0.7618612585046083,0.0108843610930211,0.1672962729355693,6782.96449210059,95.58812643192286,6782.96449210059,0.4585036317778966,0.5065939245296859,2.472043953921642,9.11554555779795e-08,1.3632068077858437e-06,91155.4555779795,1363206.8077858437,3,computed,1e-08,False,False
2026-06-01T22:44:42,8,33,800334,"ARX(2,2)",True,True,0,CONVERGENCE: REL_REDUCTION_OF_F_<=_FACTR*EPSMCH,-167.90175099537845,361.8035019907569,405.6217963564165,1.267720231832255,0.0507680622549012,0.7074873326094894,0.1313216634572986,0.4250568584968982,1.264011423722648,0.1485497121923278,0.9895835588688324,0.14195878238488052,0.00602552948583624,0.0006493741542080417,0.06036609144867294,0.013968852637422927,0.12855038091161328,0.019691761069481024,0.15912604120210214,0.1245502825084989,0.2616552888508994,0.2922245725040885,0.01699502090393667,0.008781399922483411,0.050780368720057076,0.1741548170247868,0.060726057199255126,0.1744316800889687,0.03862901963861556,-167.90175099630966,361.8035019926193,405.6217963582789,-167.90175099537845,361.8035019907569,405.6217963564165,9.312088877777569e-10,200.0,False,-150.0,True,0.87,True,True,True,True,True,eligible,0.9200157618579385,0.7633273753186226,0.1485497121923278,0.07769072953751083,47.75478668599038,12.092027965100991,47.75478668599038,0.15545158950217425,0.2766022156097256,12.087753544406985,9.039987509273913e-08,1.4927905029505433e-06,90399.87509273914,1492790.5029505433,4,computed,1e-08,False,False
2026-06-01T22:03:45,32,32,3200324,"ARX(2,2)",True,True,0,CONVERGENCE: REL_REDUCTION_OF_F_<=_FACTR*EPSMCH,-167.90175193559878,361.80350387119756,405.62179823685716,1.2673063532965976,0.0507799810983697,0.7075148124542706,0.1313773138049323,0.4251263976807871,1.2634197636612028,0.1485765951479414,0.9897152381279084,0.8103648272550662,0.04720088142802632,0.12157832178238595,0.05824988167133809,0.1750909626299321,0.8352301024423375,0.04273590426036038,0.5550355732128861,0.1245330990423232,0.2617320618560149,0.29200288442459,0.07257747341239305,0.07698120906228051,0.3776855618154524,0.1740663530150935,0.07632730222130817,0.1747482756685935,0.31827398391574824,-167.9017519355721,361.8035038711441,405.6217982368037,-167.90175193559878,361.80350387119756,405.62179823685716,-2.6687985155149363e-11,200.0,False,-150.0,True,0.87,True,True,True,True,True,eligible,0.9200780112946642,0.7630871956355337,0.1485765951479414,0.07771662600258288,47.73645912639408,12.082782621077525,47.73645912639408,0.15549734733727164,0.27663287152669264,12.08190147426043,9.040271930865503e-08,1.4927703690328925e-06,90402.71930865503,1492770.3690328926,5,computed,1e-08,False,False
2026-06-01T21:13:53,7,25,700254,"ARX(2,2)",True,True,0,CONVERGENCE: REL_REDUCTION_OF_F_<=_FACTR*EPSMCH,-167.901755343553,361.803510687106,405.6218050527656,1.2671351653217446,0.0506457961850453,0.7075225758461202,0.1315339519616985,0.425138880325267,1.2653845352402977,0.1485624995756055,0.990248814313306,0.00030123577151924726,0.028317532041879822,0.03298120622445995,0.054256034536787755,0.007320129630678199,0.5444819247233244,0.024225888919786706,0.12163458511176004,0.1245733348526858,0.2616326497276019,0.2922745242941436,0.002267215251078539,0.08463825029658613,0.05049549197714633,0.1741741642260346,0.00027583000178694,0.1743526163609454,0.067664815646038,-167.90175534355086,361.8035106871017,405.6218050527613,-167.901755343553,361.803510687106,405.6218050527656,-2.1316282072803006e-12,200.0,False,-150.0,True,0.87,True,True,True,True,True,eligible,0.9200920160087537,0.7642262195818473,0.1485624995756055,0.07762960618232656,47.75969533625555,12.088969551548077,47.75969533625555,0.15539260230172341,0.27659183103860246,12.100717172449617,9.040049293568172e-08,1.4927967680831715e-06,90400.49293568173,1492796.7680831715,6,computed,1e-08,False,False
2026-06-01T21:23:23,28,27,2800274,"ARX(2,2)",True,True,0,CONVERGENCE: REL_REDUCTION_OF_F_<=_FACTR*EPSMCH,-167.90175561664836,361.8035112332967,405.6218055989563,1.2680636951194235,0.0508289741852642,0.7074335780066973,0.1314226972729845,0.4252000827349142,1.2621431592184114,0.1485400091141079,0.9886226373274692,0.7596406376864708,0.04291623267802093,0.12226798586307089,0.05257611893961135,0.16645543968769386,0.7262160974427021,0.07273467704302485,0.4661705176193718,0.1245726073989516,0.2617885891559629,0.2925842785473166,0.09906135344745144,0.004486886893204863,0.21379730781882328,0.174054167818898,0.06741549591562476,0.1740606281308254,0.21687712403301812,-167.90175561657912,361.8035112331583,405.6218055988178,-167.90175561664836,361.8035112332967,405.6218055989563,-6.923528417246416e-11,200.0,False,-150.0,True,0.87,True,True,True,True,True,eligible,0.9200336193741544,0.7624942768821902,0.1485400091141079,0.07765768204295792,47.763705011844536,12.09723967272401,47.763705011844536,0.15541159284270983,0.2765649260140921,12.069869289150356,9.04070000408921e-08,1.4927891364845741e-06,90407.00004089209,1492789.136484574,7,computed,1e-08,False,False
2026-06-01T20:49:41,23,25,2300254,"ARX(2,2)",True,True,0,CONVERGENCE: REL_REDUCTION_OF_F_<=_FACTR*EPSMCH,-167.90175757584993,361.80351515169986,405.62180951735945,1.269335178953947,0.050713440533453,0.7072925209164161,0.1313991707497883,0.4253909769073569,1.2648047487423006,0.148500379655102,0.99007003965015,0.7375875281771818,0.04639500186971313,0.11320071151720117,0.05573879618854619,0.16326499180975917,0.7638786716217942,0.042487352302131895,0.545668011181039,0.1246206527639569,0.2616715040967506,0.2919943453405186,0.0721580413904063,0.0759883295895651,0.3672007127339687,0.174131255117548,0.07554360460461636,0.1745943706094852,0.3109969621330315,-167.9017575758109,361.8035151516218,405.6218095172814,-167.90175757584993,361.80351515169986,405.62180951735945,-3.90230070479447e-11,200.0,False,-150.0,True,0.87,True,True,True,True,True,eligible,0.9199880093700946,0.7638015451209386,0.148500379655102,0.07770311600726226,47.8136518094233,12.087677112706922,47.8136518094233,0.15544388400270892,0.27661802521823303,12.09509550504705,9.04012392217343e-08,1.4927871837984913e-06,90401.23922173429,1492787.1837984915,8,computed,1e-08,False,False
2026-06-01T17:11:19,49,5,4900054,"ARX(2,2)",True,True,0,CONVERGENCE: REL_REDUCTION_OF_F_<=_FACTR*EPSMCH,-167.90175801971384,361.8035160394277,405.6218104050873,1.266589033209313,0.0506682626884348,0.7075731057292157,0.1313520595232215,0.4249588566763506,1.2648577626776454,0.1485860869377171,0.9912615467863436,0.8291153481322305,0.04597536099017362,0.12268855185233037,0.05570532718533302,0.1754178110525767,0.7607596056079068,0.04337926253755396,0.5356488346734105,0.1245022955399061,0.2617049221601868,0.2924507258983727,0.0726678980494089,0.07643839531019733,0.3723278123292,0.174118870224095,0.07598640631586343,0.1742173408738357,0.3132718314285631,-167.9017580196963,361.8035160393926,405.6218104050522,-167.90175801971384,361.8035160394277,405.6218104050873,-1.7536194718559273e-11,200.0,False,-150.0,True,0.87,True,True,True,True,True,eligible,0.9200525340673911,0.7637809408620442,0.1485860869377171,0.07775013857502173,47.724522295319304,12.05882803781584,47.724522295319304,0.15552787335238288,0.2766952763726228,12.095357745708892,9.0397331991827e-08,1.492776317879569e-06,90397.33199182701,1492776.317879569,9,computed,1e-08,False,False
2026-06-01T22:21:34,35,29,3500294,"ARX(2,2)",True,True,0,CONVERGENCE: REL_REDUCTION_OF_F_<=_FACTR*EPSMCH,-167.9017582766287,361.8035165532574,405.621810918917,1.2653390188279112,0.0507531382273311,0.7076433572249528,0.1316047348452184,0.424926062797763,1.2648972015164373,0.1486319475628731,0.9894021357589612,0.6896715509881249,0.046870886945860446,0.11101249856591491,0.05909493499061645,0.16201452172099254,0.8107477748438463,0.041718135402777516,0.5586239592050837,0.1245302751957317,0.2616273943661676,0.2924741157979668,0.07121744890735698,0.07603776785132045,0.37325293176146757,0.1742671803546381,0.0759264047738184,0.1740847899552605,0.3170739590322647,-167.9017582766541,361.8035165533082,405.6218109189678,-167.9017582766287,361.8035165532574,405.621810918917,2.5409008230781183e-11,200.0,False,-150.0,True,0.87,True,True,True,True,True,eligible,0.9201063886238343,0.764053335603437,0.1486319475628731,0.07763626986711411,47.69569878136719,12.105563572686792,47.69569878136719,0.1554164030529281,0.2766145421473705,12.09670183814553,9.039931846444758e-08,1.4928427107671402e-06,90399.31846444758,1492842.7107671401,10,computed,1e-08,False,False
2026-06-01T20:09:57,12,22,1200224,"ARX(2,2)",True,True,0,CONVERGENCE: REL_REDUCTION_OF_F_<=_FACTR*EPSMCH,-167.90175885367572,361.80351770735143,405.62181207301103,1.2652043004145048,0.0508016124480637,0.7077760042551461,0.1316419874010819,0.4247580003721383,1.2614390229604426,0.1486167462106065,0.9885880934651802,0.6770378450328981,0.046341247153454924,0.10699159002448999,0.05568426797718305,0.1558296806862293,0.7459669826931108,0.0417808988043633,0.5364944171135773,0.1245983515856566,0.2617396198230312,0.2924012044079326,0.07182438856697075,0.07593045263541934,0.356205093900499,0.1742211528687607,0.07529701454356345,0.1740920263571945,0.30002017366986966,-167.9017588537163,361.8035177074326,405.6218120730922,-167.90175885367572,361.80351770735143,405.62181207301103,4.058620106661692e-11,200.0,False,-150.0,True,0.87,True,True,True,True,True,eligible,0.9201550044412152,0.7623614988813032,0.1486167462106065,0.07759322991476547,47.68667145289631,12.09258242688832,47.68667145289631,0.15539302141499983,0.2765729769317004,12.064548306057105,9.040857157137934e-08,1.4928733414797765e-06,90408.57157137935,1492873.3414797767,11,computed,1e-08,False,False
2026-06-01T22:34:30,34,33,3400334,"ARX(2,2)",True,True,0,CONVERGENCE: REL_REDUCTION_OF_F_<=_FACTR*EPSMCH,-167.90175899121556,361.8035179824311,405.6218123480907,1.2644823296020322,0.0506676632725042,0.7076929905965992,0.1314322163982346,0.4248934264157334,1.265524954604695,0.1486831598088103,0.9903026476328188,0.8997609591248529,0.051476225644521395,0.12600176461690074,0.05955858241316834,0.1785567058793638,0.9712658022732914,0.04741026664169167,0.6354831633245854,0.1244912728068483,0.2618290522844604,0.2921070324874655,0.07537584555174036,0.07145507683109832,0.3955447844786474,0.1741983094524915,0.07880621455428255,0.1743288825423405,0.3419936111134271,-167.9017589911207,361.8035179822414,405.62181234790097,-167.90175899121556,361.8035179824311,405.6218123480907,-9.487166607868858e-11,200.0,False,-150.0,True,0.87,True,True,True,True,True,eligible,0.9201397038044659,0.7641946937005821,0.1486831598088103,0.07764325239075065,47.653514187509074,12.08889247220736,47.653514187509074,0.15543074410557506,0.27664392891531053,12.101977834994367,9.039476667915189e-08,1.4928491252524644e-06,90394.76667915189,1492849.1252524646,12,computed,1e-08,False,False
2026-06-01T19:17:32,3,17,300174,"ARX(2,2)",True,True,0,CONVERGENCE: REL_REDUCTION_OF_F_<=_FACTR*EPSMCH,-167.90175947168856,361.8035189433771,405.6218133090367,1.2658775264495186,0.0508720964675169,0.7075080918333836,0.1315524043794715,0.425195336545435,1.2610271524942005,0.1486566364256769,0.9879106862460556,0.6531542766366258,0.04417145395134146,0.10584289664743866,0.05635755372592897,0.15433158711712203,0.6935211894661705,0.04153941866032278,0.49554882976462444,0.1246051596487228,0.2617681064151639,0.2917882157130954,0.07147408390879322,0.07579851235647038,0.3622214643863228,0.1741424273337819,0.07533299715496254,0.1747456597296086,0.30514550645984695,-167.90175947171178,361.8035189434236,405.6218133090832,-167.90175947168856,361.8035189433771,405.6218133090367,2.3220536604640074e-11,200.0,False,-150.0,True,0.87,True,True,True,True,True,eligible,0.9201057601061011,0.7620659806265717,0.1486566364256769,0.0776238826826949,47.69308217347513,12.10464810793683,47.69308217347513,0.15539690940852674,0.2765787932915813,12.060110299099344,9.040396366672347e-08,1.492827581764646e-06,90403.96366672347,1492827.5817646459,13,computed,1e-08,False,False
2026-06-01T22:23:20,7,32,700324,"ARX(2,2)",True,True,0,CONVERGENCE: REL_REDUCTION_OF_F_<=_FACTR*EPSMCH,-167.90175954120323,361.80351908240647,405.62181344806606,1.2690537209430304,0.0507803922199169,0.7071635615273836,0.1315587212481831,0.4257079560701177,1.2629132671606629,0.1485493658491677,0.989246899995282,0.8943952334266222,0.05043640435345414,0.12806117612818596,0.05842728687070696,0.18154826172412292,0.9123967949477649,0.04423956855449177,0.6210839732341521,0.1245558948785394,0.2616669682781399,0.2919698074696062,0.07419227358593986,0.07668759751586891,0.3948127088351647,0.1741825208667769,0.07763242696024447,0.1746434542382939,0.3332911758838656,-167.9017595411604,361.8035190823208,405.6218134479804,-167.90175954120323,361.80351908240647,405.62181344806606,-4.283151611161884e-11,200.0,False,-150.0,True,0.87,True,True,True,True,True,eligible,0.9200175395624424,0.7630153548285146,0.1485493658491677,0.07769827008332182,47.79867628653599,12.090027831494238,47.79867628653599,0.15543360959645813,0.27662324781559355,12.077718495149343,9.039939041542624e-08,1.4928087420642208e-06,90399.39041542623,1492808.7420642208,14,computed,1e-08,False,False
2026-06-01T18:52:51,6,14,600144,"ARX(2,2)",True,True,0,CONVERGENCE: REL_REDUCTION_OF_F_<=_FACTR*EPSMCH,-167.90175959724147,361.80351919448293,405.6218135601425,1.2670138424923385,0.0506628446629704,0.7074981844650391,0.1314336519153348,0.4250455200993253,1.266423292059942,0.1485791591962401,0.9910619293885076,0.7620421717021314,0.04933441075765285,0.1158648357371794,0.05781912287195669,0.1664924429380952,0.8892338585824446,0.042044803234426456,0.5993754840225743,0.1245682344249629,0.2617224781171973,0.2915322061867641,0.07313385915938135,0.07645893045183574,0.36221423004466297,0.1742674859480481,0.07592881884637767,0.1748564516027646,0.3060921204739867,-167.90175959720438,361.8035191944088,405.6218135600684,-167.90175959724147,361.80351919448293,405.6218135601425,-3.709033080667723e-11,200.0,False,-150.0,True,0.87,True,True,True,True,True,eligible,0.9200209445147017,0.7646452979453058,0.1485791591962401,0.07773153770566073,47.73332833784322,12.07957104189586,47.73332833784322,0.15550212763835147,0.27668372882290815,12.110893024035333,9.039376774937747e-08,1.4928583612978881e-06,90393.76774937748,1492858.361297888,15,computed,1e-08,False,False
2026-06-01T19:05:41,37,15,3700154,"ARX(2,2)",True,True,0,CONVERGENCE: REL_REDUCTION_OF_F_<=_FACTR*EPSMCH,-167.90176035568365,361.8035207113673,405.6218150770269,1.266763230814858,0.0506708683392677,0.7073662326229134,0.1316014381705559,0.4253815082029463,1.2633074282803638,0.1486654273050806,0.9897831971159416,0.6605628372913858,0.04811293981698248,0.1317448244963742,0.05778746077504264,0.18592913456596807,0.8649694675196826,0.03923848251314565,0.5846810500294033,0.1245972294479079,0.2616098497660997,0.2933094349755257,0.07765956146322811,0.07679882489044805,0.41374280582720513,0.1740794835995626,0.07987021494152168,0.1735298636243927,0.3532841743631585,-167.9017603556771,361.8035207113542,405.6218150770138,-167.90176035568365,361.8035207113673,405.6218150770269,-6.536993168992922e-12,200.0,False,-150.0,True,0.87,True,True,True,True,True,eligible,0.9200569867243866,0.7632551523107378,0.1486654273050806,0.0776380215918211,47.70436186233162,12.080359671620121,47.70436186233162,0.15542175561614976,0.2765760330745273,12.081168475453703,9.04156479140623e-08,1.4927740939857762e-06,90415.6479140623,1492774.0939857762,16,computed,1e-08,False,False
2026-06-01T20:46:44,4,21,400214,"ARX(2,2)",True,True,0,CONVERGENCE: REL_REDUCTION_OF_F_<=_FACTR*EPSMCH,-167.90176058941103,361.80352117882205,405.62181554448165,1.2680037933228625,0.0507082332964058,0.7073580003153708,0.1317882897238385,0.4252890275998721,1.263933671328182,0.1485695864040712,0.989669735023699,1.1862117127625693,0.06920044631322901,0.006277771942352099,0.13987832818813167,3.6915441678036804e-05,2.4068950711873254,0.08618849962216592,0.9953295638215317,0.1245755699902924,0.2617625868465629,0.2923393331830979,0.09723939534629424,0.23697455311671428,0.004007381880718555,0.1740931910623259,0.1167666330137421,0.1741996794195552,0.2710686197336763,-167.9017605892475,361.803521178495,405.6218155441546,-167.90176058941103,361.80352117882205,405.62181554448165,-1.6353851606254466e-10,200.0,False,-150.0,True,0.87,True,True,True,True,True,eligible,0.9200025141153068,0.7637551253879294,0.1485695864040712,0.07765453445208176,47.761228729558546,12.088714439609921,47.761228729558546,0.15543388892464316,0.276627721384955,12.086573226810911,9.039859926733402e-08,1.4927827504438036e-06,90398.59926733401,1492782.7504438036,17,computed,1e-08,False,False
2026-06-01T17:45:50,3,8,300084,"ARX(2,2)",True,True,0,CONVERGENCE: REL_REDUCTION_OF_F_<=_FACTR*EPSMCH,-167.90176090872248,361.80352181744496,405.62181618310456,1.2658391683257808,0.0507058806796419,0.7077130339732567,0.1310591794773805,0.4249836669434563,1.2654732236199833,0.1485816486472742,0.9904247980043048,0.8124640867537201,0.046849149655771534,0.12003142844419064,0.05970525112048799,0.17204654505268674,0.8416991529489609,0.04346291629723017,0.5584106625998597,0.1245143748555881,0.2616416856463231,0.292462376813434,0.07338191440804004,0.07616577009803906,0.37515873113029197,0.1741934538502003,0.07536345123043539,0.1742100913315831,0.31733765870322955,-167.9017609087187,361.8035218174374,405.621816183097,-167.90176090872248,361.80352181744496,405.62181618310456,-3.780087354243733e-12,200.0,False,-150.0,True,0.87,True,True,True,True,True,eligible,0.9202048674449849,0.7637957912873721,0.1485816486472742,0.07768479791585477,47.735259316035666,12.085588026359671,47.735259316035666,0.15543727664566398,0.27665929900773856,12.101690771469798,9.040054719687826e-08,1.4928086662600493e-06,90400.54719687827,1492808.6662600492,18,computed,1e-08,False,False
2026-06-01T21:54:43,47,23,4700234,"ARX(2,2)",True,True,0,CONVERGENCE: REL_REDUCTION_OF_F_<=_FACTR*EPSMCH,-167.90176191336673,361.80352382673345,405.62181819239305,1.2693382024737794,0.0507033687456039,0.7071448696711291,0.1313615858805634,0.4256449386286173,1.265533471409716,0.1485479601430689,0.9901700248440388,0.8501092901132058,0.046926025801726466,0.1253558553697324,0.05738114588808707,0.18009907411752088,0.8222629391084528,0.04311627321632256,0.5615087581413813,0.1246076618477306,0.2616395826242494,0.2926860159436274,0.07333237789220974,0.07645818477598668,0.3994482644132934,0.1741362010919198,0.07754105074760055,0.1739273345564353,0.33685442328283277,-167.9017619133684,361.8035238267368,405.6218181923964,-167.90176191336673,361.80352382673345,405.62181819239305,1.6768808563938364e-12,200.0,False,-150.0,True,0.87,True,True,True,True,True,eligible,0.9199673389854377,0.7641283215854213,0.1485479601430689,0.0777212893762167,47.80377609590771,12.09212706382347,47.80377609590771,0.15545338044515702,0.2766550273982514,12.1018639732264,9.040324163356039e-08,1.4927839478894897e-06,90403.24163356039,1492783.9478894898,19,computed,1e-08,False,False
2026-06-01T21:47:10,41,26,4100264,"ARX(2,2)",True,True,0,CONVERGENCE: REL_REDUCTION_OF_F_<=_FACTR*EPSMCH,-167.90176222138308,361.80352444276616,405.62181880842576,1.2684095191892248,0.0508363155946956,0.7073165732858226,0.1312133771436458,0.425418305774342,1.2642335317604014,0.1485579225233491,0.98828651483222,0.7348062188488087,0.0452202298827899,0.11236696722667235,0.055578097388226076,0.16279069328040488,0.7112232312776681,0.04241009542569146,0.507479216092484,0.1246007871549351,0.2617577375257236,0.2921886186118014,0.07178178464597355,0.07599351841055978,0.34612837335480406,0.1741130229843689,0.07542492264902301,0.1743729403913179,0.2918195726665137,-167.90176222141596,361.80352444283193,405.6218188084915,-167.90176222138308,361.80352444276616,405.62181880842576,3.2883917810977437e-11,200.0,False,-150.0,True,0.87,True,True,True,True,True,eligible,0.9200257261729936,0.7633301430238465,0.1485579225233491,0.07764545828195968,47.77192008848891,12.12572782621415,47.77192008848891,0.15537475754417926,0.276554287688267,12.089646122296998,9.040421945781556e-08,1.4928077496230901e-06,90404.21945781556,1492807.74962309,20,computed,1e-08,False,False
