timestamp,seed,draw,random_state,mean_type,loglik,AIC,BIC,success,status,message,param_p0,param_n0,param_rho,param_phi_plus,param_phi_minus,param_sigma_p,param_sigma_n,se_p0,se_n0,se_rho,se_phi_plus,se_phi_minus,se_sigma_p,se_sigma_n,param_c,param_rho_1,param_phi_1,se_c,se_rho_1,se_phi_1,param_rho_2,se_rho_2,param_phi_2,se_phi_2,stored_loglik,stored_AIC,stored_BIC,corrected_loglik,corrected_AIC,corrected_BIC,corrected_loglik_delta,selection_shape_reference,selection_high_shape_density,selection_loglik_upper_threshold,selection_loglik_plausible,selection_variance_bound,selection_bounds_ok,selection_constraints_ok,selection_mean_stationary,selection_implied_variance_bounds_ok,selection_eligible,selection_reason,selection_persistence_p,selection_persistence_n,selection_sigma_min,selection_uncond_var_ref,selection_max_p_t,selection_max_n_t,selection_shape_max,selection_cond_var_min,selection_cond_var_median,selection_cond_var_max,selection_cond_var_lower_min,selection_cond_var_lower_max,selection_cond_var_upper_min,selection_cond_var_upper_max,rank,se_message,se_hessian_ridge,se_used_pseudoinverse,se_used_opg_fallback
2026-06-01T17:24:24,28,30,280030,constant,-62.49351576230181,138.98703152460362,162.58149772149727,True,0,Optimization terminated successfully,0.2563160434969621,5.53009370835389,0.7858448906725901,0.2337769744312643,1.279531444070201e-09,0.0095368291825976,0.0811057653523613,351.63731767326186,3.6081721338885644,0.4315627473757273,2.9103823038448042,0.0007227254548511638,2.9224227239168004e-05,0.26878783167341225,,,,,,,,,,,-62.49351576238716,138.98703152477432,162.58149772166797,-62.49351576230181,138.98703152460362,162.58149772149727,8.535039341950323e-11,200.0,True,-150.0,False,0.87,True,True,True,True,True,eligible,0.902733378527988,0.902733378527988,0.0095368291825976,0.03640107146490201,11244.168350768281,181.2710304009059,11244.168350768281,0.17987423853925982,0.3252132250692893,2.215096755884816,8.679283097964063e-08,1.350005585272172e-06,86792.83097964064,1350005.585272172,1,computed,1e-08,False,False
2026-06-01T17:22:30,28,29,280029,constant,-86.29775282133745,186.5955056426749,210.18997183956856,True,0,Optimization terminated successfully,9.39071857946533,9.999999999732488,0.5422171401778944,0.4945897029109238,0.0818587574534255,0.1108426736307152,0.0125378361029791,1.8110942027088983,3.8152537673826536,0.9102017828304513,2.2088610449240518,2.7796466975281002,0.5539924934276167,0.00028177328061313286,,,,,,,,,,,-86.29775282133195,186.5955056426639,210.18997183955756,-86.29775282133745,186.5955056426749,210.18997183956856,-5.4996007747831754e-12,200.0,True,-150.0,False,0.87,True,True,True,True,True,eligible,0.830441370360069,0.830441370360069,0.0125378361029791,0.11694726489386859,148.93183013389424,10058.65901954146,10058.65901954146,0.26034224642360804,0.38062481222124916,3.41098548761442,8.679283097964063e-08,1.350005585272172e-06,86792.83097964064,1350005.585272172,2,computed,1e-08,False,False
2026-06-01T17:13:39,35,28,350028,constant,-106.1889635759158,226.3779271518316,249.97239334872523,True,0,Optimization terminated successfully,0.0021947968453472,9.9978762157373,0.7322986277818946,0.1720292223839103,0.1256573507200343,0.0309053415542154,0.0567369898700331,20.99765804460494,14.874775710147437,0.15917881705308948,0.13490553249041648,0.7256200476634432,0.0014667939475842431,0.028746741789343163,,,,,,,,,,,-106.18896357591096,226.3779271518219,249.9723933487155,-106.1889635759158,226.3779271518316,249.97239334872523,-4.845901457883883e-12,200.0,True,-150.0,False,0.87,True,True,True,True,True,eligible,0.8811419143338669,0.8811419143338669,0.0309053415542154,0.03218611988945251,1182.9725377048446,388.34635544982075,1182.9725377048446,0.13201576814018356,0.2605530673142936,2.380024874794053,8.679283097964063e-08,1.350005585272172e-06,86792.83097964064,1350005.585272172,3,computed,1e-08,False,False
2026-06-01T16:32:57,1,3,10003,constant,-106.82294214213388,227.64588428426777,251.24035048116139,True,0,Optimization terminated successfully,9.883001885382368,0.0323331341775462,0.6322561113100723,0.7185742429492565,0.0131158043357404,0.1035073099690902,0.0233677223114424,23.446918174278746,13.789638376528337,0.00046809674459047726,0.07197713893410404,0.07152421978005047,0.19443504613845256,0.00044827227021836585,,,,,,,,,,,-106.82294214213428,227.64588428426853,251.24035048116215,-106.82294214213388,227.64588428426777,251.24035048116139,3.979039320256561e-13,200.0,True,-150.0,False,0.87,True,True,True,True,True,eligible,0.9981011349525708,0.9981011349525708,0.0233677223114424,0.10590179759585913,5204.688926557781,4600.1385738511235,5204.688926557781,0.29522759190241343,0.5243162502716896,55.77110271171483,8.679283097964063e-08,1.350005585272172e-06,86792.83097964064,1350005.585272172,4,computed,1e-08,False,False
2026-06-01T16:47:16,21,11,210011,constant,-112.50092117166011,239.00184234332022,262.59630854021384,True,0,Optimization terminated successfully,1.9377341677548372,1.535849383728506,0.8806270245484619,0.1125562863226219,0.1150006051924922,0.0851293518492235,0.0266990380887879,0.6587469469093147,0.05848325953195731,5.579986164962489e-05,3.487857185728332e-05,4.010645091760963e-05,0.1190411415500247,5.976061291850018e-05,,,,,,,,,,,-112.50092117166092,239.00184234332187,262.5963085402155,-112.50092117166011,239.00184234332022,262.59630854021384,8.100187187665142e-13,200.0,True,-150.0,False,0.87,True,True,True,True,True,eligible,0.9944054703060189,0.9944054703060189,0.0266990380887879,0.015137584976705866,346.3622992008718,1588.3368195962512,1588.3368195962512,0.1760587045636639,0.46590026011135427,2.705783292738933,8.679283097964063e-08,1.350005585272172e-06,86792.83097964064,1350005.585272172,5,computed,1e-08,False,False
2026-06-01T17:33:39,9,40,90040,constant,-116.06022237739242,246.12044475478484,269.71491095167846,True,0,Optimization terminated successfully,0.0035557095291644,9.998941535830747,0.708848000213686,0.2081036805375615,0.0270959071142443,0.0341233574132125,0.0529068972919197,17281.64405859797,14763.36438883788,226.55546680874303,66.95369372310186,370.5550935035002,3.440676971220245e-05,0.0002712404049958248,,,,,,,,,,,-116.06022237739778,246.1204447547956,269.7149109516892,-116.06022237739242,246.12044475478484,269.71491095167846,5.357492227631155e-12,200.0,True,-150.0,False,0.87,True,True,True,True,True,eligible,0.8264477940395889,0.8264477940395889,0.0341233574132125,0.027992575302110363,686.0856999566643,319.7397946269912,686.0856999566643,0.10311495197610794,0.19617363176224617,1.6938769835677385,8.679283097964063e-08,1.350005585272172e-06,86792.83097964064,1350005.585272172,6,computed,1e-08,False,False
2026-06-01T17:35:56,4,40,40040,constant,-125.8514855515725,265.702971103145,289.2974373000386,True,0,Optimization terminated successfully,0.1758048889862266,9.589659810860091,0.4296821379638657,0.1267888236757748,0.0720906239249641,0.014625807471459,0.1666666685445807,1.6609658115531087,2.9865589189038517,0.11666734681404448,0.03965567235894984,2.2060426156379283e-06,1.6515426929488226e-05,0.10114419700922156,,,,,,,,,,,-125.85148555158152,265.70297110316307,289.2974373000567,-125.8514855515725,265.702971103145,289.2974373000386,9.023892744153272e-12,200.0,True,-150.0,False,0.87,True,True,True,True,True,eligible,0.5291218617642351,0.5291218617642351,0.014625807471459,0.26641705236336316,2819.642465059386,38.5260342500481,2819.642465059386,0.468096914133773,0.49933624059639325,1.6733293289784557,8.679283097964063e-08,1.350005585272172e-06,86792.83097964064,1350005.585272172,7,computed,1e-08,False,False
2026-06-01T16:34:39,3,3,30003,constant,-125.97520453797397,265.95040907594796,289.5448752728416,True,0,Optimization terminated successfully,7.44383888594241,4.968896256591173,0.3296392675157145,0.4879347525689627,0.4297242967438656,0.2649110194261993,0.0160158702761862,0.12251269095083593,45.440864856571395,0.008498279574019038,0.20156106524748466,0.1847770230144103,0.017274705951081642,5.767741305042821e-06,,,,,,,,,,,-125.97520453795694,265.95040907591385,289.5448752728076,-125.97520453797397,265.95040907594796,289.5448752728416,-1.7024603948812e-11,200.0,True,-150.0,False,0.87,True,True,True,True,True,eligible,0.7884687921721286,0.7884687921721286,0.0160158702761862,0.5236671576042521,61.09238408140232,13683.632130823316,13683.632130823316,0.7832602545985696,0.8960260885462806,7.797294545665688,8.679283097964063e-08,1.350005585272172e-06,86792.83097964064,1350005.585272172,8,computed,1e-08,False,False
2026-06-01T17:13:44,11,27,110027,constant,-133.3621591573041,280.7243183146082,304.3187845115018,True,0,Optimization terminated successfully,1.0322862651704054,9.932763493779255,0.7348984346569685,0.350501857644716,0.0001406801158794,0.0078431074765536,0.0587023228307936,2913.5846607022436,104.0320675086009,0.5242904750297019,19.987006742305994,0.44771545127452983,0.0009726196478011017,1.435141229104837,,,,,,,,,,,-133.36215915729332,280.72431831458664,304.31878451148026,-133.3621591573041,280.7243183146082,304.3187845115018,-1.0771827874123119e-11,200.0,True,-150.0,False,0.87,True,True,True,True,True,eligible,0.9102197035372661,0.9102197035372661,0.0078431074765536,0.034291432967423575,22676.149392233005,442.19328471560925,22676.149392233005,0.13825743253734485,0.30542604664184586,2.918689815556174,8.679283097964063e-08,1.350005585272172e-06,86792.83097964064,1350005.585272172,9,computed,1e-08,False,False
2026-06-01T16:56:52,39,19,390019,constant,-135.47348150482674,284.9469630096535,308.5414292065471,True,0,Optimization terminated successfully,0.2344212550778203,9.99999999749742,0.34771266028314,0.2335387388381646,0.0004934179893647,0.0162717547665781,0.2018817736146134,8.280593072350213,2.532494377286927,0.255613228333429,0.00010156410164181334,0.00045265187492235444,7.987081134356846e-09,0.07144056469933092,,,,,,,,,,,-135.4734815048325,284.94696300966507,308.5414292065587,-135.47348150482674,284.9469630096535,308.5414292065471,5.7696070143720135e-12,200.0,True,-150.0,False,0.87,True,True,True,True,True,eligible,0.4647287386969047,0.4647287386969047,0.0162717547665781,0.4076245727922777,2431.8738410059427,31.126822994380134,2431.8738410059427,0.6249544158521374,0.648665426306378,1.9124998404070104,8.679283097964063e-08,1.350005585272172e-06,86792.83097964064,1350005.585272172,10,computed,1e-08,False,False
2026-06-01T16:46:52,33,12,330012,constant,-140.1532265673024,294.3064531346048,317.9009193314984,True,0,Optimization terminated successfully,0.0308494362101761,9.999463083891474,0.7742729961234216,0.3114493373025114,0.0365729148042347,0.0186176025018804,0.0374790030579885,5020.3714007435365,4570.606427078919,66.39772278875857,52.69279342206198,78.76284263280066,0.0016098876440640562,1.1466886378392511,,,,,,,,,,,-140.15322656730456,294.3064531346091,317.90091933150273,-140.1532265673024,294.3064531346048,317.9009193314984,2.1600499167107046e-12,200.0,True,-150.0,False,0.87,True,True,True,True,True,eligible,0.9482841221767946,0.9482841221767946,0.0186176025018804,0.01405669539033646,3847.827001771798,993.7477431857478,3847.827001771798,0.07917555043395315,0.27300198789742686,2.7296083063761802,8.679283097964063e-08,1.350005585272172e-06,86792.83097964064,1350005.585272172,11,computed,1e-08,False,False
2026-06-01T17:16:01,13,31,130031,constant,-140.21597051433554,294.4319410286711,318.0264072255647,True,0,Optimization terminated successfully,0.0585178059535605,5.256490925698692,0.6516021306582265,0.537873675856849,0.0661729385084253,0.0231764826944876,0.0821630337760788,51.73617501587943,51.735640135196185,0.0002537267741968756,0.0002418303266766782,0.00024225858573086742,0.00023415798050280213,0.00023871924106977761,,,,,,,,,,,-140.21597051484608,294.4319410296921,318.0264072265858,-140.21597051433554,294.4319410286711,318.0264072255647,5.105391664983472e-10,200.0,True,-150.0,False,0.87,True,True,True,True,True,eligible,0.9536254378408636,0.9536254378408636,0.0231764826944876,0.03551676313601182,3578.8635685252575,299.83967426698086,3578.8635685252575,0.11300203348007994,0.30426268341799756,3.9465311544674,8.679283097964063e-08,1.350005585272172e-06,86792.83097964064,1350005.585272172,12,computed,1e-08,False,False
2026-06-01T17:16:25,3,29,30029,constant,-141.9103330668828,297.8206661337656,321.4151323306592,True,0,Optimization terminated successfully,8.285342929803063,2.547725756292021,0.5105312846395444,0.3408542061391512,0.380665452323138,0.1715969747815701,0.0138500548547306,14.62277056316719,6594.590186441317,3.538773205296227,33.44120312079602,44.38273031770178,0.3174970616171906,0.004551202036161951,,,,,,,,,,,-141.91033306692714,297.8206661338543,321.4151323307479,-141.9103330668828,297.8206661337656,321.4151323306592,4.433786671143025e-11,200.0,True,-150.0,False,0.87,True,True,True,True,True,eligible,0.871291113870689,0.871291113870689,0.0138500548547306,0.24445496047551615,124.04413376757199,16447.95049879867,16447.95049879867,0.5056611197782132,0.6433821364241967,6.807656216204251,8.679283097964063e-08,1.350005585272172e-06,86792.83097964064,1350005.585272172,13,computed,1e-08,False,False
2026-06-01T17:27:02,26,38,260038,constant,-153.02573283402614,320.0514656680523,343.6459318649459,True,0,Optimization terminated successfully,0.2283586024418339,0.8556805207360051,0.3741663252587124,1.2148908113828645,0.0299542759944295,0.4969607513173606,0.0510656523650995,0.004488197942310453,1.6394733780274044,2.0415220832581327e-05,1.1151571566252403,1.1152514970464273,0.08010205011202226,0.02409260867092471,,,,,,,,,,,-153.02573283115316,320.0514656623063,343.64593185919995,-153.02573283402614,320.0514656680523,343.6459318649459,-2.8729800760629587e-09,200.0,True,-150.0,True,0.87,True,True,True,True,True,eligible,0.9965888689473594,0.9965888689473594,0.0510656523650995,0.05862908020717501,66.94512726652955,1306.9827038402746,1306.9827038402746,0.09489164646686718,0.24329722068547138,17.187577757175294,8.679283097964063e-08,1.350005585272172e-06,86792.83097964064,1350005.585272172,14,computed,1e-08,False,False
2026-06-01T16:57:53,21,17,210017,constant,-157.4233742434389,328.8467484868778,352.4412146837714,True,0,Optimization terminated successfully,1.6946172055468465,6.863340499755926,0.6721921473291284,0.5187079151327805,0.0002861030309605,0.0291795301684528,0.0830499766825189,309.63887206951904,556.6248030049422,14.27519151357821,22.625398953446393,1.5183659288897053,9.494682386073359e-07,9.915331811026762,,,,,,,,,,,-157.4233742434402,328.8467484868804,352.44121468377404,-157.4233742434389,328.8467484868778,352.4412146837714,1.3073986337985843e-12,200.0,True,-150.0,True,0.87,True,True,True,True,True,eligible,0.9316891564109988,0.9316891564109988,0.0291795301684528,0.0487813823195008,2236.6204919387515,296.4011206948814,2236.6204919387515,0.155739266702271,0.3345608587514591,3.9487263347314574,8.679283097964063e-08,1.350005585272172e-06,86792.83097964064,1350005.585272172,15,computed,1e-08,False,False
2026-06-01T17:03:18,10,23,100023,constant,-161.090650539362,336.181301078724,359.7757672756176,True,0,Optimization terminated successfully,9.08031005815888,5.213149165239083,0.6511293286804594,0.0011826062558928,0.4846572820114518,0.0254378304986711,0.3674771863065867,128.11879689194217,0.20914755244657116,6.937940765977496e-05,0.023901695784317268,1.3352621859375133,9.4169126864361e-05,0.0026399013783488332,,,,,,,,,,,-161.0906505393814,336.1813010787628,359.7757672756564,-161.090650539362,336.181301078724,359.7757672756176,1.9383605831535533e-11,200.0,True,-150.0,True,0.87,True,True,True,True,True,eligible,0.8940492728141316,0.8940492728141316,0.0254378304986711,0.7098566815141846,6058.160147710072,49.20352416358319,6058.160147710072,2.0359995356271012,2.1076463933826295,9.84131065518817,8.679283097964063e-08,1.350005585272172e-06,86792.83097964064,1350005.585272172,16,computed,1e-08,False,False
2026-06-01T17:20:22,10,34,100034,constant,-161.48972977492542,336.97945954985084,360.57392574674446,True,0,Optimization terminated successfully,3.1777949681120314,0.8448934682385698,0.4111919420066026,1.121326251171443,0.0312027180396479,0.0551320536686899,0.5095722734135404,5928.371142560516,2425.7358881292707,1.2218535689620507,2853.196235288211,2930.724881098052,11.018127303462904,9.822950645796055,,,,,,,,,,,-161.48972977293175,336.9794595458635,360.5739257427571,-161.48972977492542,336.97945954985084,360.57392574674446,-1.9936692297051195e-09,200.0,True,-150.0,True,0.87,True,True,True,True,True,eligible,0.987456426612148,0.987456426612148,0.0551320536686899,0.22904738013176562,1065.0534393164676,67.35668075708173,1065.0534393164676,0.3906362437656302,0.547695886019455,18.26013792477913,8.679283097964063e-08,1.350005585272172e-06,86792.83097964064,1350005.585272172,17,computed,1e-08,False,False
2026-06-01T17:21:15,46,31,460031,constant,-169.8868501111927,353.7737002223854,377.368166419279,True,0,Optimization terminated successfully,9.519959678602442,9.956749267740149,0.7099982753878211,0.3971907351048633,0.0154161100316313,0.0215744634200232,0.0527049894300043,68.7430292402681,15.495571092499695,0.035917776017650345,0.8220814271479556,0.2733386575419648,3.216359014706322e-05,0.033523515871170965,,,,,,,,,,,-169.88685011119088,353.77370022238176,377.3681664192754,-169.8868501111927,353.7737002223854,377.368166419279,-1.8189894035458565e-12,200.0,True,-150.0,True,0.87,True,True,True,True,True,eligible,0.9163016979560684,0.9163016979560684,0.0215744634200232,0.032089152900172446,3313.4619772811666,584.0444282168395,3313.4619772811666,0.12033827929613744,0.28620178290805953,3.1646435403805624,8.679283097964063e-08,1.350005585272172e-06,86792.83097964064,1350005.585272172,18,computed,1e-08,False,False
2026-06-01T17:02:09,30,22,300022,constant,-174.0485212989076,362.0970425978152,385.6915087947088,True,0,Optimization terminated successfully,0.2531153327691418,0.183841551720059,0.594119274398774,0.534812769703726,0.2760898557124842,0.2089290990430901,0.5528802350375084,0.002945201941813323,2.8468999362570415e-05,3.6334458354672056e-05,0.0018211503326103255,0.0018188697644517574,0.018918645452275788,0.006793798571499465,,,,,,,,,,,-174.04852129852216,362.0970425970443,385.69150879393794,-174.0485212989076,362.0970425978152,385.6915087947088,-3.8542680158570874e-10,200.0,True,-150.0,True,0.87,True,True,True,True,True,eligible,0.9995705871068791,0.9995705871068791,0.2089290990430901,0.06724488271127538,589.44511639957,428.1230365113577,589.44511639957,0.17970295661016106,0.39612222288819504,156.59726055858857,8.679283097964063e-08,1.350005585272172e-06,86792.83097964064,1350005.585272172,19,computed,1e-08,False,False
2026-06-01T17:22:48,21,33,210033,constant,-176.12324144260052,366.24648288520103,389.84094908209465,True,0,Optimization terminated successfully,2.877569130473937,0.0358956915937456,0.4233440319181841,0.7275075124758436,0.134978960055797,0.139870806715875,1.4960456115174514,1.6097837842239333,0.030062073830101604,0.13536164867066372,0.20119847830627113,0.12330278342373076,0.04802136022188241,1.2920379855204844,,,,,,,,,,,-176.12324144259935,366.2464828851987,389.8409490820923,-176.12324144260052,366.24648288520103,389.84094908209465,-1.1652900866465643e-12,200.0,False,-150.0,True,0.87,True,True,True,True,True,eligible,0.8545872681840043,0.8545872681840043,0.139870806715875,0.13663634032214855,112.717874339986,1.003903829190455,112.717874339986,0.23995006578413286,0.37795128156209107,4.452084585257156,8.679283097964063e-08,1.350005585272172e-06,86792.83097964064,1350005.585272172,20,computed,1e-08,False,False
2026-06-01T18:38:02,33,32,330032,"ARX(1,1)",250.490969381902,-480.981938763804,-447.2755584825274,True,0,Optimization terminated successfully,1.41720790635071,7.98512951360256,0.9432643474982294,0.0497212466029801,0.0102202622616144,0.4506820961388676,0.0418851132759618,0.2702483388338013,8.269117569392952,4.8939735009771085e-06,0.44332775792268414,0.1554206388289218,0.2237434655158178,1.431051251273369e-05,0.1664103227141552,0.1764235789477136,0.6947923321545277,5.487319538458217,17.53225617855522,28.348039686087127,,,,,250.49096942894067,-480.98193885788135,-447.2755585766048,250.490969381902,-480.981938763804,-447.2755584825274,-4.703866807176382e-08,200.0,True,-150.0,False,0.87,True,True,True,True,True,eligible,0.9732351019305266,0.9732351019305266,0.0418851132759618,0.30186407872233484,52.95024485697944,333.583930739939,333.583930739939,5.368167679392548,5.559025113081947,11.278357120538612,9.44322005163422e-08,1.384774842071344e-06,94432.2005163422,1384774.842071344,1,computed,1e-08,False,False
2026-06-01T17:49:47,20,5,200005,"ARX(1,1)",-2.5844023934266147,25.16880478685323,58.87518506812985,True,0,Optimization terminated successfully,6.736191927165795,8.456699357012896,0.613442095384155,0.2522637487192229,0.1527973414165109,0.3031723115749131,0.0278712855856896,14.198451986590644,36.57401164267732,0.07452155937410505,0.10995664839016146,0.2383063189371995,0.721428157898974,0.0002494530738436734,-0.4377683849755759,0.0826755162629276,1.4938949443925489,0.23974109305435803,0.058983775898920246,0.12286719895833753,,,,,-2.584402393466192,25.168804786932384,58.87518506820901,-2.5844023934266147,25.16880478685323,58.87518506812985,3.957723038183758e-11,200.0,True,-150.0,False,0.87,True,True,True,True,True,eligible,0.8159726404520219,0.8159726404520219,0.0278712855856896,0.6257158797458463,36.60429592486539,1690.5452803694027,1690.5452803694027,1.6260925213666846,1.762587002498161,4.211157750244007,1.000747968906547e-07,1.3970138420317887e-06,100074.7968906547,1397013.8420317885,2,computed,1e-08,False,False
2026-06-01T17:37:36,42,4,420004,"ARX(1,1)",-16.63497887725518,53.26995775451036,86.97633803578698,True,0,Optimization terminated successfully,6.292585962641177,2.1708777254284835,0.8078069896100952,0.0883792185183359,0.2437578110236652,0.0239354231598487,0.134656810905499,17.262885063355522,2.956304082360351,1.5929089070150174e-05,0.005532502695237139,0.0057575014280557965,6.464876778322987e-05,1.1668788812948179,-0.2466539913622063,0.4094571016298695,1.0759436736408028,552.4139674909592,88.9370159825355,546.6024593400746,,,,,-16.63497887726011,53.26995775452022,86.97633803579684,-16.63497887725518,53.26995775451036,86.97633803578698,4.931166586175095e-12,200.0,True,-150.0,False,0.87,True,True,True,True,True,eligible,0.9738755043810958,0.9738755043810958,0.0239354231598487,0.0429683971081432,3803.017358526948,130.4191602715576,3803.017358526948,0.27104636735020177,0.5080237751384582,4.543585468724522,1.0830465799980343e-07,1.5368023450304523e-06,108304.65799980343,1536802.3450304521,3,computed,1e-08,False,False
2026-06-01T17:51:43,43,9,430009,"ARX(1,1)",-40.18372890849412,100.36745781698824,134.07383809826484,True,0,Optimization terminated successfully,9.521634971101786,5.125495494018908,0.8024186351065802,0.297974792553431,4.8330277994914175e-08,0.0119326243397226,0.1073281336800286,38.38216248174671,66.23737658887815,0.002644751798202549,1.0245819424778818e-05,1.261092588262565e-06,0.000767603235444884,0.0026533154958577315,0.1257281264813544,0.1959975280243203,0.5788098242218167,2.7274990229059852e-05,1.588319059940266e-06,2.3987026591523006e-05,,,,,-40.183728908495,100.36745781699,134.0738380982666,-40.18372890849412,100.36745781698824,134.07383809826484,8.810729923425242e-13,200.0,True,-150.0,False,0.87,True,True,True,True,True,eligible,0.9514060555484347,0.9514060555484347,0.0119326243397226,0.06039802721383139,10624.346450785268,156.675222390179,10624.346450785268,0.3199517813781791,0.5349601262311605,3.3175677012808373,8.699625020620841e-08,1.371438892185066e-06,86996.25020620841,1371438.892185066,4,computed,1e-08,False,False
2026-06-01T17:55:20,8,9,80009,"ARX(1,1)",-94.21687696660152,208.43375393320304,242.14013421447964,True,0,Optimization terminated successfully,6.642971213114266,6.183895072656509,0.6377192366905121,0.3155313333318468,0.3741560694748119,0.0108095921112396,0.1379449865249702,133.33331351247318,43.28198045634261,2.5187502138174698,1.1031471953304748,3.751198069163243,3.213999962290387e-05,0.07780733608219373,0.2974135125126817,0.2440684306652737,0.5335291781476929,4.034332925504597,17.909277499427446,16.375662909493045,,,,,-94.21687696661589,208.43375393323177,242.1401342145084,-94.21687696660152,208.43375393320304,242.14013421447964,1.4367174117069226e-11,200.0,True,-150.0,False,0.87,True,True,True,True,True,eligible,0.9825629380938414,0.9825629380938414,0.0108095921112396,0.11844843508141742,29093.99444246046,354.640885370283,29093.99444246046,0.35016729941038693,0.5566955355841232,7.121775218111269,9.8768781194368e-08,1.4311402802260017e-06,98768.78119436801,1431140.2802260015,5,computed,1e-08,False,False
2026-06-01T18:46:31,40,35,400035,"ARX(1,1)",-103.72921602333273,227.45843204666545,261.16481232794206,True,0,Optimization terminated successfully,7.321161632572626,4.255974700628962,0.4377304750145486,0.8652830810225103,0.1613707107830281,0.1194470466900361,0.0077549388634093,6.675441651854458,78.28971463545633,0.7480483435269996,1.2990755297149792,0.7423209433131558,0.10294599550975768,4.1022673055633336e-05,0.0740588833109975,0.2032512339286709,0.8170877332404787,0.8237374133558898,1.6980287069443045,2.0095663651023794,,,,,-103.72921602333868,227.45843204667733,261.16481232795394,-103.72921602333273,227.45843204666545,261.16481232794206,5.9543481256696396e-12,200.0,True,-150.0,False,0.87,True,True,True,True,True,eligible,0.9510573709173178,0.9510573709173178,0.0077549388634093,0.10471133386359237,149.5866031267846,31113.806343461536,31113.806343461536,0.18817943102353532,0.32126666404539983,3.9276305450401257,9.478399582662953e-08,1.3940251184429923e-06,94783.99582662953,1394025.1184429924,6,computed,1e-08,False,False
2026-06-01T18:41:11,47,31,470031,"ARX(1,1)",-109.91767947182308,239.83535894364616,273.54173922492276,True,0,Optimization terminated successfully,0.3911484118284834,6.112798795139927,0.752190093558159,0.1495287568582617,0.2397338395072088,0.0304867571238364,0.0774891358380588,10711.688760831787,1630.1899440337056,1.460179656015011,1.4579800336081903,147.2915530429309,0.0014853026901818465,1.2439553468073417e-05,0.1155973330670653,0.2358149650147875,0.5865245916596689,368.623500499454,332.74076021627144,111.03836584535007,,,,,-109.91767947182151,239.83535894364303,273.5417392249197,-109.91767947182308,239.83535894364616,273.54173922492276,-1.5631940186722204e-12,200.0,True,-150.0,False,0.87,True,True,True,True,True,eligible,0.9468213917408943,0.9468213917408943,0.0304867571238364,0.037068254770191024,2220.085145859813,368.0683060798355,2220.085145859813,0.17178881408555963,0.34924223841703883,4.273531677222881,8.59710453038744e-08,1.3843001925831374e-06,85971.04530387439,1384300.1925831372,7,computed,1e-08,False,False
2026-06-01T17:35:11,33,1,330001,"ARX(1,1)",-110.70082395084341,241.40164790168683,275.10802818296344,True,0,Optimization terminated successfully,1.8520641542324128,3.5960293676814,0.5408834539987057,0.5146272979721819,0.3960390931038781,0.2987058869042621,0.0791929380951361,18.88544335333469,163.27240914832223,0.008012354868242484,3.3225616836088614,3.338503832897149,215.79781537857522,27.880292166410435,0.0955838555184826,0.3851095517448502,0.7817771038883757,793.0909676071971,2223.761341978469,2545.5195375279563,,,,,-110.7008239516723,241.4016479033446,275.1080281846212,-110.70082395084341,241.40164790168683,275.10802818296344,8.288907338283025e-10,200.0,True,-150.0,False,0.87,True,True,True,True,True,eligible,0.9962166495367357,0.9962166495367357,0.0791929380951361,0.1878033825934069,489.53015910517837,950.4880403225299,950.4880403225299,0.43882831853393317,0.6369009599470384,49.63943584316266,1.1677801795953122e-07,1.525861324318065e-06,116778.01795953122,1525861.324318065,8,computed,1e-08,False,False
2026-06-01T18:43:09,20,30,200030,"ARX(1,1)",-113.65211776995318,247.30423553990636,281.01061582118297,True,0,Optimization terminated successfully,4.276480673365601,1.909375300863459,0.2320575945647087,0.7911530218347093,0.6863428509775208,0.0639699035844009,0.2679250507169242,0.03404995605439826,0.03405577386712256,4.5932677228347215e-06,1.1272161436961323,1.1272160670729165,0.07171438489838464,0.25557781461260953,0.1430620940693124,0.1878397607627088,0.6881599159161734,0.39505955110137625,0.2612243759137079,0.5030762312651691,,,,,-113.6521177672289,247.3042355344578,281.0106158157344,-113.65211776995318,247.30423553990636,281.01061582118297,-2.724277692323085e-09,200.0,True,-150.0,False,0.87,True,True,True,True,True,eligible,0.9708055309708237,0.9708055309708237,0.0639699035844009,0.1545622716018562,1418.0234755019467,83.0055212878704,1418.0234755019467,0.2020825309617385,0.3334405425969763,11.761217191584564,9.123040200498469e-08,1.3830485917823934e-06,91230.4020049847,1383048.5917823934,9,computed,1e-08,False,False
2026-06-01T17:41:05,26,3,260003,"ARX(1,1)",-126.37374016202205,272.7474803240441,306.4538606053207,True,0,Optimization terminated successfully,8.886393916218932,3.3646099453868064,0.8468565105619269,0.1626916331893206,0.1046016857301436,0.0379031729854226,0.4487820821086418,0.9520610701172645,0.9772457134300104,0.000901579222662534,0.00012579155065924267,0.00011338688157278657,0.000588477358723265,0.8791133346622672,0.0777095152060309,0.216375950300283,0.4056849224905059,1.8831978744522111e-06,0.00473380766883365,0.00011054407097687081,,,,,-126.37373617085083,272.74747234170167,306.4538526229783,-126.37374016202205,272.7474803240441,306.4538606053207,-3.991171212192057e-06,200.0,True,-150.0,False,0.87,True,True,True,True,True,eligible,0.980503170021659,0.980503170021659,0.0379031729854226,0.6904171104242002,990.074774371669,172.57215399244618,990.074774371669,4.554324119931825,4.881242883065278,35.41176238348404,1.1571570821523612e-07,1.5719535081120632e-06,115715.70821523613,1571953.5081120632,10,computed,1e-08,False,False
2026-06-01T18:50:08,15,37,150037,"ARX(1,1)",-131.0516629985724,282.1033259971448,315.8097062784214,True,0,Optimization terminated successfully,2.3142423667946885,9.75583001697333,0.5110765691047743,0.6624316061691886,0.2556476968529795,0.4831067965584801,0.065884286038933,8.783395489135598,50.31577028870531,0.004136107670564974,118.46347975546787,118.45613605353697,316.1656179200813,34.00173830952808,0.1224615163184952,0.3769724999263711,0.8124267589642379,1019.3528717120955,1551.0735283022211,1468.1121383804116,,,,,-131.05166301684483,282.10332603368965,315.80970631496626,-131.0516629985724,282.1033259971448,315.8097062784214,1.8272430679644458e-08,200.0,True,-150.0,False,0.87,True,True,True,True,True,eligible,0.9701162206158583,0.9701162206158583,0.065884286038933,0.5824735770812298,77.44142188463555,583.2410142212883,583.2410142212883,1.2124299501061617,1.3609147503191772,19.49129558192125,1.2670996942056003e-07,1.533217365969465e-06,126709.96942056004,1533217.365969465,11,computed,1e-08,False,False
2026-06-01T18:18:05,11,21,110021,"ARX(1,1)",-134.377081887279,288.754163774558,322.4605440558346,True,0,Optimization terminated successfully,6.676626919239674,4.804783466535239,0.2574794585598352,0.6238665763718341,0.8372713417702222,0.0940222232886574,0.2697714354211656,99.11955675744609,11.874010097456125,0.0004797539959137087,21.47949906614134,21.479662275428915,5.657056161951724,16.528523067479032,0.056975313701116,0.302110062273937,0.6439165390792687,58.41106950334742,59.99046628675832,97.9460860637514,,,,,-134.37708198794485,288.7541639758897,322.4605442571663,-134.377081887279,288.754163774558,322.4605440558346,1.0066585787171789e-07,200.0,True,-150.0,False,0.87,True,True,True,True,True,eligible,0.9880484176308633,0.9880484176308633,0.0940222232886574,0.4086985094916969,791.9222373669595,402.02069635088276,791.9222373669595,0.5520505604079559,0.6889346866547614,34.196183975362665,8.591637531265137e-08,1.4091004936752057e-06,85916.37531265136,1409100.4936752056,12,computed,1e-08,False,False
2026-06-01T18:30:54,38,26,380026,"ARX(1,1)",-138.22969424393602,296.45938848787205,330.16576876914866,True,0,Optimization terminated successfully,6.077891461130329,5.170331490592408,0.8604397061841507,0.1763756545262868,0.0023806338442447,0.0232024162641598,0.0613206816520369,0.05813193416185239,0.007458821871943084,2.073208203224368e-05,0.0005889885326639477,0.0006136757585151017,8.116651538990082e-06,0.0005639978249849241,0.0171994851840551,0.2278898723707099,0.9134246998459774,0.03325419532801141,0.023905003188233687,0.08303539376728346,,,,,-138.22969424393557,296.45938848787114,330.16576876914775,-138.22969424393602,296.45938848787205,330.16576876914866,-4.547473508864641e-13,200.0,True,-150.0,False,0.87,True,True,True,True,True,eligible,0.9498178503694165,0.9498178503694165,0.0232024162641598,0.022713660646842083,1068.6811955287371,183.81544122127406,1068.6811955287371,0.1723639955257577,0.2985620701880614,1.266514388710188,1.0103974323670429e-07,1.4076797258021278e-06,101039.74323670428,1407679.725802128,13,computed,1e-08,False,False
2026-06-01T18:14:21,7,20,70020,"ARX(1,1)",-142.6069919706635,305.213983941327,338.9203642226036,True,0,Optimization terminated successfully,8.678839880264407,0.1303574497129014,0.4029470486571404,0.6204850200283165,0.2001048922545347,0.1475996969600544,0.010998431938814,110.3835568512712,891.183086190978,8.955796422879352,159.16273038913417,2.2385177496609027e-06,1.7800077954042061e-06,4.870563412184391e-05,0.3113653603497138,0.1023193024950228,0.6642163485968128,4.36028826947406e-06,4.251760009264307e-06,6.233081078712357e-06,,,,,-142.6069919706669,305.2139839413338,338.92036422261043,-142.6069919706635,305.213983941327,338.9203642226036,3.410605131648481e-12,200.0,True,-150.0,False,0.87,True,True,True,True,True,eligible,0.813242004798566,0.813242004798566,0.010998431938814,0.1890901150790351,98.26866912273496,15080.298303082109,15080.298303082109,0.3203079078554672,0.41187072919016643,3.9650447516603693,1.0115442194060465e-07,1.3908241208316637e-06,101154.42194060465,1390824.1208316637,14,computed,1e-08,False,False
2026-06-01T18:37:36,32,28,320028,"ARX(1,1)",-144.25049260111228,308.50098520222457,342.2073654835012,True,0,Optimization terminated successfully,0.3053259664836292,0.6343787146547066,0.6817576810619435,0.44665971161816,0.1843695093042249,0.6789070063842753,0.1827016365493201,0.0023281122414411217,0.0006967904948804376,1.8946949547333324e-05,0.447267327900957,0.4472768094562861,1.2948897751044517,0.38609694202778616,0.2432377524973361,0.1310043206874394,0.9455194065084987,0.37821426392953844,0.8653072675247823,0.8820985083488092,,,,,-144.25049260106505,308.5009852021301,342.2073654834067,-144.25049260111228,308.50098520222457,342.2073654835012,-4.723688107333146e-11,200.0,True,-150.0,False,0.87,True,True,True,True,True,eligible,0.9972722915231359,0.9972722915231359,0.1827016365493201,0.1619047238068609,111.93496998427273,232.568370130234,232.568370130234,0.544294154827627,0.7248162791245487,59.35558186664953,1.3230317937107164e-07,1.4585891545114285e-06,132303.17937107163,1458589.1545114284,15,computed,1e-08,False,False
2026-06-01T17:51:10,22,10,220010,"ARX(1,1)",-150.79653547373175,321.5930709474635,355.2994512287401,True,0,Optimization terminated successfully,7.229358133062742,7.217665338263883,0.5343294361531957,0.4330306520585097,0.019709373753788,0.0343462089976494,0.1277534190669128,3.272595451700541e-07,0.002919549487485343,8.223389619161202e-07,2.433989091731654e-07,1.2655170078479306e-06,1.8806759996269146e-06,2.037200513364445e-06,0.3170561624119317,0.1462972271085508,0.5879830255361962,1.2433670492097425e-06,2.1868673430828748e-07,1.0750085096025069e-08,,,,,-150.79653547384936,321.5930709476987,355.29945122897533,-150.79653547373175,321.5930709474635,355.2994512287401,1.1760903362301178e-10,200.0,True,-150.0,True,0.87,True,True,True,True,True,eligible,0.7606994490593446,0.7606994490593446,0.0343462089976494,0.12632725425452274,1222.103048631056,102.70987561549197,1222.103048631056,0.27237563450050045,0.3274698139426895,3.1179899302118845,9.855973577719579e-08,1.396987028043133e-06,98559.73577719579,1396987.028043133,16,computed,1e-08,False,False
2026-06-01T18:20:18,43,23,430023,"ARX(1,1)",-156.0603437025947,332.1206874051894,365.827067686466,True,0,Optimization terminated successfully,9.999999999999249,6.404264540159548,0.7974769225163373,0.2976922164165213,2.5779548745643398e-14,0.016081099541284,0.0592237709107736,1114.6364514269148,63.553847919979695,0.0026643347383853207,7.580777230082027,2.9631375129028914,6.241298190835351e-07,3.932737269449013,0.0161075150260546,0.2229052371144185,0.8484184285945557,9.54544435613026,10.642839393055576,57.70186836842961,,,,,-156.0603437026022,332.1206874052044,365.827067686481,-156.0603437025947,332.1206874051894,365.827067686466,7.503331289626658e-12,200.0,True,-150.0,True,0.87,True,True,True,True,True,eligible,0.9463230307246109,0.9463230307246109,0.016081099541284,0.025048687569153818,3375.4472647225457,276.85080015795637,3375.4472647225457,0.13203564480158783,0.2791127548857886,1.8439383463257955,9.02587258177896e-08,1.3946216675003522e-06,90258.7258177896,1394621.6675003523,17,computed,1e-08,False,False
2026-06-01T18:37:18,43,32,430032,"ARX(1,1)",-156.25844324614374,332.5168864922875,366.2232667735641,True,0,Optimization terminated successfully,4.915232982253165,3.556328267779856,0.7516576293751076,0.45147415683561,0.0259809603832221,0.203288919916528,0.0709930463977211,79.72913166024766,119.64788909616944,6.34277728915521e-06,0.0004329395847905625,0.0021951097867393197,10.120562145885222,2.4018844819936758e-05,0.6247546796728023,-0.0222089365624968,-0.087380421148023,78.54152315908608,19.95049944715274,58.59487169292767,,,,,-156.25844324615196,332.5168864923039,366.2232667735805,-156.25844324614374,332.5168864922875,366.2232667735641,8.213874025386758e-12,200.0,True,-150.0,True,0.87,True,True,True,True,True,eligible,0.9903851879845237,0.9903851879845237,0.0709930463977211,0.22105274980707815,511.21467318772653,1498.324789056744,1498.324789056744,0.9017188307072304,1.3672159845404717,22.990855094334012,1.4712434443925108e-07,4.284280028649188e-06,147124.34443925106,4284280.028649188,18,computed,1e-08,False,False
2026-06-01T18:20:14,17,25,170025,"ARX(1,1)",-157.9807684621551,335.9615369243102,369.66791720558683,True,0,Optimization terminated successfully,2.612775524654917,7.925652181372524,0.3726816962189411,0.6508640999841278,0.2918000950672487,0.0385407297923146,0.1099496514975901,0.019053585957689228,0.01629652711646715,1.5002063183052579e-06,1.6338643492037933e-05,0.0005295249127245744,9.867051029968433e-07,1.5149027682905376e-06,0.0882761669433466,0.2608651128368441,0.7519493366451637,1.6346805118252506e-05,0.0005299946828163472,1.880402210875298e-09,,,,,-157.9807684618167,335.9615369236334,369.66791720491,-157.9807684621551,335.9615369243102,369.66791720558683,-3.384172941878205e-10,200.0,True,-150.0,True,0.87,True,True,True,True,True,eligible,0.8440137937446293,0.8440137937446293,0.0385407297923146,0.09969360667470172,1719.3229021013938,223.37868707632177,1719.3229021013938,0.16118852028180694,0.27025039028684905,5.254269741797739,9.717621218668859e-08,1.4138994235708424e-06,97176.21218668859,1413899.4235708425,19,computed,1e-08,False,False
2026-06-01T17:59:35,27,17,270017,"ARX(1,1)",-158.83580429129023,337.67160858258046,371.37798886385707,True,0,Optimization terminated successfully,0.378391301907773,0.7524386674039759,0.547097953492891,0.7009526118966034,0.2048494811173876,0.2484067004794257,0.0679859433367831,0.12047155901535204,1.3393213907456751,8.688383565754165e-09,0.09200318188121596,0.09193692175601181,4.920633994096182,1.2465148472499066,-0.0576380952152628,0.3454288402442328,0.7224585410116687,1.3178244214903905,2.907728605737463,12.159810765094251,,,,,-158.83580429155904,337.6716085831181,371.3779888643947,-158.83580429129023,337.67160858258046,371.37798886385707,2.688125277927611e-10,200.0,True,-150.0,True,0.87,True,True,True,True,True,eligible,0.9999989999998865,0.9999989999998865,0.0679859433367831,0.026826809719793974,378391.2589628062,752438.582007051,752438.582007051,0.07031725947594825,0.28759737803125673,26826.806675124488,8.48219048685957e-08,1.4518399269935705e-06,84821.9048685957,1451839.9269935705,20,computed,1e-08,False,False
2026-06-01T20:30:19,21,40,210040,"ARX(2,1)",253.47619432529265,-484.9523886505853,-447.875370341181,True,0,Optimization terminated successfully,8.161163206834225,2.682045637867549,0.9399505834454422,0.0505967129903294,0.0093077524637013,0.0761216366468193,0.4957433061960563,86.68123779844522,11.136272967995101,1.2327961102409622e-06,0.14279861259110024,2.062691233455866,2.206097368243475,8.026198439053026,-0.0278668327818676,0.4082540997566547,0.6653184431573319,43.83566499295163,0.00960256909541648,49.672519642587275,-0.0331014584120377,35.23511058522677,,,253.4761943249256,-484.9523886498511,-447.8753703404468,253.47619432529265,-484.9523886505853,-447.875370341181,3.6706637729366776e-10,200.0,True,-150.0,False,0.87,True,True,True,True,True,eligible,0.9699028161724575,0.9699028161724575,0.0761216366468193,0.706433248892034,271.1603601718316,89.11284368782593,271.1603601718316,11.812549179621232,12.050018870801491,23.47173918131057,8.671844397520572e-08,1.504950152948988e-06,86718.44397520572,1504950.152948988,1,computed,1e-08,False,False
2026-06-01T20:25:50,21,39,210039,"ARX(2,1)",-20.703248985686542,63.406497971373085,100.48351628077737,True,0,Optimization terminated successfully,3.0732962659466025,7.094145150922066,0.8748427561217943,0.1809419977533308,0.0066836233160012,0.0118453089195308,0.0467429642977604,498.42353296279657,100.2629538255624,0.15453725795288112,4.093746714392374,0.9426861319962404,3.247682757004675e-05,1.1366644006191386,0.0071872782990647,0.2277214998929477,0.807643582691691,19.683454026948194,74.73282151782108,8.200903930881235,0.0720111946263866,50.612645612943524,,,-20.703248985679764,63.40649797135953,100.4835162807638,-20.703248985686542,63.406497971373085,100.48351628077737,-6.778577699151356e-12,200.0,True,-150.0,False,0.87,True,True,True,True,True,eligible,0.9686555666564602,0.9686555666564602,0.0118453089195308,0.015931249490929975,4013.468681262041,312.84395396724585,4013.468681262041,0.14423866139495745,0.3024621696628188,1.2466694112959575,9.377539050777827e-08,1.4343736443179326e-06,93775.39050777827,1434373.6443179327,2,computed,1e-08,False,False
2026-06-01T19:59:14,43,25,430025,"ARX(2,1)",-89.07121877732949,200.14243755465898,237.21945586406326,True,0,Optimization terminated successfully,4.396553724506772,5.74493841608963,0.7567017476433647,0.0338637832813607,0.3058464630302727,0.0292746471537561,0.2663237410000962,2.2043767578394946,0.2065141897983021,0.008240456783298208,2.10910831357816e-06,0.03498835000266401,2.7815557195520056e-06,0.007874590289006412,-0.225251025152726,0.1353736394802923,0.6884990447868735,0.05442850653421324,0.024606970809111815,0.023504681247606813,-0.0840174208852714,0.005743158915999099,,,-89.07121877730428,200.14243755460856,237.21945586401284,-89.07121877732949,200.14243755465898,237.21945586406326,-2.5210056264768355e-11,200.0,True,-150.0,False,0.87,True,True,True,True,True,eligible,0.9265568707991814,0.9265568707991814,0.0292746471537561,0.41124678502240497,2305.724575846342,78.22295262475824,2305.724575846342,1.7053426614876095,1.7973893716665388,5.611360545429681,2.3397230036451671e-07,2.071547663341407e-06,233972.3003645167,2071547.663341407,3,computed,1e-08,False,False
2026-06-01T19:00:42,27,8,270008,"ARX(2,1)",-99.20506778199726,220.41013556399452,257.4871538733988,True,0,Optimization terminated successfully,6.316359887476845,7.203269794404417,0.7714837060377474,0.0511948576169495,0.0044223560537602,0.2407446868401146,0.030386626458828,326.9069571291968,3153.404411649896,7.862294115334558,0.008505840395214043,64.67410049313138,15.14656518921823,0.00701662110565196,0.0714792000518345,0.1414777250246654,0.2948029595717427,176.90118283937883,229.05028285651326,463.47629030623415,0.1455584286768215,447.64016598493,,,-99.20506778198992,220.41013556397985,257.4871538733841,-99.20506778199726,220.41013556399452,257.4871538733988,-7.332801033044234e-12,200.0,True,-150.0,False,0.87,True,True,True,True,True,eligible,0.7992923128731022,0.7992923128731022,0.030386626458828,0.37273473119219286,33.96959919370144,428.77831615846475,428.77831615846475,1.638241511619307,1.690031378782917,2.3647213750121567,1.2790590822848173e-07,1.6658178539234767e-06,127905.90822848171,1665817.8539234768,4,computed,1e-08,False,False
2026-06-01T20:02:44,18,32,180032,"ARX(2,1)",-108.20853509854315,238.4170701970863,275.4940885064906,True,0,Optimization terminated successfully,8.93138086895997,5.064279281297535,0.5867002727981905,0.5990828546573885,0.0699572092965022,0.1929735824384351,0.0205632084401275,29.046575515358192,159.77966552618827,2.332610861684459,2.080462588107492,0.5870430582434683,7.3987634542402745,0.003606841283957664,-0.0563443266756298,0.54872907768227,0.4921589773067623,9.299123536018656e-06,3.258619419841892,2.080403975447831,0.0034873682635971,5.587995250709744,,,-108.208535098487,238.417070196974,275.4940885063783,-108.20853509854315,238.4170701970863,275.4940885064906,-5.6147086979763117e-11,200.0,True,-150.0,False,0.87,True,True,True,True,True,eligible,0.9212203047751358,0.9212203047751358,0.0205632084401275,0.33473534524791754,113.37160982238834,4468.230081384456,4468.230081384456,0.819036554320792,1.00946216988262,4.5782892686013215,9.194528207179377e-08,1.7035558678785868e-06,91945.28207179377,1703555.8678785868,5,computed,1e-08,False,False
2026-06-01T19:14:33,29,7,290007,"ARX(2,1)",-110.82868400724277,243.65736801448554,280.73438632388985,True,0,Optimization terminated successfully,6.5556334834771945,9.17170918864628,0.3377343544903658,0.1383917855371606,0.7387184886986594,0.0111747313988442,0.1274013157735527,17278.07444853718,165.55326824826003,10.323290038741689,20.812742923818714,88.19758765518385,8.981081001859591e-05,8.11057689698077,0.0882492710960236,0.3937390861191613,0.5567078542234167,210.39159789346408,94.73604928446,372.3693069811299,0.1689359221989418,119.20374623224065,,,-110.82868400726602,243.65736801453204,280.73438632393635,-110.82868400724277,243.65736801448554,280.73438632388985,2.3248958314070478e-11,200.0,True,-150.0,False,0.87,True,True,True,True,True,eligible,0.7762894916082759,0.7762894916082759,0.0111747313988442,0.14968551779771716,58035.16008909253,460.2688043760229,58035.16008909253,0.23524155296961924,0.337988848162207,14.717785478752102,1.0683319972036799e-07,1.6078695023177985e-06,106833.199720368,1607869.5023177986,6,computed,1e-08,False,False
2026-06-01T19:46:59,8,26,80026,"ARX(2,1)",-123.75332479895768,269.5066495979154,306.58366790731964,True,0,Optimization terminated successfully,2.075764700082919,2.6373301036180714,0.3745765174010714,1.1479067858792062,0.0733759945398832,0.2093524595941267,0.0867996686171836,317.7095523405278,588.1710714534057,0.9742210875755845,9214.892513389668,9213.9380287857,5441.917393494609,2137.5184908231968,-0.0370343529625712,0.1260625663065894,1.308880581190407,17832.130375063916,8477.861707018308,33778.11816712236,-0.1969965476083754,8618.89653933327,,,-123.75332479938888,269.50664959877776,306.58366790818206,-123.75332479895768,269.5066495979154,306.58366790731964,4.311999646233744e-10,200.0,True,-150.0,False,0.87,True,True,True,True,True,eligible,0.985217907610616,0.985217907610616,0.0867996686171836,0.11084768046241308,140.42428131308827,351.55036926274795,351.55036926274795,0.17797684158635463,0.27765556105955247,7.498781467637166,1.06491091139003e-07,1.3052659496049832e-06,106491.091139003,1305265.9496049832,7,computed,1e-08,False,False
2026-06-01T19:34:28,42,23,420023,"ARX(2,1)",-133.01595173313257,288.03190346626513,325.10892177566944,True,0,Optimization terminated successfully,1.0995068510748705,4.838946684303541,0.1731926239696012,1.0700336855050363,0.521414151737045,0.437707097553119,0.0621193673681361,10.62209647588382,10.426623206878588,0.0003364932177817186,69.67645081971092,69.67208190881402,94.15107004828907,10.785334902768508,0.0085516059606635,0.2937164083220092,0.8380475904209824,194.05482735469866,324.4808825549039,156.54686589254152,0.0907950235896554,194.59757981754598,,,-133.0159517341829,288.0319034683658,325.1089217777701,-133.01595173313257,288.03190346626513,325.10892177566944,1.05032427200058e-09,200.0,True,-150.0,False,0.87,True,True,True,True,True,eligible,0.9689165425906419,0.9689165425906419,0.0621193673681361,0.22932437633339622,35.37273336729419,1253.812394550656,1253.812394550656,0.2781499140311091,0.4065672889701099,9.908655504990037,1.0820957858789979e-07,1.492231059139438e-06,108209.5785878998,1492231.059139438,8,computed,1e-08,False,False
2026-06-01T19:48:52,1,27,10027,"ARX(2,1)",-137.0905824975598,296.1811649951196,333.2581833045239,True,0,Optimization terminated successfully,5.056291349437467,6.88164464272754,0.3977776713609796,0.5410801899780273,0.3502161711092291,0.033324140407739,0.1105922547426876,23.496257028090348,0.8601931768645942,3.3611425257159944,0.29811243676412863,0.4171230835807504,0.016064914860905527,0.22902785444134124,0.1482593806316444,0.3520522914490397,0.3796141871599748,3.327189604880044,4.067133474691551,0.6687232591362733,0.2224094569349729,4.180473725316079,,,-137.0905824955627,296.1811649911254,333.2581833005297,-137.0905824975598,296.1811649951196,333.2581833045239,-1.9971082565461984e-09,200.0,True,-150.0,False,0.87,True,True,True,True,True,eligible,0.8434258519046078,0.8434258519046078,0.033324140407739,0.08978196821007726,3169.1088310693335,298.4083301598292,3169.1088310693335,0.15427727356181364,0.2625510274185793,7.169016967966539,9.517582831741424e-08,1.6027382761933542e-06,95175.82831741424,1602738.2761933543,9,computed,1e-08,False,False
2026-06-01T19:55:24,41,32,410032,"ARX(2,1)",-144.2330558141395,310.466111628279,347.5431299376833,True,0,Optimization terminated successfully,0.6699285138217731,0.196932114778487,0.2903278319441228,1.4118722830537542,1.3800045368371049e-11,0.2055668586757862,1.1433484725592231,0.060343397999683045,0.06056765016019808,0.0007124973341630736,112.72526985191267,112.72523675500945,4.847758979174031,35.12599487139141,-0.0805340462423389,0.2376308407609788,0.5396776483412056,10.349400569102706,190.21598902952937,298.5233453049579,0.103556139653568,102.47932666468152,,,-144.23305581425785,310.4661116285157,347.54312993792,-144.2330558141395,310.466111628279,347.5431299376833,1.1834799806820229e-10,200.0,False,-150.0,False,0.87,True,True,True,True,True,eligible,0.9962639734779,0.9962639734779,0.2055668586757862,0.2857483266103046,179.31578104675873,52.71164795366356,179.31578104675873,0.4047046495867739,0.6655966947222233,76.48455516040728,1.0335223430729122e-07,1.4307701501993842e-06,103352.23430729122,1430770.1501993842,10,computed,1e-08,False,False
2026-06-01T20:00:48,27,37,270037,"ARX(2,1)",-147.61792604722456,317.2358520944491,354.3128704038534,True,0,Optimization terminated successfully,9.058846258117224,2.8769426339221598,0.4224941429314137,0.7868874009379269,3.888180487349446e-05,0.1342614712827469,0.0083071030511151,0.07025690661803195,0.10424680501419951,0.0023729056341869415,3.1024747650334655e-05,5.121517786131582e-06,0.0009295070536245828,1.435632938129461e-06,0.1543566707828735,0.1164128964623771,0.6204121720349386,0.002369232698240701,4.0212427195990537e-08,2.9007904989489227e-05,0.1184012104712951,3.9240962459160164e-08,,,-147.61792604732193,317.23585209464386,354.31287040404817,-147.61792604722456,317.2358520944491,354.3128704038534,9.737277650856413e-11,200.0,True,-150.0,False,0.87,True,True,True,True,True,eligible,0.8159572843028139,0.8159572843028139,0.0083071030511151,0.16349458702892083,124.79244467819527,28505.54184536819,28505.54184536819,0.28319600833866587,0.3703177225914718,4.216635734885211,9.113503065944054e-08,1.4265711416032559e-06,91135.03065944054,1426571.1416032559,11,computed,1e-08,False,False
2026-06-01T19:09:45,6,7,60007,"ARX(2,1)",-149.0989872537724,320.1979745075448,357.2749928169491,True,0,Optimization terminated successfully,2.4624551963469643,7.200576851575214,0.8441756398562466,0.2512287040008613,0.0005999615166668,0.0411455154583268,0.0451531973456353,3053.6630144678593,2452.4774109643126,6.10635177370393e-05,100.82992451073369,12.502203491998502,0.0031933723207755197,0.0023124120511378307,0.015791415908827,0.2120806964589821,0.8711278809214081,1015.0166852311406,243.14370692809473,1058.1634498513542,0.0944138032476579,29.854864132996305,,,-149.0989872537976,320.1979745075952,357.2749928169995,-149.0989872537724,320.1979745075448,357.2749928169491,2.518163455533795e-11,200.0,True,-150.0,False,0.87,True,True,True,True,True,eligible,0.9700899726150106,0.9700899726150106,0.0411455154583268,0.01884943895255634,396.94373333030035,362.69493800056256,396.94373333030035,0.12888033712648117,0.25819849943988754,1.4114737726067517,1.0567081766092957e-07,1.458992227254684e-06,105670.81766092958,1458992.227254684,12,computed,1e-08,False,False
2026-06-01T19:05:15,23,4,230004,"ARX(2,1)",-149.9150592125204,321.8301184250408,358.9071367344451,True,0,Optimization terminated successfully,9.559048033272424,4.879062254582918,0.3944470582868856,0.6330188259568917,0.4374305617505921,0.137842838339978,0.0240179189838641,355.17666691097406,123.42695901378136,5.266768039404668e-07,0.9142381186193688,8.910662384282388,1.8137862555457576,0.0007000452199602111,0.3900485694940176,-0.0662888676016816,0.8783116853045025,7.876239636791772e-05,4.418348784434459e-06,2.923034817445857e-05,-0.0359982500261604,1.524014929875093e-06,,,-149.915059212581,321.830118425162,358.9071367345663,-149.9150592125204,321.8301184250408,358.9071367344451,6.062350621505175e-11,200.0,True,-150.0,False,0.87,True,True,True,True,True,eligible,0.9296717521406275,0.9296717521406275,0.0240179189838641,0.1844426456369964,224.08860736278214,6869.146863389576,6869.146863389576,0.3148245857252188,0.4492914279713689,8.22036779685413,1.2107964325681356e-07,1.3716476173518907e-06,121079.64325681356,1371647.6173518908,13,computed,1e-08,False,False
2026-06-01T19:23:47,18,13,180013,"ARX(2,1)",-157.3902057865884,336.7804115731768,373.85742988258113,True,0,Optimization terminated successfully,8.006328268569343,4.060655960822218,0.716682145389798,0.2538448991021816,0.0439906356158098,0.0418648022206867,0.0920725890303486,62.601683499995474,0.0001507219286275436,0.00013355063357124684,0.00013748031821699783,2.449813577094805e-07,3.497882196053888e-05,0.00013765571528349312,0.0513497050022271,0.2598057479885722,0.6650471528483678,1.8792360787801817e-06,1.1221553973308893e-06,0.0001468492789611405,0.0909882063418182,0.00014501440183120468,,,-157.3902057865887,336.7804115731774,373.8574298825817,-157.3902057865884,336.7804115731768,373.85742988258113,2.8421709430404007e-13,200.0,True,-150.0,True,0.87,True,True,True,True,True,eligible,0.8655999127487937,0.8655999127487937,0.0418648022206867,0.048456033752714504,358.4859266232827,82.60561134422673,358.4859266232827,0.18051508508606906,0.2710931253664446,1.32858218277289,9.070833537690223e-08,1.4486766058485076e-06,90708.33537690224,1448676.6058485077,14,computed,1e-08,False,False
2026-06-01T18:57:36,22,2,220002,"ARX(2,1)",-157.81936907380253,337.63873814760507,374.7157564570094,True,0,Optimization terminated successfully,6.677584626472624,1.6006297576796489,0.6234851333082322,0.36772602663315,0.2396045391802169,0.0307563608094588,0.0162985663468145,4.9765640221787795,17.472776061015058,1.919242741488391e-05,0.12657694085576032,0.13889832496679425,1.949181115879774e-06,7.020980589825601e-06,0.2009616084644131,0.157299498512918,0.3888448072184838,0.8222557954629025,0.7136044503021585,0.30699131403294605,0.1168481022263273,0.5779905289038134,,,-157.81936907382544,337.6387381476509,374.7157564570552,-157.81936907380253,337.63873814760507,374.7157564570094,2.290789780090563e-11,200.0,True,-150.0,True,0.87,True,True,True,True,True,eligible,0.9271504162149157,0.9271504162149157,0.0162985663468145,0.006741882601240407,2351.8157193025777,8315.894717027755,8315.894717027755,0.02979202222785359,0.20531964670291264,4.433770276222596,9.03568131871147e-08,1.416202855674382e-06,90356.8131871147,1416202.855674382,15,computed,1e-08,False,False
2026-06-01T20:06:39,14,33,140033,"ARX(2,1)",-159.45111763798744,340.9022352759749,377.9792535853792,True,0,Optimization terminated successfully,9.99968258221435,1.1038920010478954,0.6839439332870726,0.5156200877015314,6.980515924253219e-05,0.0569914579670237,0.0166780512561835,527.2530744178285,6488.489625767286,4.371932846248337,43.53673037491915,0.0008396850906316632,2.098449464857994,2.2407834297952198e-07,0.0772198929892789,0.2415144922151157,0.7674300839848002,35.76931325441713,54.35970271688613,143.75814418163495,-0.0005556447056186,31.996977730928652,,,-159.45111763800057,340.90223527600114,377.97925358540544,-159.45111763798744,340.9022352759749,377.9792535853792,1.3130829756846651e-11,200.0,True,-150.0,True,0.87,True,True,True,True,True,eligible,0.9417888797174596,0.9417888797174596,0.0166780512561835,0.03278628755270242,390.69064631294276,4196.116534869394,4196.116534869394,0.1061589361385959,0.23462400030041958,2.436154326063242,9.394664205495747e-08,1.4036535582051619e-06,93946.64205495747,1403653.558205162,16,computed,1e-08,False,False
2026-06-01T20:25:06,29,36,290036,"ARX(2,1)",-165.41563507816116,352.8312701563223,389.9082884657266,True,0,Optimization terminated successfully,0.5091800824889088,3.922672915501921,0.7000158000023303,0.2968892040465195,0.1776222552055643,0.0218166689908586,0.2697928152497313,1381.1483772574904,67.43492768706393,4.44577746219231,3.0857355967320137,2.8046903533672465,0.001399268766770314,0.3486704452940863,0.3791050015865496,0.1053152274660194,0.7984602300545773,3.181122843376961,6.7885600569759985,36.49049836407703,0.0497025320795973,23.615907587472257,,,-165.41563507816113,352.83127015632226,389.90828846572657,-165.41563507816116,352.8312701563223,389.9082884657266,-2.842170943040401e-14,200.0,True,-150.0,True,0.87,True,True,True,True,True,eligible,0.9372715296283722,0.9372715296283722,0.0218166689908586,0.28576650913801155,3862.496623208139,62.534171362102164,3862.496623208139,0.9869221830750281,1.1519434255167564,4.627831644405893,1.516627019737125e-07,1.5237999056030863e-06,151662.70197371248,1523799.905603086,17,computed,1e-08,False,False
2026-06-01T19:50:01,6,28,60028,"ARX(2,1)",-167.15849130082432,356.31698260164865,393.39400091105296,True,0,Optimization terminated successfully,6.283930201061119,4.391602512942911,0.9084215212920016,0.0964449192337017,0.0313992802927246,0.0373163242612118,0.0273379984513845,65.53211759421453,65.40057742154622,0.03424441846965991,0.000712806163531512,4.902498392414401e-05,2.4152585041126264e-06,0.0013691341547797519,0.1576911505512399,0.2238847226947553,0.4773154534128188,0.003626937690448931,0.0009334451790647016,0.06857814608190223,0.0843270043088827,9.44091002936827e-05,,,-167.15849130089788,356.31698260179576,393.39400091120007,-167.15849130082432,356.31698260164865,393.39400091105296,7.355538400588557e-11,200.0,True,-150.0,True,0.87,True,True,True,True,True,eligible,0.9723436210552148,0.9723436210552148,0.0273379984513845,0.012032558534024098,467.6607006892224,788.7612568976888,788.7612568976888,0.1680043365107379,0.38308461911745206,1.2407147645506753,8.753820306020882e-08,1.422857493181251e-06,87538.20306020882,1422857.493181251,18,computed,1e-08,False,False
2026-06-01T20:05:57,9,29,90029,"ARX(2,1)",-167.96482253365542,357.92964506731084,395.00666337671515,True,0,Optimization terminated successfully,1.854099650095829,3.1578577418981704,0.9080896306661111,0.0245141547541514,0.078277172042272,0.0353258816787125,0.2778030745937103,103.12577000530241,4.560233545539067,0.0004751024885776158,0.0007475541167464678,0.46727589277375886,0.0012273229864828146,1.560830611241528,-0.0976496043591701,0.1607594827079929,0.2759267278567847,8.573399830828095,4.782304536021013,2.4975926112589026,-0.0033501464449422,4.7520163025383715,,,-167.96482253372162,357.92964506744323,395.00666337684754,-167.96482253365542,357.92964506731084,395.00666337671515,6.619416126341093e-11,200.0,True,-150.0,True,0.87,True,True,True,True,True,eligible,0.9594852940643228,0.9594852940643228,0.0353258816787125,0.24602000885260455,511.3062617883425,77.9434940713063,511.3062617883425,2.735006674182824,2.918375649964109,6.072363186917764,3.016594932112587e-07,2.967503245350363e-06,301659.49321125867,2967503.2453503627,19,computed,1e-08,False,False
2026-06-01T20:22:48,13,40,130040,"ARX(2,1)",-168.21220156354303,358.42440312708607,395.5014214364904,True,0,Optimization terminated successfully,0.1820026077256183,0.1046104263347423,0.6272108388083962,0.4369210209026621,0.1053084433463685,0.4053065193311831,0.6038392041630974,7.36624549030107e-05,1.2425778812847726e-06,0.01306899268194891,0.022910418103019813,0.04893293745930772,0.11012179639153538,0.17265805070395981,0.1889437605242186,0.1935350314348083,0.3216140605473998,2.1778288976139788e-05,0.0018351480338149233,0.006861037979823878,0.2432894745819804,0.0002614874174605909,,,-168.2122015635453,358.4244031270906,395.5014214364949,-168.21220156354303,358.42440312708607,395.5014214364904,2.2737367544323206e-12,200.0,False,-150.0,True,0.87,True,True,True,True,True,eligible,0.8983255709329115,0.8983255709329115,0.4053065193311831,0.0680414228851762,8.001019519987684,3.6653643532270674,8.001019519987684,0.19020777261160848,0.33533767695890127,2.6508261681466108,8.979412722016447e-08,1.5097715089917262e-06,89794.12722016448,1509771.5089917262,20,computed,1e-08,False,False
2026-06-01T21:23:18,8,30,80030,"ARX(2,2)",103.49517147023471,-182.99034294046942,-142.54268660293747,True,0,Optimization terminated successfully,8.031496945627962,6.281045255679638,0.778678746958085,0.3942268739652175,0.0234010043443232,0.1812973296546156,0.0286695934697387,0.673840890354022,0.12573222765127956,1.9622730644008926e-06,4.8557071394586375e-06,0.0001914403572446212,0.09196049089990806,1.0900090485041725e-05,0.043346426204372,0.1848173279437831,0.4993003707621506,2.69253138765714e-06,0.0025075933891949564,0.021312788211364484,-0.0461316024422852,0.00019680699564549034,0.6679000592601201,0.023041437016903765,103.49517147023973,-182.99034294047945,-142.54268660294747,103.49517147023471,-182.99034294046942,-142.54268660293747,-5.016431714466307e-12,200.0,True,-150.0,False,0.87,True,True,True,True,True,eligible,0.9874926861128553,0.9874926861128553,0.0286695934697387,0.2691477157073951,642.1440301328779,1259.7010928306404,1259.7010928306404,1.2288152572404603,1.354493601971622,21.519226121288337,1.3058923177300976e-07,1.4143892219453853e-06,130589.23177300977,1414389.2219453852,1,computed,1e-08,False,False
2026-06-01T21:19:03,30,18,300018,"ARX(2,2)",90.93628654378642,-157.87257308757285,-117.4249167500409,True,0,Optimization terminated successfully,8.760070477312327,3.3240153665270302,0.7427666182774881,0.1353013360147903,0.2213797702697583,0.2002731099264055,0.0280540838594629,0.9418513782470801,0.9436854235317138,2.586820576803448e-06,1.3204451914900354e-05,1.543719576771818e-07,8.689519534135042e-06,5.4467047283135005e-06,-0.5657025717248051,-0.1708323791532039,1.4802407385139449,5.317564586105471e-06,2.852004439926091e-06,5.235319425789456e-06,-0.0716989549256195,6.132626678757327e-06,0.8763468023455111,2.9939681717900622e-06,90.93628654438044,-157.8725730887609,-117.42491675122896,90.93628654378642,-157.87257308757285,-117.4249167500409,-5.940137270954438e-10,200.0,True,-150.0,False,0.87,True,True,True,True,True,eligible,0.9211071714197625,0.9211071714197625,0.0280540838594629,0.35397656258180654,111.03760170549522,2667.006995963766,2667.006995963766,1.4119924078791743,1.6390050089790242,5.5537890270531065,1.8271470496243215e-07,2.5543774236454844e-06,182714.70496243215,2554377.4236454847,2,computed,1e-08,False,False
2026-06-01T20:49:47,30,6,300006,"ARX(2,2)",-6.141744073753117,36.28348814750623,76.73114448503819,True,0,Optimization terminated successfully,3.7359920013752266,7.327372755521276,0.7952597902139088,0.0395089406780729,0.0555237549992696,0.0305447621237251,0.2027549939667666,1.979713804986273,3.3253827716220448,4.393231561951306e-05,4.0857202049294774e-05,0.00013065873135834516,4.396370767647284e-05,0.17774619937160646,-0.0846290346797462,0.2367989175156031,0.5482248300504959,0.048439168986085704,0.44841875533537856,1.08632410448863,0.1450617855492932,0.015836466347721664,0.1418498546587904,0.6701622960185072,-6.141743896542238,36.28348779308448,76.73114413061643,-6.141744073753117,36.28348814750623,76.73114448503819,-1.772108788600235e-07,200.0,True,-150.0,False,0.87,True,True,True,True,True,eligible,0.84277613805258,0.84277613805258,0.0305447621237251,0.30471088714514927,574.2619011954649,48.40738841350503,574.2619011954649,1.495998692237951,1.5503953782153084,2.525784073753905,8.35106892186514e-08,1.4520080192010793e-06,83510.6892186514,1452008.0192010794,3,computed,1e-08,False,False
2026-06-01T20:58:58,21,14,210014,"ARX(2,2)",-46.37854069069884,116.75708138139768,157.20473771892964,True,0,Optimization terminated successfully,0.0002392648763958,9.999756140396965,0.8312745532848569,0.249301892807159,1.3308648958018247e-06,0.010183957931711,0.0445052795211549,0.08211460635050223,0.08223272116093791,5.9397681347557475e-06,0.014277571550131133,9.202073516640694e-07,8.677439961831014e-07,5.315636119553988e-06,0.0103158932757019,0.237341405158651,0.5361824418867184,1.6388190962557222e-08,0.013471787081519969,5.210348878997103e-06,0.042893396567946,0.03881702028535669,0.25700890303219,0.06655766127546721,-46.37854069096458,116.75708138192915,157.2047377194611,-46.37854069069884,116.75708138139768,157.20473771892964,2.6573587774691987e-10,200.0,True,-150.0,False,0.87,True,True,True,True,True,eligible,0.9559261651208844,0.9559261651208844,0.010183957931711,0.0198067408498694,7096.098750241712,430.82706787362025,7096.098750241712,0.12765614377138382,0.28539274848218205,1.5893054327470308,8.850032094627354e-08,1.4151313765007283e-06,88500.32094627354,1415131.3765007283,4,computed,1e-08,False,False
2026-06-01T20:46:53,50,7,500007,"ARX(2,2)",-66.28242006797555,156.5648401359511,197.01249647348305,True,0,Optimization terminated successfully,1.9907001645970777,5.772697646456197,0.8900699969327066,0.0466107771318969,0.0085205183655569,0.0472026892350787,0.2754563435875528,733.863466109869,21.25276768716214,4.029089848624129e-05,0.0009136628014768559,4.697691297015414,0.0007701274565304224,0.6376886074478776,-0.1053362386678195,-0.0792639898375772,-0.5681675136086309,26.978567729382796,293.3156399631467,350.2749938348908,-0.1630789767048991,308.79449403300026,1.346827302992716,365.56887463090624,-66.28242006794986,156.56484013589971,197.01249647343167,-66.28242006797555,156.5648401359511,197.01249647348305,-2.5693225325085223e-11,200.0,True,-150.0,False,0.87,True,True,True,True,True,eligible,0.9176356446814335,0.9176356446814335,0.0472026892350787,0.4424458119648714,467.57564209257646,70.08732872525648,467.57564209257646,4.083854107824177,4.305370209734789,6.034697427414401,2.5965574473504053e-07,3.6599332539323475e-06,259655.74473504056,3659933.2539323475,5,computed,1e-08,False,False
2026-06-01T21:40:46,37,32,370032,"ARX(2,2)",-101.27055754756378,226.54111509512757,266.9887714326595,True,0,Optimization terminated successfully,5.695514952148657,2.309400972302406,0.7780544929874728,0.2355407635853372,0.1144129864399518,0.0127354301972709,0.0951424224786257,6085.613570553001,1367.4128252311782,12.610667485931058,92.91469278501124,9.023288318025882,0.0005910779891789526,1.1756332616458791,0.0959081712496717,0.29839825674111,0.6499630533147736,51.10057655904224,29.445750278097577,194.89132120368052,0.0622208649352965,76.92842497791035,-0.0707607206921126,3.927320393508728,-101.27055754756654,226.54111509513308,266.98877143266503,-101.27055754756378,226.54111509512757,266.9887714326595,2.7569058147491887e-12,200.0,True,-150.0,False,0.87,True,True,True,True,True,eligible,0.9530313680001172,0.9530313680001172,0.0127354301972709,0.02182864593926141,7134.355368916131,137.7756941255099,7134.355368916131,0.12561558123064095,0.2847629618852695,2.404286214060173,9.06565318786645e-08,1.4454755785402223e-06,90656.53187866451,1445475.5785402223,6,computed,1e-08,False,False
2026-06-01T20:43:47,32,3,320003,"ARX(2,2)",-116.08562917444178,256.17125834888355,296.6189146864155,True,0,Optimization terminated successfully,5.33468240007276,1.3808486325084357,0.9624304409091076,0.0304166386539394,0.0227825081112736,0.0892092019335961,0.6877494652130549,1.9736690831437415e-06,2.5248940523967338e-05,1.3142309636468396e-05,9.793116464061756e-07,3.424506687551995e-06,1.7326806581709483e-05,0.0008497411565532607,0.2369116002748789,0.1486119505169364,-0.0362419560134686,2.828438503021083e-06,2.59659349089886e-05,2.2793633375715995e-06,0.0330561453083091,2.1852078500453075e-06,0.1453182095802411,2.3286421567315474e-05,-116.08562922625563,256.17125845251127,296.6189147900432,-116.08562917444178,256.17125834888355,296.6189146864155,5.181385631658486e-08,200.0,True,-150.0,False,0.87,True,True,True,True,True,eligible,0.9890300142917141,0.9890300142917141,0.0892092019335961,0.6955953790996191,486.29802644531486,125.87515327986638,486.29802644531486,18.73815044321668,19.62940826602462,63.40895946420573,1.5740032658811767e-07,2.675180219384322e-06,157400.32658811766,2675180.219384322,7,computed,1e-08,False,False
2026-06-01T20:22:59,1,3,10003,"ARX(2,2)",-117.66686849222137,259.33373698444274,299.7813933219747,True,0,Optimization terminated successfully,3.992378651410774,6.673996885112141,0.7979348329832259,0.2823528565039354,0.0264692298340035,0.2442814468986981,0.0237055961799494,2.810635165661613,35.285641688768436,0.0010026108087139217,11.92461008440381,4.738371489873304e-05,1.078300576364547,6.563345186544278e-05,0.2771918122442468,0.2595289893325694,0.643975928472199,12.976339463859517,39.22055861460638,65.30308492702349,0.0488074065041224,3.2408155666016545,0.4495200430510126,38.25410473523868,-117.66686847382502,259.33373694765004,299.781393285182,-117.66686849222137,259.33373698444274,299.7813933219747,-1.839634933276102e-08,200.0,True,-150.0,False,0.87,True,True,True,True,True,eligible,0.9523458761521953,0.9523458761521953,0.0237055961799494,0.24198939707664927,83.77824056028037,789.2805510256583,789.2805510256583,1.2279853343803755,1.296010169131273,5.078036852581798,2.8291319043496864e-07,1.7345041758096507e-06,282913.1904349687,1734504.1758096507,8,computed,1e-08,False,False
2026-06-01T20:37:57,10,11,100011,"ARX(2,2)",-120.7173497256411,265.4346994512822,305.88235578881415,True,0,Optimization terminated successfully,0.9709898365975066,1.050636056419992,0.7991972639236369,0.1479055284097732,0.247000770913825,0.0908421625567795,0.0368687237481222,0.06718404597531177,0.02788205899657825,2.620547226134838e-08,3.2435226074975902e-06,1.5293322857850333e-06,0.05999860903081621,5.871146690154802e-05,-0.0457098083617489,0.5755290540668336,1.7036871591920026,0.12272679993128066,0.19581066393765026,0.7324577706515906,-0.160318795427495,0.4746440479803443,-1.080813845934259,0.8517730958750145,-120.71734972564312,265.43469945128624,305.8823557888182,-120.7173497256411,265.4346994512822,305.88235578881415,2.0179413695586845e-12,200.0,True,-150.0,False,0.87,True,True,True,True,True,eligible,0.9966504135854359,0.9966504135854359,0.0368687237481222,0.009441030493742371,289.8835009527267,1522.5427349493282,1522.5427349493282,0.09221547474860914,0.3596179999278021,4.171985387287913,1.154395943747583e-07,1.7397327792245453e-06,115439.5943747583,1739732.7792245455,9,computed,1e-08,False,False
2026-06-01T22:04:43,50,38,500038,"ARX(2,2)",-133.8283658492974,291.6567316985948,332.10438803612675,True,0,Optimization terminated successfully,0.195532973153523,1.582318939749182,0.1008408528647524,0.1825272732000989,1.5979477233778638,1.5617474331640286,0.1233891130572495,0.17345592167393636,1.2543802137781614,0.0002898350894621332,78.80250822907375,78.80270135036065,3.123096159404727,2.425301985316923e-06,0.1933865041504297,0.1158460824937715,0.4879994707842531,135.65981801289772,17.198395637478374,350.85279789586554,-0.0521925916847034,69.47976011803335,0.5753545658338803,19.320234833399557,-133.8283658485996,291.6567316971992,332.1043880347312,-133.8283658492974,291.6567316985948,332.10438803612675,-6.978098099352792e-10,200.0,True,-150.0,False,0.87,True,True,True,True,True,eligible,0.9910783511537338,0.9910783511537338,0.1233891130572495,0.5010062898858161,21.91668563993694,935.1865779512074,935.1865779512074,0.5596061461899426,0.7199924018071346,56.15624404400211,1.3228718791312104e-07,1.4091318762159974e-06,132287.18791312104,1409131.8762159974,10,computed,1e-08,False,False
2026-06-01T20:36:09,46,1,460001,"ARX(2,2)",-137.8849503945307,299.7699007890614,340.21755712659336,True,0,Optimization terminated successfully,9.794631924569138,9.229933824837476,0.4307537254605778,0.6701066463383197,0.1761166454290725,0.0403970329243697,0.070009127039986,64629.87157820373,21380.30214156953,8.209620133406207e-05,234.14133129451633,626.6742838122293,0.07437675451589028,2.5981612885613307e-05,0.1084831769074259,0.212902367973393,0.5886763330499631,3923.8576268517495,3477.604216447021,68907.29904469961,0.1578742754558508,3926.0589282023634,-0.0075017949338798,60883.35356672871,-137.8849503945464,299.7699007890928,340.21755712662474,-137.8849503945307,299.7699007890614,340.21755712659336,1.5688783605583012e-11,200.0,True,-150.0,False,0.87,True,True,True,True,True,eligible,0.8538653713442739,0.8538653713442739,0.0403970329243697,0.06122252875310168,1065.0001919616354,365.0857865723126,1065.0001919616354,0.10972744752447988,0.22753762247658504,3.5273822858268655,9.371540172428187e-08,1.477043772428351e-06,93715.40172428188,1477043.7724283512,11,computed,1e-08,False,False
2026-06-01T21:21:54,17,31,170031,"ARX(2,2)",-148.7805732552751,321.5611465105502,362.00880284808215,True,0,Optimization terminated successfully,5.29249657083942,2.522151104770779,0.7611118336103564,0.155350808374826,0.2420597680496843,0.1385707987371593,0.0267811168417215,1598.635904663981,4400.4298164295105,0.0004860832168938207,0.00212469904228143,32.135582842872196,5.312306889392039,0.0013675063562363036,-0.0167000297678921,0.1516979991984586,0.5523784350459798,321.2667345505711,1084.0715489683193,7322.946155337146,0.0951349100794303,1207.7956346882895,0.0225766452665132,7671.2503012264015,-148.78057325528926,321.5611465105785,362.00880284811046,-148.7805732552751,321.5611465105502,362.00880284808215,1.4154011296341196e-11,200.0,True,-150.0,False,0.87,True,True,True,True,True,eligible,0.9598171218226115,0.9598171218226115,0.0267811168417215,0.10343476929446999,131.71024105031853,2922.9324186606846,2922.9324186606846,0.4575161360867468,0.6617334177093482,4.610658482191143,9.842581013959907e-08,1.4082259981457121e-06,98425.81013959907,1408225.998145712,12,computed,1e-08,False,False
2026-06-01T21:46:53,10,38,100038,"ARX(2,2)",-150.07816957068883,324.15633914137766,364.6039954789096,True,0,Optimization terminated successfully,5.51774121706722,6.662755231533728,0.4786189021403144,0.86694090627606,0.0776666553354118,0.0992673666137602,0.0451591859452388,6432.648847789501,7890.26857792678,15.501734369209275,947.8573515767456,801.5692469234499,0.7616052486461155,7.607059343814618,0.105548599519712,0.2462112692548947,0.5893092850844445,697.1685327158452,361.6136812328128,76.76598766315911,0.0607303004037799,98.21174053159257,0.0308006992896383,1152.6772937807427,-150.07816957194353,324.15633914388707,364.603995481419,-150.07816957068883,324.15633914137766,364.6039954789096,1.2547047845146153e-09,200.0,True,-150.0,True,0.87,True,True,True,True,True,eligible,0.9509226829460503,0.9509226829460503,0.0451591859452388,0.06795958124930394,203.49839882665495,944.9334177844231,944.9334177844231,0.13310612765260338,0.2633201908695988,3.9323271986874966,8.976792831188354e-08,1.4273680491424916e-06,89767.92831188354,1427368.0491424915,13,computed,1e-08,False,False
2026-06-01T21:44:22,41,37,410037,"ARX(2,2)",-157.2151143439987,338.4302286879974,378.87788502552934,True,0,Optimization terminated successfully,1.828208904572414,9.14953405638384,0.1895327864506275,0.7115127232123977,0.7920382635090234,0.5293175865408013,0.0664814494924256,4.155671263586973,3.846247398549134,0.000356852957751319,13.616544258276623,13.61689928661219,17.47615397578422,2.2001421463221957,0.1851733041856321,0.1382100964360573,1.159451545796233,1.4185766671077822,12.712526631996532,9.846124720088664,0.0922809304276241,2.7860354239954632,-0.2988608878185493,10.789035487294775,-157.21511434355116,338.4302286871024,378.8778850246343,-157.2151143439987,338.4302286879974,378.87788502552934,-4.475282366911415e-10,200.0,True,-150.0,True,0.87,True,True,True,True,True,eligible,0.9413082798113381,0.9413082798113381,0.0664814494924256,0.5526612388838912,31.149349494199853,1735.241426715142,1735.241426715142,0.6892400062212378,0.839175947782568,15.920894341270884,1.1869168732976813e-07,1.4929782101335492e-06,118691.68732976813,1492978.210133549,14,computed,1e-08,False,False
2026-06-01T20:56:43,45,14,450014,"ARX(2,2)",-158.1614162228574,340.3228324457148,380.7704887832468,True,0,Optimization terminated successfully,9.041025045103558,8.4994913687659,0.5043225725839291,0.2930581572645007,0.0957278900102927,0.0136212683805474,0.155409355762044,125.83828776616853,4.163754954893246,0.2984212590259539,0.48712607983071876,0.3051216254135326,6.658853222003482e-06,0.030986717571324006,0.0957478339180104,0.4312782707274619,0.1556320906009622,1.6323977202408648,1.064294492556847,3.355842356790162,0.0590419070240306,1.2242784962227893,0.3314646587631816,0.5164584903863656,-158.16141622288842,340.32283244577684,380.7704887833088,-158.1614162228574,340.3228324457148,380.7704887832468,3.100808498857077e-11,200.0,True,-150.0,True,0.87,True,True,True,True,True,eligible,0.6987155962213258,0.6987155962213258,0.0136212683805474,0.2069577546146349,4828.2512247505865,54.09828229566554,4828.2512247505865,0.41981973076594037,0.48554325629503686,2.2024140586831567,9.537436662113016e-08,1.5610022473362886e-06,95374.36662113015,1561002.2473362884,15,computed,1e-08,False,False
2026-06-01T20:28:54,5,7,50007,"ARX(2,2)",-159.02188867142678,342.04377734285356,382.4914336803855,True,0,Optimization terminated successfully,1.6058568668398625,4.015641086253035,0.4565861859599315,0.7174119088740529,0.2586863721512022,0.0136092643987854,0.0930820256533095,1748.0889040708678,844.6566445418109,48.709613033224024,87.95865589182554,46.146226023391705,0.002349085993640154,3.8231734467315834,-0.0316784978926983,0.2656459500340534,0.3881663732251881,31.280568759509823,208.7785406676826,146.38768541950668,0.0605540128352562,185.51781798177154,0.4603301553753587,141.53711819568218,-159.0218886714365,342.043777342873,382.49143368040495,-159.02188867142678,342.04377734285356,382.4914336803855,9.72022462519817e-12,200.0,True,-150.0,True,0.87,True,True,True,True,True,eligible,0.9446353264725591,0.9446353264725591,0.0136092643987854,0.03508999657804826,12730.655592655292,279.46400412689917,12730.655592655292,0.06842821229095576,0.21342817917814946,4.779220940390986,9.429627547996503e-08,1.4369856844652669e-06,94296.27547996503,1436985.6844652668,16,computed,1e-08,False,False
2026-06-01T21:21:56,21,24,210024,"ARX(2,2)",-160.45973002527225,344.9194600505445,385.36711638807645,True,0,Optimization terminated successfully,5.037062577958688,3.0760170611717,0.8792730932836357,0.0008524317140076,0.0228910717910419,0.1513427439370865,0.0297845956022312,7.646417959374559,38.98444602432187,0.052628467535059134,0.029457183256808517,0.38849680039173135,0.06629583990955945,0.09845951526329069,-0.3482215596842281,0.6007007530507362,1.426854284268576,0.6910980208491255,6.961470965861213,52.312419306446074,-0.1556494298519939,12.347756895426418,-0.6455005077114309,29.305177895740112,-160.4597300252741,344.9194600505482,385.36711638808015,-160.45973002527225,344.9194600505445,385.36711638807645,1.8474111129762605e-12,200.0,True,-150.0,True,0.87,True,True,True,True,True,eligible,0.8911448450361604,0.8911448450361604,0.0297845956022312,0.11810083802723295,48.97474896731416,212.717794705516,212.717794705516,0.9800791582329959,1.0007258019968353,1.310454979746277,1.4545818121158399e-07,1.8448415741673205e-06,145458.181211584,1844841.5741673205,17,computed,1e-08,False,False
2026-06-01T20:53:52,25,9,250009,"ARX(2,2)",-162.07842634647324,348.1568526929465,388.6045090304784,True,0,Optimization terminated successfully,5.093219410334772,5.494095688994886,0.3608947018753373,0.496305588341242,0.2382437125288682,0.0090187265174398,0.1688092345839154,3.164032957613583,0.10806850542671999,0.01593271401174265,0.003786122288345875,0.2939039232868003,1.3219235946651882e-05,0.006300951703736908,0.1778875236369848,0.3254320451844166,0.1541953879073818,1.3190529286637341e-05,0.026594635215506292,0.00029137863723768077,0.084988691229871,0.010666624129988811,0.372911361141349,0.0035299552473327758,-162.07842634535092,348.15685269070184,388.6045090282338,-162.07842634647324,348.1568526929465,388.6045090304784,-1.1223164619877934e-09,200.0,True,-150.0,True,0.87,True,True,True,True,True,eligible,0.7281693523103924,0.7281693523103924,0.0090187265174398,0.15697708407237573,27336.120557497685,86.59899995063951,27336.120557497685,0.2488503789893608,0.3260951473897221,4.691223134739241,9.714654474519777e-08,1.493260199325947e-06,97146.54474519777,1493260.199325947,18,computed,1e-08,False,False
2026-06-01T21:12:42,10,26,100026,"ARX(2,2)",-163.37895494557247,350.75790989114495,391.2055662286769,True,0,Optimization terminated successfully,9.652239777294644,8.376025930267373,0.6320677528583662,0.2580773974313969,0.1483988868827073,0.022940843004363,0.1351060563186623,0.0016522766134646658,0.0016524644469579593,2.2261530768351578e-05,1.9940933145268822e-06,0.0005077048846636497,1.8015319799076681e-06,9.981601803101072e-05,0.1682690324479131,0.3892519324307298,0.1999496256662457,0.0005090691481641339,0.0014992967295408247,0.001304112939080897,0.2290462664635583,0.0013039621914422406,-0.096089722704752,0.0013995066757451608,-163.37895494557262,350.75790989114523,391.2055662286772,-163.37895494557247,350.75790989114495,391.2055662286769,1.4210854715202004e-13,200.0,True,-150.0,True,0.87,True,True,True,True,True,eligible,0.8353058950154184,0.8353058950154184,0.022940843004363,0.15797281875587432,2822.1050879859094,103.37464373399858,2822.1050879859094,0.43707864267182084,0.5653344688761855,3.372188092784142,9.203543042940836e-08,1.625244064430001e-06,92035.43042940836,1625244.064430001,19,computed,1e-08,False,False
2026-06-01T22:09:37,30,40,300040,"ARX(2,2)",-166.6299320759611,357.2598641519222,397.70752048945417,True,0,Optimization terminated successfully,0.2891727853370438,0.1785567061741325,0.9435742503194552,0.0147484210146258,0.0769221583355166,0.0326917574024164,0.0328786579458581,0.2820990634707217,0.3649230719382808,0.04614846782694301,0.07291314766030943,0.06538103856305254,1.1747629237424045e-05,1.1576171773525444e-05,0.2022056275520882,0.4244034441366175,0.0725833060305817,0.8603092746540698,0.8434765209604759,0.3697426644157793,0.308242374705146,0.49227048132759704,-0.0027248696631215,0.6842045895796894,-166.6299320759736,357.2598641519472,397.7075204894792,-166.6299320759611,357.2598641519222,397.70752048945417,1.2505552149377763e-11,200.0,True,-150.0,True,0.87,True,True,True,True,True,eligible,0.9894095399945264,0.9894095399945264,0.0326917574024164,0.0005020746012951346,898.6029778459888,886.5126119419148,898.6029778459888,0.041445442684289485,0.25998034335511133,1.9187084170986917,9.245619079886928e-08,1.761548715289489e-06,92456.19079886928,1761548.715289489,20,computed,1e-08,False,False
