model_id,distribution,mean_spec,vol_family,vol_spec,p,o,q,nobs,loglikelihood,aic,bic,persistence_proxy,implied_initial_variance,implied_initial_variance_status,initial_variance_backcast_used,backcast_iterations,backcast_converged,optimizer_success,convergence_flag
M111,mix_normal,ARX_1_1,EGARCH,"EGARCH(1,1)",1,1,1,213,-168.41230139336093,356.82460278672187,390.43752444381613,0.7910730253517856,0.4151781805567137,proxy_from_log_variance,0.4151768903469935,10,False,True,0
M114,mix_normal,ARX_1_1,EGARCH,"EGARCH(1,2)",1,1,2,213,-168.41229997598023,358.82459995196047,395.79881377476414,0.7910734480370086,0.4151819632979371,proxy_from_log_variance,0.41518066441345663,10,False,True,0
M117,mix_normal,ARX_1_1,EGARCH,"EGARCH(2,1)",2,2,1,213,-165.21475537479245,354.4295107495849,394.765016738098,0.7036005295949085,0.3429669004783652,proxy_from_log_variance,0.34296664685600375,3,True,True,0
M120,mix_normal,ARX_1_1,EGARCH,"EGARCH(2,2)",2,2,2,213,-165.21493765797902,356.42987531595804,400.12667347018055,0.7035988812770546,0.3427556573086034,proxy_from_log_variance,0.3427556553114565,3,True,True,0
M109,mix_normal,ARX_1_1,GARCH,"GARCH(1,1)",1,0,1,213,-173.4813680794238,364.9627361588476,395.2143656502324,1.0,,undefined_or_nonstationary,0.7362393428498982,1,False,True,0
M112,mix_normal,ARX_1_1,GARCH,"GARCH(1,2)",1,0,2,213,-173.48136824773593,366.96273649547186,400.5756581525661,1.0000000000000446,,undefined_or_nonstationary,0.7362393428498982,1,False,True,0
M115,mix_normal,ARX_1_1,GARCH,"GARCH(2,1)",2,0,1,213,-172.31860488031174,364.6372097606235,398.25013141771774,0.8512038593705843,1.0959305198097464,exact,1.0959244151602017,10,False,True,0
M118,mix_normal,ARX_1_1,GARCH,"GARCH(2,2)",2,0,2,213,-172.31854355699562,366.63708711399124,403.6113009367949,0.8511795458766082,1.0956573950100459,exact,1.0956514820910617,10,False,True,0
M110,mix_normal,ARX_1_1,GJR-GARCH,"GJR-GARCH(1,1)",1,1,1,213,-169.3356807344676,358.6713614689352,392.28428312602944,0.9244158559904908,1.0239495099307445,exact_under_symmetry,1.023960812278908,10,False,True,0
M113,mix_normal,ARX_1_1,GJR-GARCH,"GJR-GARCH(1,2)",1,1,2,213,-169.33529633134876,360.6705926626975,397.6448064855012,0.9243383306689288,1.023001472445922,exact_under_symmetry,1.0230014597639852,10,False,True,0
M116,mix_normal,ARX_1_1,GJR-GARCH,"GJR-GARCH(2,1)",2,2,1,213,-166.2499962766383,356.4999925532766,396.8354985417897,0.7988437826861794,0.597996448840066,exact_under_symmetry,0.5980095079787129,10,False,True,0
M119,mix_normal,ARX_1_1,GJR-GARCH,"GJR-GARCH(2,2)",2,2,2,213,-166.24998559176794,358.4999711835359,402.1967693377584,0.7987682422216147,0.5977548614686735,exact_under_symmetry,0.5977636110223605,10,False,True,0
M123,mix_normal,ARX_2_1,EGARCH,"EGARCH(1,1)",1,1,1,213,-166.94878949754565,355.8975789950913,392.87179281789497,0.8029592424809159,0.4910972916020057,proxy_from_log_variance,0.491097256745091,10,False,True,0
M126,mix_normal,ARX_2_1,EGARCH,"EGARCH(1,2)",1,1,2,213,-166.94879221578623,357.89758443157245,398.23309042008555,0.802958698762785,0.49111668295702954,proxy_from_log_variance,0.49111641209093554,10,False,True,0
M129,mix_normal,ARX_2_1,EGARCH,"EGARCH(2,1)",2,2,1,213,-164.37958938271368,354.75917876542735,398.45597691964986,0.7602042034118627,0.3949269855611343,proxy_from_log_variance,0.39492834442799163,10,False,True,0
M132,mix_normal,ARX_2_1,EGARCH,"EGARCH(2,2)",2,2,2,213,-164.37957980565818,356.75915961131636,403.8172499312483,0.7601943482351516,0.39494238273527577,proxy_from_log_variance,0.39494512526200165,10,False,True,0
M121,mix_normal,ARX_2_1,GARCH,"GARCH(1,1)",1,0,1,213,-189.7817957097011,399.5635914194022,433.17651307649646,0.9999999999984441,109622160482.99428,exact,109622160482.99428,3,True,True,0
M124,mix_normal,ARX_2_1,GARCH,"GARCH(1,2)",1,0,2,213,-170.81346743133832,363.62693486267665,400.6011486854803,1.000000000000019,,undefined_or_nonstationary,0.7362393428498982,1,False,True,0
M127,mix_normal,ARX_2_1,GARCH,"GARCH(2,1)",2,0,1,213,-170.08176400805644,362.1635280161129,399.13774183891655,1.0,,undefined_or_nonstationary,0.7362393428498982,1,False,True,0
M130,mix_normal,ARX_2_1,GARCH,"GARCH(2,2)",2,0,2,213,-203.34046968086352,430.68093936172704,471.01644535024013,0.5046953075931448,0.7585435595179589,exact,30313995903448.387,2,False,True,0
M122,mix_normal,ARX_2_1,GJR-GARCH,"GJR-GARCH(1,1)",1,1,1,213,-169.49244670252006,360.9848934050401,397.9591072278438,0.9823972806268618,4.854522009868009,exact_under_symmetry,4.8544427995755,10,False,True,0
M125,mix_normal,ARX_2_1,GJR-GARCH,"GJR-GARCH(1,2)",1,1,2,213,-169.46799476567122,362.93598953134244,403.27149551985553,0.9820705335657174,4.754920161662381,exact_under_symmetry,4.754873657714703,10,False,True,0
M128,mix_normal,ARX_2_1,GJR-GARCH,"GJR-GARCH(2,1)",2,2,1,213,-165.3089170112862,356.6178340225724,400.31463217679493,0.8383964541713872,0.685458539781324,exact_under_symmetry,0.6854539755254011,10,False,True,0
M131,mix_normal,ARX_2_1,GJR-GARCH,"GJR-GARCH(2,2)",2,2,2,213,-165.30897107888143,358.61794215776285,405.6760324776948,0.8384468590637255,0.685632264072649,exact_under_symmetry,0.685631517971836,10,False,True,0
M135,mix_normal,ARX_2_2,EGARCH,"EGARCH(1,1)",1,1,1,213,-166.64135053817114,357.2827010763423,397.61820706485537,0.7998723109219879,0.4905350953759404,proxy_from_log_variance,0.4905353400887463,10,False,True,0
M138,mix_normal,ARX_2_2,EGARCH,"EGARCH(1,2)",1,1,2,213,-166.6413594685357,359.2827189370714,402.9795170912939,0.7998692871956393,0.49058232461407314,proxy_from_log_variance,0.49058444788837074,10,False,True,0
M141,mix_normal,ARX_2_2,EGARCH,"EGARCH(2,1)",2,2,1,213,-164.0764719141136,356.1529438282272,403.2110341481591,0.7557879930697283,0.3987409326080779,proxy_from_log_variance,0.39874328772025364,10,False,True,0
M144,mix_normal,ARX_2_2,EGARCH,"EGARCH(2,2)",2,2,2,213,-164.07647410937787,358.15294821875574,408.57233070439713,0.7557928427964183,0.3987367819955931,proxy_from_log_variance,0.398739091590693,10,False,True,0
M133,mix_normal,ARX_2_2,GARCH,"GARCH(1,1)",1,0,1,213,-170.64704007345256,363.2940801469051,400.2682939697088,0.9999999999999749,3099587355041.61,exact,0.7362393428498982,1,False,True,0
M136,mix_normal,ARX_2_2,GARCH,"GARCH(1,2)",1,0,2,213,-221.41949699923933,466.83899399847866,507.17449998699175,0.9999999999999939,12733519039103.52,exact,12733519039103.52,2,True,False,4
M139,mix_normal,ARX_2_2,GARCH,"GARCH(2,1)",2,0,1,213,-189.97879024410355,403.9575804882071,444.2930864767202,1.0,,undefined_or_nonstationary,1072473430480144.5,2,False,False,4
M142,mix_normal,ARX_2_2,GARCH,"GARCH(2,2)",2,0,2,213,-169.84103946198135,365.6820789239627,409.37887707818527,1.0,,undefined_or_nonstationary,0.7362393428498982,1,False,True,0
M134,mix_normal,ARX_2_2,GJR-GARCH,"GJR-GARCH(1,1)",1,1,1,213,-170.13736113086674,364.2747222617335,404.61022825024656,0.9897359513561288,9.29840965755671,exact_under_symmetry,9.30350595529438,10,False,True,0
M137,mix_normal,ARX_2_2,GJR-GARCH,"GJR-GARCH(1,2)",1,1,2,213,-170.13016939919817,366.26033879839633,409.95713695261884,0.9896861974455771,9.25307797019694,exact_under_symmetry,9.25429599781527,10,False,True,0
M140,mix_normal,ARX_2_2,GJR-GARCH,"GJR-GARCH(2,1)",2,2,1,213,-165.14124919247504,358.2824983849501,405.34058870488207,0.8401962596701826,0.7115941999612867,exact_under_symmetry,0.711587650190714,10,False,True,0
M143,mix_normal,ARX_2_2,GJR-GARCH,"GJR-GARCH(2,2)",2,2,2,213,-165.1412922267813,360.2825844535626,410.701966939204,0.8402238833975928,0.7117296110919373,exact_under_symmetry,0.7117360008536665,10,False,True,0
M099,mix_normal,Constant_anchor,EGARCH,"EGARCH(1,1)",1,1,1,213,-172.36517650985758,358.73035301971515,382.2593981796811,0.8048865050673304,0.6665329066972534,proxy_from_log_variance,0.6665359445990857,10,False,True,0
M102,mix_normal,Constant_anchor,EGARCH,"EGARCH(1,2)",1,1,2,213,-172.36517397764388,360.73034795528775,387.62068528096313,0.8048863530499607,0.6665373071257242,proxy_from_log_variance,0.6665404051944247,10,False,True,0
M105,mix_normal,Constant_anchor,EGARCH,"EGARCH(2,1)",2,2,1,213,-169.4585160531442,356.9170321062884,387.16866159767324,0.6973359299852039,0.5783724775898249,proxy_from_log_variance,0.5783713816503026,10,False,True,0
M108,mix_normal,Constant_anchor,EGARCH,"EGARCH(2,2)",2,2,2,213,-169.45843288253172,358.91686576506345,392.5297874221577,0.6973171806652559,0.5784615698464292,proxy_from_log_variance,0.5784536354491033,10,False,True,0
M097,mix_normal,Constant_anchor,GARCH,"GARCH(1,1)",1,0,1,213,-188.58785411210152,389.17570822420305,409.3434612184596,0.9999999999999999,3354677870456727.5,exact,3354677870456727.5,3,True,True,0
M100,mix_normal,Constant_anchor,GARCH,"GARCH(1,2)",1,0,2,213,-177.84849827290742,369.69699654581484,393.2260417057808,1.000000000000017,,undefined_or_nonstationary,0.44112817805000987,1,False,True,0
M103,mix_normal,Constant_anchor,GARCH,"GARCH(2,1)",2,0,1,213,-175.96314570294487,365.92629140588974,389.4553365658557,1.000000000000053,,undefined_or_nonstationary,0.44112817805000987,1,False,True,0
M106,mix_normal,Constant_anchor,GARCH,"GARCH(2,2)",2,0,2,213,-175.96314574878386,367.9262914975677,394.81662882324315,0.9999999999967445,54299934752.31449,exact,0.44112817805000987,1,False,True,0
M098,mix_normal,Constant_anchor,GJR-GARCH,"GJR-GARCH(1,1)",1,1,1,213,-173.785134560378,361.570269120756,385.09931428072196,1.0,,undefined_or_nonstationary,0.44112817805000987,1,False,True,0
M101,mix_normal,Constant_anchor,GJR-GARCH,"GJR-GARCH(1,2)",1,1,2,213,-173.78513462326765,363.5702692465353,390.46060657221074,1.000000000000037,,undefined_or_nonstationary,0.44112817805000987,1,False,True,0
M104,mix_normal,Constant_anchor,GJR-GARCH,"GJR-GARCH(2,1)",2,2,1,213,-170.17335760113497,358.34671520226993,388.5983446936548,1.0,,undefined_or_nonstationary,0.7033324777724101,3,False,True,0
M107,mix_normal,Constant_anchor,GJR-GARCH,"GJR-GARCH(2,2)",2,2,2,213,-170.33597138300692,360.67194276601384,394.2848644231081,1.0000000000009375,,undefined_or_nonstationary,0.44112817805000987,1,False,True,0
M015,normal,ARX_1_1,EGARCH,"EGARCH(1,1)",1,1,1,213,-182.61762007464813,379.23524014929626,402.7642853092622,0.8886368429568489,0.3752464637770215,proxy_from_log_variance,0.3752911184268011,10,False,True,0
M018,normal,ARX_1_1,EGARCH,"EGARCH(1,2)",1,1,2,213,-182.61801071061126,381.2360214212225,408.12635874689795,0.8894148459137603,0.37558357021899963,proxy_from_log_variance,0.3755774265504052,10,False,True,0
M021,normal,ARX_1_1,EGARCH,"EGARCH(2,1)",2,2,1,213,-176.9499334990525,371.899866998105,402.15149648948983,0.6820880882508364,0.31577034905049717,proxy_from_log_variance,0.3157703509568362,3,True,True,0
M024,normal,ARX_1_1,EGARCH,"EGARCH(2,2)",2,2,2,213,-176.9715695115587,373.9431390231174,407.55606068021166,0.6827414862799244,0.3097084426519593,proxy_from_log_variance,0.30970705121943765,10,False,True,0
M013,normal,ARX_1_1,GARCH,"GARCH(1,1)",1,0,1,213,-192.40701281564014,396.8140256312803,416.98177862553683,0.9805418240436213,5.407476695333047,exact,5.407746674973086,10,False,True,0
M016,normal,ARX_1_1,GARCH,"GARCH(1,2)",1,0,2,213,-192.4069525566607,398.8139051133214,422.3429502732874,0.98054092561859,5.4072098345758475,exact,5.407470470422686,10,False,True,0
M019,normal,ARX_1_1,GARCH,"GARCH(2,1)",2,0,1,213,-185.29051577527594,384.58103155055187,408.11007671051783,0.7018091968569146,0.5599240411212919,exact,0.559914598386271,10,False,True,0
M022,normal,ARX_1_1,GARCH,"GARCH(2,2)",2,0,2,213,-185.29051583481345,386.5810316696269,413.4713689953023,0.7018093922774978,0.5599243978474464,exact,0.55991488223308,10,False,True,0
M014,normal,ARX_1_1,GJR-GARCH,"GJR-GARCH(1,1)",1,1,1,213,-182.87845129421402,379.75690258842803,403.285947748394,0.8996566695251464,0.6202167801722605,exact_under_symmetry,0.6202120910152058,10,False,True,0
M017,normal,ARX_1_1,GJR-GARCH,"GJR-GARCH(1,2)",1,1,2,213,-182.87835158777688,381.75670317555375,408.6470405012292,0.8996528702543084,0.6201019544462585,exact_under_symmetry,0.6200953827643586,10,False,True,0
M020,normal,ARX_1_1,GJR-GARCH,"GJR-GARCH(2,1)",2,2,1,213,-176.068352290414,370.136704580828,400.38833407221284,0.6915651231283136,0.45689205272279665,exact_under_symmetry,0.45687167749530144,10,False,True,0
M023,normal,ARX_1_1,GJR-GARCH,"GJR-GARCH(2,2)",2,2,2,213,-176.06835331787948,372.13670663575897,405.74962829285323,0.6915522127526068,0.4568890822367768,exact_under_symmetry,0.45687816755707106,10,False,True,0
M027,normal,ARX_2_1,EGARCH,"EGARCH(1,1)",1,1,1,213,-182.55178939862634,381.1035787972527,407.9939161229281,0.9133788332277271,0.3935696662915882,proxy_from_log_variance,0.39356032193136425,10,False,True,0
M030,normal,ARX_2_1,EGARCH,"EGARCH(1,2)",1,1,2,213,-182.5518185047071,383.1036370094142,413.355266500799,0.9133494556155806,0.3935861219751541,proxy_from_log_variance,0.3935733108275631,10,False,True,0
M033,normal,ARX_2_1,EGARCH,"EGARCH(2,1)",2,2,1,213,-176.81805989779292,373.63611979558584,407.2490414526801,0.6935178179814487,0.3150363762468272,proxy_from_log_variance,0.3150363763598876,4,True,True,0
M036,normal,ARX_2_1,EGARCH,"EGARCH(2,2)",2,2,2,213,-176.81807062813053,375.63614125626106,412.61035507906473,0.6936177373817699,0.31501464230862214,proxy_from_log_variance,0.3150146404086353,6,True,True,0
M025,normal,ARX_2_1,GARCH,"GARCH(1,1)",1,0,1,213,-188.83029109973438,391.66058219946876,415.1896273594347,1.0000000000000002,,undefined_or_nonstationary,0.7362393428498982,1,False,True,0
M028,normal,ARX_2_1,GARCH,"GARCH(1,2)",1,0,2,213,-188.8302912531536,393.6605825063072,420.5509198319826,1.0000000006979912,,undefined_or_nonstationary,0.7362393428498982,1,False,True,0
M031,normal,ARX_2_1,GARCH,"GARCH(2,1)",2,0,1,213,-184.52029317828328,385.04058635656656,411.930923682242,0.7713226586559044,0.6774252792731692,exact,0.6774247238262807,10,False,True,0
M034,normal,ARX_2_1,GARCH,"GARCH(2,2)",2,0,2,213,-184.52029409074436,387.0405881814887,417.29221767287356,0.771323231294905,0.6774274008331653,exact,0.6774269092412953,10,False,True,0
M026,normal,ARX_2_1,GJR-GARCH,"GJR-GARCH(1,1)",1,1,1,213,-182.86916306050296,381.7383261210059,408.62866344668134,0.8981759540384714,0.6134385403280701,exact_under_symmetry,0.6134746963949177,10,False,True,0
M029,normal,ARX_2_1,GJR-GARCH,"GJR-GARCH(1,2)",1,1,2,213,-182.8691205256903,383.7382410513806,413.98987054276546,0.8981664930186819,0.6133953170475859,exact_under_symmetry,0.613424232890546,10,False,True,0
M032,normal,ARX_2_1,GJR-GARCH,"GJR-GARCH(2,1)",2,2,1,213,-175.61026067404245,371.2205213480849,404.83344300517916,0.7420711307229727,0.5225928175645151,exact_under_symmetry,0.5226409872906759,10,False,True,0
M035,normal,ARX_2_1,GJR-GARCH,"GJR-GARCH(2,2)",2,2,2,213,-175.6100627413172,373.2201254826344,410.19433930543806,0.7418136793613207,0.5221503994515003,exact_under_symmetry,0.522147689876715,10,False,True,0
M039,normal,ARX_2_2,EGARCH,"EGARCH(1,1)",1,1,1,213,-182.1000997893607,382.2001995787214,412.45182907010627,0.9348315223393696,0.3978410348800398,proxy_from_log_variance,0.3978410144377878,5,True,True,0
M042,normal,ARX_2_2,EGARCH,"EGARCH(1,2)",1,1,2,213,-182.09985326863475,384.1997065372695,417.81262819436375,0.9347862510356657,0.397749050953734,proxy_from_log_variance,0.39774900318025563,10,False,True,0
M045,normal,ARX_2_2,EGARCH,"EGARCH(2,1)",2,2,1,213,-176.4463741935188,374.8927483870376,411.8669622098413,0.6939952327313544,0.30950373095019834,proxy_from_log_variance,0.3095015533905905,10,False,True,0
M048,normal,ARX_2_2,EGARCH,"EGARCH(2,2)",2,2,2,213,-176.44637419219123,376.89274838438246,417.22825437289555,0.693992701361472,0.30950343116531914,proxy_from_log_variance,0.3095012901635483,10,False,True,0
M037,normal,ARX_2_2,GARCH,"GARCH(1,1)",1,0,1,213,-213.032109676433,442.064219352866,468.9545566785414,0.9999999999918036,20448126936.225952,exact,20448126936.225952,3,True,True,0
M040,normal,ARX_2_2,GARCH,"GARCH(1,2)",1,0,2,213,-188.81514959492694,395.6302991898539,425.8819286812387,1.000000000000009,,undefined_or_nonstationary,0.7362393428498982,1,False,True,0
M043,normal,ARX_2_2,GARCH,"GARCH(2,1)",2,0,1,213,-184.51781027547423,387.03562055094847,417.2872500423333,0.7729889432060396,0.6811290174366607,exact,0.6811295434194046,10,False,True,0
M046,normal,ARX_2_2,GARCH,"GARCH(2,2)",2,0,2,213,-184.51781974946465,389.0356394989293,422.64856115602356,0.7729977871012587,0.6811508634062527,exact,0.681152010293058,10,False,True,0
M038,normal,ARX_2_2,GJR-GARCH,"GJR-GARCH(1,1)",1,1,1,213,-182.86746053108502,383.73492106217003,413.9865505535549,0.8983001846732619,0.613302861300942,exact_under_symmetry,0.6132900971697738,10,False,True,0
M041,normal,ARX_2_2,GJR-GARCH,"GJR-GARCH(1,2)",1,1,2,213,-182.8674612042258,385.7349224084516,419.34784406554587,0.8982982143823088,0.6133033175030193,exact_under_symmetry,0.6132909648789647,10,False,True,0
M044,normal,ARX_2_2,GJR-GARCH,"GJR-GARCH(2,1)",2,2,1,213,-175.5317673170909,373.0635346341818,410.03774845698547,0.7366398451009173,0.5183555508309278,exact_under_symmetry,0.5183568018190312,10,False,True,0
M047,normal,ARX_2_2,GJR-GARCH,"GJR-GARCH(2,2)",2,2,2,213,-175.53192509971393,375.06385019942786,415.39935618794095,0.7369048070446367,0.5187760838703223,exact_under_symmetry,0.5187631870050771,10,False,True,0
M003,normal,Constant_anchor,EGARCH,"EGARCH(1,1)",1,1,1,213,-187.29463635120453,382.58927270240906,396.0344413652468,0.8236670114830694,0.29244918031781403,proxy_from_log_variance,0.29244918031781403,4,True,True,0
M006,normal,Constant_anchor,EGARCH,"EGARCH(1,2)",1,1,2,213,-187.29463628992966,384.5892725798593,401.39573340840644,0.8236441145234227,0.29244176665592536,proxy_from_log_variance,0.29244926268364857,10,False,True,0
M009,normal,Constant_anchor,EGARCH,"EGARCH(2,1)",2,2,1,213,-181.70294908092697,375.40589816185394,395.5736511561105,0.6132328895812417,0.27717928431085687,proxy_from_log_variance,0.27717928431085687,9,True,True,0
M012,normal,Constant_anchor,EGARCH,"EGARCH(2,2)",2,2,2,213,-181.7029514394702,377.4059028789404,400.9349480389064,0.6132324766717178,0.277178375103442,proxy_from_log_variance,0.277178375103442,9,True,True,0
M001,normal,Constant_anchor,GARCH,"GARCH(1,1)",1,0,1,213,-196.56232491892803,399.12464983785605,409.20852633498436,0.9457734812280125,1.3247364221082314,exact,1.3246659005333812,10,False,True,0
M004,normal,Constant_anchor,GARCH,"GARCH(1,2)",1,0,2,213,-196.56232575161752,401.12465150323504,414.56982016607276,0.945773544657753,1.3247384281942383,exact,1.3246681113190182,10,False,True,0
M007,normal,Constant_anchor,GARCH,"GARCH(2,1)",2,0,1,213,-187.9379038070456,383.8758076140912,397.3209762769289,0.7676798692802972,0.66130375443272,exact,0.6612209004505387,10,False,True,0
M010,normal,Constant_anchor,GARCH,"GARCH(2,2)",2,0,2,213,-187.93790318258914,385.8758063651783,402.6822671937254,0.7676837337670408,0.6613128135952069,exact,0.6612324023746048,10,False,True,0
M002,normal,Constant_anchor,GJR-GARCH,"GJR-GARCH(1,1)",1,1,1,213,-188.06998760285978,384.13997520571957,397.5851438685573,0.8702097875276316,0.4385461067173532,exact_under_symmetry,0.4385504457169986,10,False,True,0
M005,normal,Constant_anchor,GJR-GARCH,"GJR-GARCH(1,2)",1,1,2,213,-188.06998968215515,386.1399793643103,402.94644019285744,0.870199040987836,0.43853681318388515,exact_under_symmetry,0.43854433771153506,10,False,True,0
M008,normal,Constant_anchor,GJR-GARCH,"GJR-GARCH(2,1)",2,2,1,213,-180.55372329972448,373.10744659944896,393.2751995937055,0.6835017925653855,0.3975402342942688,exact_under_symmetry,0.3975402342942688,6,True,True,0
M011,normal,Constant_anchor,GJR-GARCH,"GJR-GARCH(2,2)",2,2,2,213,-180.5537627075337,375.1075254150674,398.6365705750334,0.6834366345206736,0.39746910538524066,exact_under_symmetry,0.39749314669548547,10,False,True,0
M063,studentst,ARX_1_1,EGARCH,"EGARCH(1,1)",1,1,1,213,-169.98680425626486,355.9736085125297,382.86394583820515,0.7818029570299366,0.34755946571047497,proxy_from_log_variance,0.3475571740740246,10,False,True,0
M066,studentst,ARX_1_1,EGARCH,"EGARCH(1,2)",1,1,2,213,-169.98682067816884,357.9736413563377,388.2252708477225,0.7818098613851263,0.3475304136156072,proxy_from_log_variance,0.3475308166601003,10,False,True,0
M069,studentst,ARX_1_1,EGARCH,"EGARCH(2,1)",2,2,1,213,-167.308502304349,354.617004608698,388.22992626579224,0.6983245039587674,0.30915233883716664,proxy_from_log_variance,0.3091518774026908,10,False,True,0
M072,studentst,ARX_1_1,EGARCH,"EGARCH(2,2)",2,2,2,213,-167.30850504381382,356.61701008762765,393.5912239104313,0.6983243207937057,0.309149699473402,proxy_from_log_variance,0.3091492275723006,10,False,True,0
M061,studentst,ARX_1_1,GARCH,"GARCH(1,1)",1,0,1,213,-173.70815887651787,361.41631775303574,384.9453629130017,0.9362202070654756,1.449131728229074,exact,1.4489332678342701,10,False,True,0
M064,studentst,ARX_1_1,GARCH,"GARCH(1,2)",1,0,2,213,-173.70809028509694,363.4161805701939,390.3065178958693,0.9362082046468883,1.448834794716759,exact,1.4486284058465522,10,False,True,0
M067,studentst,ARX_1_1,GARCH,"GARCH(2,1)",2,0,1,213,-172.30530255694651,360.61060511389303,387.50094243956846,0.834739857366096,0.9076920903213525,exact,0.9076609178716207,10,False,True,0
M070,studentst,ARX_1_1,GARCH,"GARCH(2,2)",2,0,2,213,-172.3053031316773,362.6106062633546,392.86223575473946,0.834741831411533,0.9077022983500997,exact,0.9076714151658835,10,False,True,0
M062,studentst,ARX_1_1,GJR-GARCH,"GJR-GARCH(1,1)",1,1,1,213,-170.06188935430748,356.12377870861496,383.0141160342904,0.8922862509233478,0.6542467567493051,exact_under_symmetry,0.6542394113607489,10,False,True,0
M065,studentst,ARX_1_1,GJR-GARCH,"GJR-GARCH(1,2)",1,1,2,213,-170.06189382035905,358.1237876407181,388.37541713210294,0.8922875777809407,0.6542728006231724,exact_under_symmetry,0.65428009750384,10,False,True,0
M068,studentst,ARX_1_1,GJR-GARCH,"GJR-GARCH(2,1)",2,2,1,213,-167.22068620344,354.44137240688,388.0542940639743,0.7933443977304697,0.5639637143659307,exact_under_symmetry,0.5639627009307403,10,False,True,0
M071,studentst,ARX_1_1,GJR-GARCH,"GJR-GARCH(2,2)",2,2,2,213,-167.22069280579478,356.44138561158957,393.41559943439324,0.793323585686526,0.5639141083002307,exact_under_symmetry,0.56390537014986,10,False,True,0
M075,studentst,ARX_2_1,EGARCH,"EGARCH(1,1)",1,1,1,213,-168.8562120101099,355.7124240202198,385.9640535116047,0.8044099071818653,0.3582474512052852,proxy_from_log_variance,0.3582474512052852,8,True,True,0
M078,studentst,ARX_2_1,EGARCH,"EGARCH(1,2)",1,1,2,213,-168.85621297844818,357.71242595689637,391.32534761399063,0.8044104214932213,0.35824311331953734,proxy_from_log_variance,0.35824311331953734,8,True,True,0
M081,studentst,ARX_2_1,EGARCH,"EGARCH(2,1)",2,2,1,213,-166.64389572781425,355.2877914556285,392.2620052784322,0.7378233220313094,0.3204560457679914,proxy_from_log_variance,0.32045641986658746,10,False,True,0
M084,studentst,ARX_2_1,EGARCH,"EGARCH(2,2)",2,2,2,213,-166.643879069663,357.287758139326,397.6232641278391,0.7378130428208597,0.3204789958203064,proxy_from_log_variance,0.3204795921101079,10,False,True,0
M073,studentst,ARX_2_1,GARCH,"GARCH(1,1)",1,0,1,213,-172.34691741144192,360.69383482288384,387.5841721485592,0.9606495999176048,2.027252109171016,exact,2.026820039139513,10,False,True,0
M076,studentst,ARX_2_1,GARCH,"GARCH(1,2)",1,0,2,213,-172.34695747332003,362.69391494664006,392.9455444380249,0.9606516353927532,2.0273670314027945,exact,2.026938121035797,10,False,True,0
M079,studentst,ARX_2_1,GARCH,"GARCH(2,1)",2,0,1,213,-170.8931660667809,359.7863321335618,390.03796162494666,0.834648491428859,0.8791152493565608,exact,0.8791073408690414,10,False,True,0
M082,studentst,ARX_2_1,GARCH,"GARCH(2,2)",2,0,2,213,-170.93200929100834,361.8640185820167,395.47694023911095,0.8939225296927805,1.152634373548407,exact,1.1527456057722756,10,False,True,0
M074,studentst,ARX_2_1,GJR-GARCH,"GJR-GARCH(1,1)",1,1,1,213,-169.25570403522502,356.51140807045005,386.7630375618349,0.9140692465951767,0.7454047239255638,exact_under_symmetry,0.745326278433857,10,False,True,0
M077,studentst,ARX_2_1,GJR-GARCH,"GJR-GARCH(1,2)",1,1,2,213,-169.25567403648006,358.5113480729601,392.1242697300544,0.9139970500909633,0.7452247958028482,exact_under_symmetry,0.74524772904271,10,False,True,0
M080,studentst,ARX_2_1,GJR-GARCH,"GJR-GARCH(2,1)",2,2,1,213,-166.4391921749131,354.8783843498262,391.8525981726299,0.8200293873895533,0.612341256993467,exact_under_symmetry,0.6123752586392144,10,False,True,0
M083,studentst,ARX_2_1,GJR-GARCH,"GJR-GARCH(2,2)",2,2,2,213,-166.43920356780865,356.8784071356173,397.2139131241304,0.8200589025437925,0.6124886801295902,exact_under_symmetry,0.6124836443213456,10,False,True,0
M087,studentst,ARX_2_2,EGARCH,"EGARCH(1,1)",1,1,1,213,-168.637579082064,357.275158164128,390.8880798212223,0.8082187367874588,0.3581666129689988,proxy_from_log_variance,0.35816590453102,10,False,True,0
M090,studentst,ARX_2_2,EGARCH,"EGARCH(1,2)",1,1,2,213,-168.63757901473565,359.2751580294713,396.249371852275,0.808219582181618,0.35816725475624545,proxy_from_log_variance,0.3581665272599018,10,False,True,0
M093,studentst,ARX_2_2,EGARCH,"EGARCH(2,1)",2,2,1,213,-166.39316752487474,356.7863350497495,397.1218410382626,0.7437595276087723,0.31933429051368983,proxy_from_log_variance,0.3193336351548913,10,False,True,0
M096,studentst,ARX_2_2,EGARCH,"EGARCH(2,2)",2,2,2,213,-166.39316878255738,358.78633756511476,402.48313571933727,0.743757626749458,0.31933231872210066,proxy_from_log_variance,0.3193316850344526,10,False,True,0
M085,studentst,ARX_2_2,GARCH,"GARCH(1,1)",1,0,1,213,-172.17727816458887,362.35455632917774,392.6061858205626,0.9573763161276425,1.8950591324049313,exact,1.8951061484008644,10,False,True,0
M088,studentst,ARX_2_2,GARCH,"GARCH(1,2)",1,0,2,213,-172.17729135228223,364.35458270456445,397.9675043616587,0.9573767152184844,1.8950973072352795,exact,1.8951438484371204,10,False,True,0
M091,studentst,ARX_2_2,GARCH,"GARCH(2,1)",2,0,1,213,-170.82244460103385,361.6448892020677,395.25781085916196,0.8364529467207577,0.8884934350603346,exact,0.8884863873021691,10,False,True,0
M094,studentst,ARX_2_2,GARCH,"GARCH(2,2)",2,0,2,213,-170.8224048896522,363.6448097793044,400.6190236021081,0.8364828877779953,0.8882582031216654,exact,0.8882638228079908,10,False,True,0
M086,studentst,ARX_2_2,GJR-GARCH,"GJR-GARCH(1,1)",1,1,1,213,-169.19615467497573,358.39230934995146,392.0052310070457,0.9129943365091833,0.7502883533231502,exact_under_symmetry,0.7502234914110819,10,False,True,0
M089,studentst,ARX_2_2,GJR-GARCH,"GJR-GARCH(1,2)",1,1,2,213,-169.19570224789584,360.3914044957917,397.36561831859535,0.9127842467017248,0.7489895971435996,exact_under_symmetry,0.7490068080246909,10,False,True,0
M092,studentst,ARX_2_2,GJR-GARCH,"GJR-GARCH(2,1)",2,2,1,213,-166.33112503404743,356.66225006809486,396.99775605660795,0.8170714250670961,0.6143162589523338,exact_under_symmetry,0.6143201985050468,10,False,True,0
M095,studentst,ARX_2_2,GJR-GARCH,"GJR-GARCH(2,2)",2,2,2,213,-166.3311568201455,358.662313640291,402.3591117945135,0.8171815590706462,0.6146178981328407,exact_under_symmetry,0.6146171547918086,10,False,True,0
M051,studentst,Constant_anchor,EGARCH,"EGARCH(1,1)",1,1,1,213,-176.80063228332733,363.60126456665466,380.4077253952018,0.7892905189720166,0.30789555568048727,proxy_from_log_variance,0.30789555568048727,4,True,True,0
M054,studentst,Constant_anchor,EGARCH,"EGARCH(1,2)",1,1,2,213,-176.8006325161698,365.6012650323396,385.76901802659614,0.7892907278488613,0.30789544459962254,proxy_from_log_variance,0.30789544459962254,4,True,True,0
M057,studentst,Constant_anchor,EGARCH,"EGARCH(2,1)",2,2,1,213,-174.20444138629543,362.40888277259086,385.9379279325568,0.6666942577535283,0.27982026501332596,proxy_from_log_variance,0.27982026501332596,10,True,True,0
M060,studentst,Constant_anchor,EGARCH,"EGARCH(2,2)",2,2,2,213,-174.2044441153998,364.4088882307996,391.299225556475,0.6666926038065131,0.2798192033606867,proxy_from_log_variance,0.2798192033606867,10,True,True,0
M049,studentst,Constant_anchor,GARCH,"GARCH(1,1)",1,0,1,213,-179.9633839278768,367.9267678557536,381.3719365185913,1.0,,undefined_or_nonstationary,0.44112817805000987,1,False,True,0
M052,studentst,Constant_anchor,GARCH,"GARCH(1,2)",1,0,2,213,-179.9633836913656,369.9267673827312,386.73322821127834,1.0000000000000069,,undefined_or_nonstationary,0.44112817805000987,1,False,True,0
M055,studentst,Constant_anchor,GARCH,"GARCH(2,1)",2,0,1,213,-177.71890943206472,365.43781886412944,382.24427969267657,0.9524663624391101,2.580217872766854,exact,2.5798902350468054,10,False,True,0
M058,studentst,Constant_anchor,GARCH,"GARCH(2,2)",2,0,2,213,-177.71891349248693,367.43782698497387,387.6055799792304,0.9524669122734822,2.580249485840105,exact,2.5799221671591126,10,False,True,0
M050,studentst,Constant_anchor,GJR-GARCH,"GJR-GARCH(1,1)",1,1,1,213,-176.67832284956702,363.35664569913405,380.1631065276812,0.9076690025361234,0.6943493866192694,exact_under_symmetry,0.6943029144508508,10,False,True,0
M053,studentst,Constant_anchor,GJR-GARCH,"GJR-GARCH(1,2)",1,1,2,213,-176.6783183628417,365.3566367256834,385.52438971993996,0.9076699044458614,0.6943632655480126,exact_under_symmetry,0.6943154551949682,10,False,True,0
M056,studentst,Constant_anchor,GJR-GARCH,"GJR-GARCH(2,1)",2,2,1,213,-172.88974037075297,359.77948074150595,383.3085259014719,0.8215479318122713,0.5770755809737605,exact_under_symmetry,0.5770755809737605,7,True,True,0
M059,studentst,Constant_anchor,GJR-GARCH,"GJR-GARCH(2,2)",2,2,2,213,-172.88993328148723,361.77986656297446,388.6702038886499,0.8214490248562489,0.5768556495116238,exact_under_symmetry,0.5767606928091618,10,False,True,0
