timestamp,seed,draw,random_state,mean_type,loglik,AIC,BIC,success,status,message,param_p0,param_n0,param_rho_p,param_rho_n,param_phi_p,param_phi_n,param_sigma_p,param_sigma_n,se_p0,se_n0,se_rho_p,se_rho_n,se_phi_p,se_phi_n,se_sigma_p,se_sigma_n,param_c,param_rho_1,param_phi_1,se_c,se_rho_1,se_phi_1,param_rho_2,se_rho_2,param_phi_2,se_phi_2,stored_loglik,stored_AIC,stored_BIC,corrected_loglik,corrected_AIC,corrected_BIC,corrected_loglik_delta,selection_shape_reference,selection_high_shape_density,selection_loglik_upper_threshold,selection_loglik_plausible,selection_variance_bound,selection_bounds_ok,selection_constraints_ok,selection_mean_stationary,selection_implied_variance_bounds_ok,selection_eligible,selection_reason,selection_persistence_p,selection_persistence_n,selection_sigma_min,selection_uncond_var_ref,selection_max_p_t,selection_max_n_t,selection_shape_max,selection_cond_var_min,selection_cond_var_median,selection_cond_var_max,selection_cond_var_lower_min,selection_cond_var_lower_max,selection_cond_var_upper_min,selection_cond_var_upper_max,rank,se_message,se_hessian_ridge,se_used_pseudoinverse,se_used_opg_fallback
2026-06-01T17:22:19,5,34,50034,constant,-76.86395409408308,169.72790818816617,196.69301241318746,True,0,Optimization terminated successfully,2.270537273738503,2.6373074848876783,0.9830742559234552,0.6391931084194377,0.0026366633306631,0.3485688705835181,0.0313802671447959,0.0587271626267424,0.008474780243408624,5.809644246833675,1.8577132175810934e-06,0.02854459271028165,1.9649427387983555e-06,0.09373392340402457,1.9910770399847085e-06,2.0746845814590483e-06,,,,,,,,,,,-76.86395409407281,169.72790818814562,196.6930124131669,-76.86395409408308,169.72790818816617,196.69301241318746,-1.0274447959091049e-11,200.0,True,-150.0,False,0.87,True,True,True,True,True,eligible,0.9857109192541184,0.9877619790029557,0.0313802671447959,0.011331602174992125,181.31953830832722,867.2604427858406,867.2604427858406,0.1925294893138041,0.29677061512542563,3.1696260623876182,8.679283097964063e-08,1.350005585272172e-06,86792.83097964064,1350005.585272172,1,computed,1e-08,False,False
2026-06-01T16:31:39,8,1,80001,constant,-95.90068709003478,207.80137418006956,234.76647840509085,True,0,Optimization terminated successfully,7.851649421474207,9.784475029740138,0.1991401623467746,0.2695559595756049,0.0962063498204265,0.5316357118126582,0.0226907623010719,0.1897805823435832,0.9427177061839116,1.2084216846668108,0.002731499102932225,0.10437382503914606,8.16328388265497e-06,0.24789936338429058,2.246155741534056e-06,0.004854146442107426,,,,,,,,,,,-95.90068709003364,207.80137418006728,234.76647840508852,-95.90068709003478,207.80137418006956,234.76647840509085,-1.1368683772161603e-12,200.0,True,-150.0,False,0.87,True,True,True,True,True,eligible,0.2953465121672011,0.8011916713882632,0.0226907623010719,0.35644678692306736,1520.179511391697,133.16975812801755,1520.179511391697,0.48839909945605026,0.5541040418041753,5.57902703692819,8.679283097964063e-08,1.350005585272172e-06,86792.83097964064,1350005.585272172,2,computed,1e-08,False,False
2026-06-01T16:48:33,47,13,470013,constant,-97.33553508060815,210.6710701612163,237.6361743862376,True,0,Optimization terminated successfully,9.91975170367203,3.864533642288632,0.8250769095865219,0.410285627731266,0.1202157557594604,0.5838467065002388,0.0328268126586907,0.0948852678085603,18.360111077163204,5.841163553950683,0.13549050498070814,0.057311247331821934,0.3123389674538058,0.05782445339932408,0.3339805895946491,0.5102475620607654,,,,,,,,,,,-97.3355350806329,210.6710701612658,237.63617438628708,-97.33553508060815,210.6710701612163,237.6361743862376,2.474109805916669e-11,200.0,True,-150.0,False,0.87,True,True,True,True,True,eligible,0.9452926653459823,0.9941323342315048,0.0328268126586907,0.04548274433266255,1083.8136074324107,658.6151622742701,1083.8136074324107,0.1414840871296651,0.31785927988687496,6.125047935224075,8.679283097964063e-08,1.350005585272172e-06,86792.83097964064,1350005.585272172,3,computed,1e-08,False,False
2026-06-01T16:30:33,19,2,190002,constant,-108.58517642591659,233.17035285183317,260.1354570768545,True,0,Optimization terminated successfully,7.37910370063436,6.148919945848018,0.8212439009856134,0.7390393427381595,0.079647194315123,0.1486652033662848,0.0283914093953888,0.1051534575316521,1169.5730750928146,528.1485406776746,8.768754975030491,14.7560941659773,1.0546777413670827,0.07547900763952754,2.19369403782733e-05,0.2591014759870264,,,,,,,,,,,-108.5851764259098,233.1703528518196,260.1354570768409,-108.58517642591659,233.17035285183317,260.1354570768545,-6.792788553866558e-12,200.0,True,-150.0,False,0.87,True,True,True,True,True,eligible,0.9008910953007364,0.8877045461044444,0.0283914093953888,0.07393823262011459,948.1878403696293,141.4084304587981,948.1878403696293,0.30895006852792156,0.43355645924843134,2.3278961052063725,8.679283097964063e-08,1.350005585272172e-06,86792.83097964064,1350005.585272172,4,computed,1e-08,False,False
2026-06-01T16:32:54,46,3,460003,constant,-109.98532368226333,235.97064736452666,262.935751589548,True,0,Optimization terminated successfully,0.220103345020176,0.6937300163102758,0.6912520448235485,0.2494357702519079,0.1098137874444196,0.7505529585508449,0.0746525503471055,0.2439313741700733,3.9961499690523334,512.8893846741557,86.34709442185559,0.14920175921431766,27.313442978573065,0.14674010025083506,8.065829368355775,0.39956048208901257,,,,,,,,,,,-109.98532368144168,235.9706473628833,262.93575158790463,-109.98532368226333,235.97064736452666,262.935751589548,-8.216431979235495e-10,200.0,True,-150.0,False,0.87,True,True,True,True,True,eligible,0.8010658322679681,0.9999887288027528,0.0746525503471055,0.042505317574961114,170.6378340455478,61548.919879184934,61548.919879184934,0.06627700521201753,0.18347045648297972,3662.3217131298143,8.679283097964063e-08,1.350005585272172e-06,86792.83097964064,1350005.585272172,5,computed,1e-08,False,False
2026-06-01T17:01:33,14,20,140020,constant,-117.8539502367286,251.7079004734572,278.6730046984785,True,0,Optimization terminated successfully,4.771564762741882,0.0065319731177458,0.4996184832587941,0.1375867387789351,0.1586507326727363,0.8622841719972032,0.0893985932906078,0.2324850892055808,0.042964623409884266,0.006020170189285104,0.003238675570450978,0.0001835534772774019,0.0007636046057892426,0.00012792023906490067,1.967480386858952e-06,0.0007649637870192288,,,,,,,,,,,-117.85395024223315,251.70790048446636,278.67300470948766,-117.8539502367286,251.7079004734572,278.6730046984785,5.504560363078781e-09,200.0,False,-150.0,False,0.87,True,True,True,True,True,eligible,0.6582692159315304,0.9998709107761383,0.0893985932906078,0.03848791189807774,174.31386389878375,128.65848323484272,174.31386389878375,0.07896783098765423,0.1820077752941206,8.347038417133065,8.679283097964063e-08,1.350005585272172e-06,86792.83097964064,1350005.585272172,6,computed,1e-08,False,False
2026-06-01T17:01:52,16,23,160023,constant,-128.17682324586355,272.3536464917271,299.3187507167484,True,0,Optimization terminated successfully,9.107851419026137,0.9643149958024124,0.2144061783067861,0.5597198305529602,0.5383164083251047,0.0815491384563523,0.13775939362964,0.0074948965763225,900.1936004854792,543.3223722943486,0.027030858083097128,1.7151651625318411,1148.2417201037028,0.022314949952264358,1.7398068573907148,0.0016024387485545806,,,,,,,,,,,-128.17682324583495,272.3536464916699,299.3187507166912,-128.17682324586355,272.3536464917271,299.3187507167484,-2.859223968698643e-11,200.0,True,-150.0,False,0.87,True,True,True,True,True,eligible,0.7527225866318908,0.6412689690093124,0.0074948965763225,0.1728997902626529,241.04517590628404,12164.348949654179,12164.348949654179,0.22239301444527518,0.29138908380208267,5.257784858905587,8.679283097964063e-08,1.350005585272172e-06,86792.83097964064,1350005.585272172,7,computed,1e-08,False,False
2026-06-01T17:26:04,34,39,340039,constant,-136.88578002763276,289.7715600552655,316.73666428028685,True,0,Optimization terminated successfully,8.558710466750853,5.33505934009795,0.6047585375150367,0.8678605961898633,0.3385780264231582,0.059455489626101,0.0554015382024672,0.3654820934991251,11.168219920516483,2.656900053653437,0.0033985902281741505,0.07195618239772368,0.07191093236310046,0.09526537347266331,1.8956170297166523e-06,0.06990704783720665,,,,,,,,,,,-136.885780027632,289.771560055264,316.7366642802853,-136.88578002763276,289.7715600552655,316.73666428028685,-7.673861546209082e-13,200.0,True,-150.0,False,0.87,True,True,True,True,True,eligible,0.943336563938195,0.9273160858159644,0.0554015382024672,0.738911589169921,953.4248545626452,73.4008260285705,953.4248545626452,5.480264464733853,5.65234264250052,10.26827995955238,8.679283097964063e-08,1.350005585272172e-06,86792.83097964064,1350005.585272172,8,computed,1e-08,False,False
2026-06-01T17:23:56,23,35,230035,constant,-138.45260641354517,292.90521282709034,319.87031705211166,True,0,Optimization terminated successfully,8.100573452345774,0.0435555796267342,0.3184736842114806,0.1566212130463203,0.1805583143330797,0.8386247127914711,0.1060796283071539,0.2261151961486249,1037.847658903477,508.7470480887867,23.539129081632538,31.113960545813416,1.346660165964271,12.483895112727684,2.3355745586986293e-06,1.340908024977461,,,,,,,,,,,-138.45260641148798,292.90521282297595,319.8703170479973,-138.45260641354517,292.90521282709034,319.87031705211166,-2.0571917502820725e-09,200.0,False,-150.0,False,0.87,True,True,True,True,True,eligible,0.49903199854456026,0.9952459258377914,0.1060796283071539,0.09338175532684254,142.53512611200637,132.40542242592136,142.53512611200637,0.1374165652042009,0.22843881607043023,8.3735670305726,8.679283097964063e-08,1.350005585272172e-06,86792.83097964064,1350005.585272172,9,computed,1e-08,False,False
2026-06-01T17:21:03,22,32,220032,constant,-145.30223024248318,306.60446048496635,333.5695647099877,True,0,Optimization terminated successfully,1.1238359759214431,4.489887367919458,0.1483532050057713,0.6420548749362402,0.120070662366668,0.2055983275984606,0.0224321570217852,0.2309965139152283,7721.702130793425,53.809602504438395,20.51450343276175,2.8745391318124693,2.7183981461145916,0.9399927291994479,0.00023448748296612504,0.09788623757241648,,,,,,,,,,,-145.3022302425008,306.6044604850016,333.5695647100229,-145.30223024248318,306.60446048496635,333.5695647099877,1.7621459846850485e-11,200.0,True,-150.0,False,0.87,True,True,True,True,True,eligible,0.2684238673724393,0.8476532025347009,0.0224321570217852,0.2401431647493607,1926.1780154519847,45.3497301921455,1926.1780154519847,0.6750411927208112,0.7506885298018531,3.3890899058588717,8.679283097964063e-08,1.350005585272172e-06,86792.83097964064,1350005.585272172,10,computed,1e-08,False,False
2026-06-01T17:16:01,41,33,410033,constant,-145.32349094672736,306.6469818934547,333.61208611847604,True,0,Optimization terminated successfully,9.918716628897746,1.643506459290422,0.5490332835387997,0.5825361825935692,0.4377022326442874,0.0919281520160665,0.161326349160846,0.0195427306242909,0.47610936116754704,0.11045461205203172,0.006003651023640056,6.385882339205102e-05,0.00932817424374988,5.116728326474002e-05,0.005276281462352512,1.1240817790976919e-05,,,,,,,,,,,-145.32349094674518,306.6469818934904,333.6120861185117,-145.32349094672736,306.6469818934547,333.61208611847604,1.7820411812863313e-11,200.0,True,-150.0,False,0.87,True,True,True,True,True,eligible,0.9867355161830871,0.6744643346096357,0.0195427306242909,0.25877409802589885,747.7649915220113,2028.5350182968787,2028.5350182968787,0.5800273502491323,0.704767566146506,19.4634026039493,8.679283097964063e-08,1.350005585272172e-06,86792.83097964064,1350005.585272172,11,computed,1e-08,False,False
2026-06-01T16:52:41,35,15,350015,constant,-150.02161516390512,316.04323032781025,343.00833455283157,True,0,Optimization terminated successfully,5.7813205035912585,5.262270294685498,0.7233663593843722,0.6937673266896723,0.0698990480756739,0.1478067790880133,0.2264259389935843,0.0208058006917891,3.620462227061863,0.34028936242037267,3.7521198712654565e-07,2.0303886045504438e-06,1.208999775335359,7.321748711533405e-06,0.01817717391086844,4.112428961190744e-06,,,,,,,,,,,-150.02161516368855,316.0432303273771,343.0083345523984,-150.02161516390512,316.04323032781025,343.00833455283157,-2.1657342585967854e-10,200.0,True,-150.0,True,0.87,True,True,True,True,True,eligible,0.7932654074600461,0.8415741057776857,0.0208058006917891,0.2986787589475176,32.77877651203467,2963.8980205178336,2963.8980205178336,1.085873750181031,1.171526099960367,2.96354160502662,8.679283097964063e-08,1.350005585272172e-06,86792.83097964064,1350005.585272172,12,computed,1e-08,False,False
2026-06-01T16:50:30,8,14,80014,constant,-150.20428650391165,316.4085730078233,343.3736772328446,True,0,Optimization terminated successfully,9.991021924205798,1.2507695931941278,0.0911134979871897,0.303171757932271,0.1490384006926115,0.6387011753724052,0.098668488886513,0.2023407545069861,352.5829163203801,373.29297504848097,21.903685746916956,15.358353508602912,0.0017128240211241885,0.001764651964753365,0.0016484099403844615,0.0017452626329793836,,,,,,,,,,,-150.20428650195166,316.4085730039033,343.37367722892463,-150.20428650391165,316.4085730078233,343.3736772328446,-1.9599895040300908e-09,200.0,False,-150.0,True,0.87,True,True,True,True,True,eligible,0.24015189867980122,0.9418729333046763,0.098668488886513,0.14847603588168334,134.29583637773936,128.67233357374462,134.29583637773936,0.1818154531110309,0.2668634905056877,6.575507673574601,8.679283097964063e-08,1.350005585272172e-06,86792.83097964064,1350005.585272172,13,computed,1e-08,False,False
2026-06-01T17:21:56,23,34,230034,constant,-159.1817187358966,334.3634374717932,361.3285416968145,True,0,Optimization terminated successfully,5.423058746229013,1.3435872830528175,0.8497837200317149,0.6447555164690134,0.0940419423026109,0.1065863164068955,0.1721578020447534,0.0393599033728493,2.208719747636787,1.5028396483740079,0.006047397834322607,0.006064228406928149,0.6696806877700565,2.065445280567123e-06,0.523331646999808,0.00021296415794297755,,,,,,,,,,,-159.1817187359051,334.3634374718102,361.3285416968315,-159.1817187358966,334.3634374717932,361.3285416968145,8.498091119690798e-12,200.0,True,-150.0,True,0.87,True,True,True,True,True,eligible,0.9438256623343257,0.7513418328759089,0.0393599033728493,0.16281177788511714,96.5397897257775,589.9372738966756,589.9372738966756,1.0928437509073856,1.2178477704451802,2.8700277833983416,8.679283097964063e-08,1.350005585272172e-06,86792.83097964064,1350005.585272172,14,computed,1e-08,False,False
2026-06-01T17:08:34,4,29,40029,constant,-161.04800692175417,338.09601384350833,365.06111806852965,True,0,Optimization terminated successfully,0.0628736631943061,9.56502808193734,0.4521827844764197,0.7918022526197059,0.4980718609235631,0.0605497722587814,0.0431926022729184,0.0715340334801407,41721.13069764658,42.048898283731646,49.01959911761596,1.422321630168668,249.87011038674828,5.015474793723888e-06,0.0035641373973702836,1.4236716593403076,,,,,,,,,,,-161.04800692174604,338.0960138434921,365.0611180685134,-161.04800692175417,338.09601384350833,365.06111806852965,-8.128608897095546e-12,200.0,True,-150.0,True,0.87,True,True,True,True,True,eligible,0.9502546453999827,0.8523520248784874,0.0431926022729184,0.04906267401356387,2202.631820762783,152.36100517681734,2202.631820762783,0.24649487523261357,0.369426651585709,4.888881121446043,8.679283097964063e-08,1.350005585272172e-06,86792.83097964064,1350005.585272172,15,computed,1e-08,False,False
2026-06-01T16:42:13,30,10,300010,constant,-162.765266964744,341.530533929488,368.4956381545093,True,0,Optimization terminated successfully,0.919109750538234,0.0003118435769735,0.994513331023814,0.2809168861990149,1.743481173067064e-05,0.7190514883269179,0.0320256231731081,0.1893730790283823,107.62782271134402,5915.910176339559,0.46970929115132426,34277.32177115317,0.12611888453667067,34788.295506210845,1303.4409273818583,2811.808550235365,,,,,,,,,,,-162.76526696473653,341.53053392947305,368.4956381544944,-162.765266964744,341.530533929488,368.4956381545093,-7.474909580196254e-12,200.0,False,-150.0,True,0.87,True,True,True,True,True,eligible,0.9945307658355447,0.9999683745259328,0.0320256231731081,0.0009538596057243301,168.20757290694786,162.8175810810296,168.20757290694786,0.1736349098768132,0.25165622046719544,6.011503673618937,8.679283097964063e-08,1.350005585272172e-06,86792.83097964064,1350005.585272172,16,computed,1e-08,False,False
2026-06-01T17:14:30,25,32,250032,constant,-164.96667002363193,345.93334004726387,372.8984442722852,True,0,Optimization terminated successfully,7.1562453305392255,4.457449686614097,0.3567252134308104,0.7877089877823933,0.2629862647751054,0.0144226671556179,0.0226431365399587,0.2615816457522137,175.27190192412687,37.905820055800945,0.09932529168060301,1.8657411298140851,0.4516658883046848,0.28872513877812406,9.00912175681377e-05,0.23626628526395343,,,,,,,,,,,-164.96667002361818,345.9333400472364,372.8984442722577,-164.96667002363193,345.93334004726387,372.8984442722852,-1.375610736431554e-11,200.0,True,-150.0,True,0.87,True,True,True,True,True,eligible,0.6197114782059158,0.8021316549380112,0.0226431365399587,0.30866989511945553,4200.908913902877,22.887974117047648,4200.908913902877,1.445565651421263,1.48964959497007,3.719963520477073,8.679283097964063e-08,1.350005585272172e-06,86792.83097964064,1350005.585272172,17,computed,1e-08,False,False
2026-06-01T16:57:55,30,21,300021,constant,-170.68212597729496,357.3642519545899,384.32935617961124,True,0,Optimization terminated successfully,0.3244883281131572,6.990926148689259,0.2596126278222035,0.5552098211895953,0.6361966023216812,0.1174898491126479,0.2403121184574819,0.0918805659343896,23.952888812952914,40.341813157329554,16.49211200913915,0.43105935530450834,0.008473610646664619,2.3527470794230364e-06,2.3383824544821735e-06,2.8733953071979862e-06,,,,,,,,,,,-170.68212597734885,357.3642519546977,384.329356179719,-170.68212597729496,357.3642519545899,384.32935617961124,5.3887561080046e-11,200.0,False,-150.0,True,0.87,True,True,True,True,True,eligible,0.8958092301438847,0.6726996703022432,0.0918805659343896,0.07775684010638882,89.7736708612804,132.22316952230028,132.22316952230028,0.1612066532010951,0.2538074519347152,6.3006548706215915,8.679283097964063e-08,1.350005585272172e-06,86792.83097964064,1350005.585272172,18,computed,1e-08,False,False
2026-06-01T17:18:18,43,34,430034,constant,-171.34339021732876,358.6867804346575,385.65188465967884,True,0,Optimization terminated successfully,7.410244601289205,0.0169267779680078,0.1474034681502976,0.2540203288432772,0.2030294899352637,0.7451622151843661,0.1171156808934161,0.2045365540238657,1029.801549930064,1029.8005080922705,0.0020840473909095026,0.002595596248781483,0.002252014163105148,0.002561908674759936,0.0027279286475461093,0.0018624987790672822,,,,,,,,,,,-171.3433902189201,358.6867804378402,385.6518846628615,-171.34339021732876,358.6867804346575,385.65188465967884,1.5913315110083204e-09,200.0,False,-150.0,True,0.87,True,True,True,True,True,eligible,0.3504329580855613,0.9991825440276433,0.1171156808934161,0.10234766303532496,128.0954635191276,144.41549714909166,144.41549714909166,0.12132582573833298,0.21818778038213937,7.7986194578850085,8.679283097964063e-08,1.350005585272172e-06,86792.83097964064,1350005.585272172,19,computed,1e-08,False,False
2026-06-01T16:44:23,16,11,160011,constant,-172.5115509377512,361.0231018755024,387.9882061005237,True,0,Optimization terminated successfully,6.256787642216828,6.05496685313614,0.8086059463332004,0.4667828979679059,0.0316072623703778,0.3138187472254952,0.3417771260414912,0.0465703265981895,15.690288517099527,2.750173114876715,1.3655333059237064e-05,4.602604060065479e-05,2.883316174448866,2.2014072688902616e-05,0.16141518166384547,4.553533310942806e-05,,,,,,,,,,,-172.51155093774344,361.0231018754869,387.9882061005082,-172.5115509377512,361.0231018755024,387.9882061005237,-7.759126674500294e-12,200.0,True,-150.0,True,0.87,True,True,True,True,True,eligible,0.8402132087035782,0.780601645193401,0.0465703265981895,0.7439973834269095,39.15710173195611,1207.236394602664,1207.236394602664,3.8505698183593347,3.930849385501859,6.724273726285313,8.679283097964063e-08,1.350005585272172e-06,86792.83097964064,1350005.585272172,20,computed,1e-08,False,False
2026-06-01T18:28:15,16,24,160024,"ARX(1,1)",134.03360886364177,-246.06721772728355,-208.99019941787927,True,0,Optimization terminated successfully,4.2461961005607005,9.681745846842464,0.9212851424800396,0.2327768563426067,0.022015753314613,0.6269565552086394,0.2718435379126036,0.048967645575665,3.25223141766858,610.1379568958017,2.469115121239971e-06,1.008457764916607e-05,0.13151603525920702,2.932583870980319,3.4001311935807337,0.00020234281137474159,0.3789175662389746,0.4454632249122747,1.135711858291808,0.16626588605514714,0.16888150612602817,0.36316515646417713,,,,,134.0336088636169,-246.0672177272338,-208.99019941782956,134.03360886364177,-246.06721772728355,-208.99019941787927,2.4868995751603507e-11,200.0,True,-150.0,False,0.87,True,True,True,True,True,eligible,0.9433008957946526,0.859733411551246,0.048967645575665,0.337004443353155,74.89000329144937,3024.746007642724,3024.746007642724,4.1119162374435465,4.47151022425848,11.591510156668635,5.247735405988801e-07,2.564888223223315e-06,524773.5405988802,2564888.223223315,1,computed,1e-08,False,False
2026-06-01T18:09:28,25,21,250021,"ARX(1,1)",-45.494390067804474,112.98878013560895,150.06579844501323,True,0,Optimization terminated successfully,9.421150495637184,6.048269709814427,0.6650919456087009,0.7339060735333398,0.1784938197340692,0.1887490943331409,0.0166816424463482,0.097514648358031,841.4188910011679,10.908073552234539,0.392293080959131,0.036787293815586,5.005504852982859,0.6243812204619286,7.041593810893143e-09,0.1820957582543665,0.0775205542194323,0.3826165236804703,0.6776019165107771,5.743571688562629,7.121809697785891,21.81494294309444,,,,,-45.49439006770014,112.98878013540028,150.06579844480456,-45.494390067804474,112.98878013560895,150.06579844501323,-1.0433609531901311e-10,200.0,True,-150.0,False,0.87,True,True,True,True,True,eligible,0.8435857653427701,0.9226551678664807,0.0166816424463482,0.06013533301550777,5826.43965580761,205.54373103579888,5826.43965580761,0.2460875698572687,0.37882203120171093,3.5759025410577725,1.0340871268604475e-07,1.4981686268408477e-06,103408.71268604475,1498168.6268408475,2,computed,1e-08,False,False
2026-06-01T18:14:52,27,22,270022,"ARX(1,1)",-54.65283187462136,131.30566374924274,168.38268205864702,True,0,Optimization terminated successfully,9.999912708004532,0.0032649897470196,0.8528345709079937,0.2503768898381512,0.0598697768628283,0.749618616125961,0.0405997881237266,0.148771377660946,5.20182406057879,2.7075272195554336,0.12289134515486863,0.011986361686714348,2.8099536156770404e-06,0.011986389642701618,4.5743391046974044e-05,0.12283294483186837,0.0868614433251019,0.3599132599270035,0.6098432245619395,2.359751946044061,2.4218089072659765,4.74487241694879,,,,,-54.652831874662525,131.30566374932505,168.38268205872933,-54.65283187462136,131.30566374924274,168.38268205864702,4.1161740682582604e-11,200.0,True,-150.0,False,0.87,True,True,True,True,True,eligible,0.9127043477708221,0.9999955059641122,0.0405997881237266,0.016555547835833,424.6185949831638,726.5161713356711,726.5161713356711,0.1274521821267922,0.25698102673794715,16.26874770457971,9.274476723062274e-08,1.4648468838742785e-06,92744.76723062273,1464846.8838742785,3,computed,1e-08,False,False
2026-06-01T17:32:56,38,5,380005,"ARX(1,1)",-75.02574773309493,172.05149546618986,209.12851377559414,True,0,Optimization terminated successfully,2.382815503305852,4.925861673796314,0.1144225503856295,0.6481565808616168,0.6029793981210223,0.1011984511142371,0.2154792332886229,0.0760139106985238,242.7011272700037,214.1413833655561,48.43718134606182,62.79466338686392,202.18049677898614,10.433230849559015,25.813408602346296,2.0928085294927737e-05,0.1018905565938513,0.3676292046603842,0.609299904475362,273.9005876271923,46.20591805606146,95.78560067048042,,,,,-75.02574772402754,172.05149544805508,209.12851375745936,-75.02574773309493,172.05149546618986,209.12851377559414,-9.067392170436506e-09,200.0,False,-150.0,False,0.87,True,True,True,True,True,eligible,0.7174019485066518,0.7493550319758538,0.0760139106985238,0.1390994147796779,113.21336110530379,169.8966335518694,169.8966335518694,0.2093092614888703,0.28391904034265,6.238325753232909,9.677633346639464e-08,1.475581087210352e-06,96776.33346639464,1475581.0872103518,4,computed,1e-08,False,False
2026-06-01T18:33:23,6,34,60034,"ARX(1,1)",-80.40107547338215,182.8021509467643,219.87916925616858,True,0,Optimization terminated successfully,3.822368990660856,8.400676920147667,0.7688906787799838,0.7351056821935484,0.0592720631880572,0.1898963599295664,0.210631062188425,0.0148499737109933,2.0392978610648616,35.48875803646433,0.14135831659286455,0.25558661677929856,0.4081424525649276,0.5759435333646702,0.06427393670927391,3.0679625451464006e-05,0.3468721114784562,0.4995699478481264,0.093800445132327,0.435063097486811,1.0623915449336119,2.339341200007904,,,,,-80.40107547685965,182.8021509537193,219.8791692631236,-80.40107547338215,182.8021509467643,219.87916925616858,3.4774956247929367e-09,200.0,True,-150.0,False,0.87,True,True,True,True,True,eligible,0.8281627419680411,0.9250020421231149,0.0148499737109933,0.17143363049031377,29.10363764320858,8005.029924532821,8005.029924532821,0.7588131455938597,0.8821116961833686,3.056478777836377,9.984690965386683e-08,1.628475995000024e-06,99846.90965386684,1628475.995000024,5,computed,1e-08,False,False
2026-06-01T18:52:47,13,38,130038,"ARX(1,1)",-83.28212769358915,188.5642553871783,225.64127369658257,True,0,Optimization terminated successfully,7.389908555055008,6.045924989156346,0.7013406373581622,0.8392447724934164,0.0838358383189681,0.0705803925272683,0.0325538174360872,0.2033544202313891,109.27393814258673,79.62912211423644,5.778105032707276e-07,2.0706843096218353e-06,0.0029388369020437732,11.09046968608914,0.0009139884495430921,8.302264002613413,0.0184977214054017,0.0902364234927478,0.778131444331639,1.817956418977661,0.35440027126309026,0.5865957180850284,,,,,-83.28212769345878,188.56425538691755,225.64127369632183,-83.28212769358915,188.5642553871783,225.64127369658257,-1.3037038115726318e-10,200.0,True,-150.0,False,0.87,True,True,True,True,True,eligible,0.7851764756771303,0.9098251650206848,0.0325538174360872,0.2578487215717314,693.8887282505607,67.04669867755445,693.8887282505607,1.593579915438155,1.6915214095837436,2.9393473224352804,8.847683191036683e-08,1.3569722159253123e-06,88476.83191036683,1356972.2159253124,6,computed,1e-08,False,False
2026-06-01T17:50:28,29,6,290006,"ARX(1,1)",-90.8052282732184,203.6104565464368,240.6874748558411,True,0,Optimization terminated successfully,3.4027906523168787,0.2635981000321135,0.8747265654678552,0.5261795683819733,0.0855287646242213,0.1719299711506877,0.2413185063117834,0.0306045311966944,0.9159955256681727,0.9177685708091099,0.00884638359083531,0.010392056260828961,0.06386865851805783,7.54081901295474e-05,0.0831324641569259,3.554057375889972e-06,0.4638688184230904,0.2369828054620882,1.5990051694476426,0.02244211914055624,0.003015074694592685,0.03204466058392139,,,,,-90.80522667706992,203.61045335413985,240.6874716635441,-90.8052282732184,203.6104565464368,240.6874748558411,-1.5961484791660041e-06,200.0,True,-150.0,False,0.87,True,True,True,True,True,eligible,0.9602553300920765,0.6981095395326611,0.0306045311966944,0.19840712146299677,85.6162766026269,2369.101890271159,2369.101890271159,1.8166415964498925,2.259630437624235,5.117884515441286,7.958644328725057e-07,4.1536691032282965e-06,795864.4328725056,4153669.103228297,7,computed,1e-08,False,False
2026-06-01T17:57:35,16,11,160011,"ARX(1,1)",-96.84614959003254,215.69229918006508,252.76931748946936,True,0,Optimization terminated successfully,6.035243501060075,6.77605812302283,0.4387607008524067,0.7585480044701409,0.32626617614408,0.091935401426178,0.0294656713076992,0.2391001076664829,1.3280250520023173e-05,1.5246277165277301e-05,3.6943349137466793e-06,1.5762951149513662e-05,1.3581391141459155e-05,3.118384291622609e-06,1.1117908093597616e-05,6.757831940860516e-06,0.257804613940404,0.3391036559554652,1.1376210350297995,9.046034821507926e-07,1.2691106562814295e-05,5.797882143503621e-06,,,,,-96.8461496048672,215.6922992097344,252.7693175191387,-96.84614959003254,215.69229918006508,252.76931748946936,1.4834654393780511e-08,200.0,True,-150.0,False,0.87,True,True,True,True,True,eligible,0.7650268769964867,0.8504834058963189,0.0294656713076992,0.39261948228709154,4029.0345879878932,46.11696671737518,4029.0345879878932,1.6604297208123748,1.8490708337784323,6.134566202845019,3.1154842922957613e-07,1.7787301418685908e-06,311548.42922957614,1778730.1418685908,8,computed,1e-08,False,False
2026-06-01T18:36:22,10,28,100028,"ARX(1,1)",-98.68750557851013,219.37501115702025,256.45202946642456,True,0,Optimization terminated successfully,9.314379638524263,7.497472566355226,0.90361116752933,0.1982427410027661,0.0176796103979715,0.743010773028769,0.0310201399866558,0.1358435027572157,6.394351213909853,12.411958447519563,0.0013150372675366044,4.753351054290013,4.1865070770518314e-06,4.849875821759434,0.0013109387765487038,0.26285433368487593,0.1436940203109604,0.3118428757828293,0.7147540917876372,1.0554721428010183,3.1796143598448845,5.445608492613531,,,,,-98.687505578498,219.375011156996,256.4520294664003,-98.68750557851013,219.37501115702025,256.45202946642456,-1.2121859072067309e-11,200.0,True,-150.0,False,0.87,True,True,True,True,True,eligible,0.9212907779273015,0.941253514031535,0.0310201399866558,0.14731704270400098,297.36177361373154,364.41980773738265,364.41980773738265,0.2787377734042017,0.36915037839826037,7.010941434494516,1.0456127359252856e-07,1.4563722685849818e-06,104561.27359252857,1456372.2685849818,9,computed,1e-08,False,False
2026-06-01T17:52:18,8,12,80012,"ARX(1,1)",-106.84596008651008,235.69192017302015,272.76893848242446,True,0,Optimization terminated successfully,5.1782989861644735,5.377522411585255,0.928892217774624,0.8201038554818633,0.0054272123604865,0.0869059235102007,0.0876689626451386,0.0345403906460659,3.863305206990443e-05,20.83679135904227,0.00031216334481557547,0.23826147324742564,0.00029267030277431525,6.152017125967098e-05,5.571176783550786e-07,7.471422576025227e-05,0.0834286761356011,0.2353535847604392,0.7798401646672717,2.6473554824736673e-05,0.23793301616932697,2.9353299697769143e-05,,,,,-106.84596008652582,235.69192017305164,272.76893848245595,-106.84596008651008,235.69192017302015,272.76893848242446,1.574562702444382e-11,200.0,True,-150.0,False,0.87,True,True,True,True,True,eligible,0.9343194301351105,0.9070097789920639,0.0345403906460659,0.04621520552030775,80.78591516865121,719.5455769307338,719.5455769307338,0.6108901414361758,0.6724046709217324,1.479353822303717,9.62226527682552e-08,1.404883137948006e-06,96222.6527682552,1404883.137948006,10,computed,1e-08,False,False
2026-06-01T17:59:15,34,15,340015,"ARX(1,1)",-115.63541052443432,253.27082104886864,290.34783935827295,True,0,Optimization terminated successfully,9.657799408711323,4.950329007295263,0.4248479351527276,0.4181743294735416,0.0254101833426876,0.264638965120007,0.0407054949504024,0.2050845021891801,259.3989305978648,174.15357079787313,36.73592416195375,1344.1254798282287,0.016413155982753048,95.13006953044192,0.016423799288885727,11.966632777183111,0.1593808717738559,0.4497055790849731,0.3703669413578591,496.9825624584066,151.87300210807558,1048.0285556043623,,,,,-115.63541052335285,253.2708210467057,290.34783935611,-115.63541052443432,253.27082104886864,290.34783935827295,-1.0814744655363029e-09,200.0,False,-150.0,False,0.87,True,True,True,True,True,eligible,0.4502581184954152,0.6828132945935486,0.0407054949504024,0.22421148873292415,147.87066467992685,62.25590452299731,147.87066467992685,0.38658478119366113,0.43458808064757243,2.8634741665323213,9.25975042337331e-08,1.5595591100262391e-06,92597.5042337331,1559559.1100262392,11,computed,1e-08,False,False
2026-06-01T18:34:46,35,35,350035,"ARX(1,1)",-116.03773304795678,254.07546609591355,291.15248440531786,True,0,Optimization terminated successfully,4.2698741808559255,7.636972269210054,0.7200898882549072,0.7324432267360131,0.2717080270363307,0.0450852585583173,0.0934932995652976,0.0159220619314743,1.237454800327856,2.129241963317191,0.31007374786305736,3.869674043166282e-06,0.5873294626099202,3.4600963188965006e-06,0.20609712530947424,6.129957722463385e-06,0.1336975056040059,0.3329740809189238,0.957927409223196,0.5218232632070395,0.3156376012840634,0.00024764951013242736,,,,,-116.03773362428356,254.07546724856712,291.15248555797143,-116.03773304795678,254.07546609591355,291.15248440531786,5.763267836300656e-07,200.0,True,-150.0,False,0.87,True,True,True,True,True,eligible,0.9917979152912378,0.7775284852943305,0.0159220619314743,0.03925902221955646,520.584014000061,1801.5929777833842,1801.5929777833842,0.17337137191724694,0.33249835314633724,4.5591258655408105,1.5336192972347533e-07,1.5536652963326825e-06,153361.9297234753,1553665.2963326825,12,computed,1e-08,False,False
2026-06-01T18:49:49,40,40,400040,"ARX(1,1)",-116.37445102791631,254.74890205583262,291.8259203652369,True,0,Optimization terminated successfully,4.2958169177957535,1.48575738957074,0.7946854345216039,0.1686376133626634,0.0681570189850741,0.4971103383480706,0.0694634001837899,0.199633013769676,1.0392730049109216,6.793785525944335,1.889330330579898e-06,0.515525686823453,5.4920125326426086e-06,8.165368988813539e-06,3.5948591644091726e-06,2.7505383763055773e-06,0.1283268626184469,0.3178347977906912,0.6351869212850234,2.070432449211357e-06,4.448455645860531e-05,2.750597701699505e-06,,,,,-116.37445102917324,254.7489020583465,291.8259203677508,-116.37445102791631,254.74890205583262,291.8259203652369,1.256935888704902e-09,200.0,False,-150.0,False,0.87,True,True,True,True,True,eligible,0.862842453506678,0.665747951710734,0.0694634001837899,0.07994041567394702,153.42449165166238,108.58215691173544,153.42449165166238,0.18126637903072354,0.25873181967723224,5.067659966096307,9.80738911540667e-08,1.434511743416783e-06,98073.8911540667,1434511.743416783,13,computed,1e-08,False,False
2026-06-01T18:31:18,26,31,260031,"ARX(1,1)",-121.77792449489311,265.5558489897862,302.63286729919054,True,0,Optimization terminated successfully,7.969808550983142,9.94560946794324,0.7919502385953409,0.5858405594150403,0.1288089900082901,0.2719347168497549,0.0448960830383632,0.0080194976850849,35.35067456287429,10022.44751356505,5.207560968565639,15.896701720792464,17.585817051210412,6.204789192411863,0.38510398804867757,0.004039473907624927,0.102852218070123,0.3620209475888064,0.5690047328169351,15.253058814464866,6.855046570028249,51.949445017994854,,,,,-121.77792449485943,265.55584898971887,302.6328672991232,-121.77792449489311,265.5558489897862,302.63286729919054,-3.367972567502875e-11,200.0,True,-150.0,False,0.87,True,True,True,True,True,eligible,0.920759228603631,0.8577752762647952,0.0080194976850849,0.01670403598219132,630.2553490715022,36828.49809728266,36828.49809728266,0.09803029497605961,0.22705337339021353,3.6389064142130207,9.143300074349154e-08,1.4650005253252239e-06,91433.00074349155,1465000.5253252238,14,computed,1e-08,False,False
2026-06-01T18:14:49,32,14,320014,"ARX(1,1)",-126.03320028666346,274.0664005733269,311.1434188827312,True,0,Optimization terminated successfully,4.310604142756792,6.274927904170533,0.7768767927024625,0.5793269553348328,0.0265099206528163,0.3058799332694814,0.1575061788892438,0.0117945635119493,0.0035901471862360068,1646.7775106975078,5.054758226815085,0.00473293447794795,6.750830755360302e-07,5.058793076581339,0.004501241541333046,0.0002244653678410903,0.0717729365042096,0.3564735695027594,0.4787252844234264,8.485739500382193,0.0035720982082775945,8.489322899137061,,,,,-126.03320028666788,274.0664005733358,311.1434188827401,-126.03320028666346,274.0664005733269,311.1434188827312,4.419575816427823e-12,200.0,True,-150.0,False,0.87,True,True,True,True,True,eligible,0.8033867133552788,0.8852068886043142,0.0117945635119493,0.10781123019225822,28.813573138005026,18392.09747405813,18392.09747405813,0.48888812759289996,0.5712498293243315,3.273369250261471,8.675489426638913e-08,1.4538990985550474e-06,86754.89426638914,1453899.0985550475,15,computed,1e-08,False,False
2026-06-01T17:48:53,18,8,180008,"ARX(1,1)",-132.60537937933287,287.21075875866575,324.28777706807006,True,0,Optimization terminated successfully,3.6028486662932155,4.302403480723064,0.7467600753196617,0.2380131209568986,0.1231660818128253,0.5671194594051507,0.049540572986397,0.1301313740264158,288.7794565987139,394.7060463040496,11.389074951802863,55.63962423109829,0.004485177709204934,1.7522901829705444,0.0003627359253665357,0.004422593444037499,0.0110517545475186,0.4423303124141494,0.5594158397220822,6.567407745670782,50.61967698983114,20.90454688394691,,,,,-132.60537937840235,287.2107587568047,324.287777066209,-132.60537937933287,287.21075875866575,324.28777706807006,-9.305267667514272e-10,200.0,True,-150.0,False,0.87,True,True,True,True,True,eligible,0.869926157132487,0.8051325803620494,0.049540572986397,0.08170000886793798,462.11768913951806,282.43264165203067,462.11768913951806,0.14034561689760783,0.2552442353452639,5.916924468440787,8.838103035056586e-08,1.55440483259436e-06,88381.03035056585,1554404.8325943598,16,computed,1e-08,False,False
2026-06-01T17:45:16,5,6,50006,"ARX(1,1)",-134.3744808141772,290.7489616283544,327.8259799377587,True,0,Optimization terminated successfully,2.263425976259224,0.0126027878262165,0.981895174692067,0.3195716008789643,0.0012911859677389,0.6788874279669219,0.0353188907276737,0.2870223861856423,10.312539219246998,0.03157328775119621,0.06569345653500747,0.47425840808483727,0.010474133663012952,0.44680711726579847,0.22634037544246705,0.2549444676176004,0.0959470255029634,0.3262065539992873,0.7052863575688116,0.43634131339094656,2.143594490459449,1.9274541384596173,,,,,-134.37448081419225,290.7489616283845,327.8259799377888,-134.3744808141772,290.7489616283544,327.8259799377587,1.5063505998114124e-11,200.0,False,-150.0,False,0.87,True,True,True,True,True,eligible,0.9831863606598059,0.9984590288458862,0.0353188907276737,0.003861692959046351,143.6794750107234,71.60692639036097,143.6794750107234,0.1715061414361723,0.25547461371815355,6.077848017372242,1.0201368570079296e-07,1.4439009523431675e-06,102013.68570079296,1443900.9523431675,17,computed,1e-08,False,False
2026-06-01T17:49:09,37,10,370010,"ARX(1,1)",-139.06350119357492,300.12700238714984,337.20402069655415,True,0,Optimization terminated successfully,0.5952414523220944,7.07331883454947,0.1742436562095472,0.5816782438798617,0.4129238076079586,0.1272030672310363,0.0146692979271358,0.1608591946645017,3361.1875079782094,98.84281027138903,0.6795569728086759,3.3901291689938096,12.025951877590085,1.0847189120434437,0.0002697933526714921,0.4113010339798576,0.1232746507793565,0.2112084560274757,0.8271582832806721,3.8464958069105317,9.12332111458073,5.698046337791147,,,,,-139.0635011934755,300.127002386951,337.2040206963553,-139.06350119357492,300.12700238714984,337.20402069655415,-9.941913958755322e-11,200.0,True,-150.0,False,0.87,True,True,True,True,True,eligible,0.5871674638175058,0.708881311110898,0.0146692979271358,0.18315502729202532,16737.427325196226,61.01048051116905,16737.427325196226,0.4427492558063912,0.5096693618758448,5.180386261872304,1.043302996211529e-07,1.414915191566779e-06,104330.29962115291,1414915.1915667788,18,computed,1e-08,False,False
2026-06-01T18:39:44,22,35,220035,"ARX(1,1)",-141.23200456320464,304.4640091264093,341.5410274358136,True,0,Optimization terminated successfully,2.407036669143059,1.530141050535928,0.8158585481450212,0.2834322463912452,0.0812792132640521,0.4687527347892294,0.0777036953676395,0.1844910576418,5528.4186349565625,1394.9992805640054,122.98417397249716,467.3143669682908,0.00783344548486622,0.167044358795963,0.008135051758746984,2.7705470200921056e-05,0.1747996298412791,0.2893283078225254,0.7801544527230279,1948.3088310896503,537.8246179995083,2790.260238160152,,,,,-141.23200456800782,304.46400913601565,341.54102744542,-141.23200456320464,304.4640091264093,341.5410274358136,4.803183628609986e-09,200.0,False,-150.0,False,0.87,True,True,True,True,True,eligible,0.8971377614090733,0.7521849811804746,0.0777036953676395,0.06661469567558079,146.68770468159096,127.26989962369929,146.68770468159096,0.17248415905409642,0.2713837888488805,5.21755970601539,1.1469086143450075e-07,1.4755830547068819e-06,114690.86143450075,1475583.0547068818,19,computed,1e-08,False,False
2026-06-01T18:17:53,10,20,100020,"ARX(1,1)",-141.69746014433272,305.39492028866545,342.47193859806976,True,0,Optimization terminated successfully,4.973751264632349,1.2808647362602177,0.7854577017542533,0.3646207098587078,0.0636022720708788,0.4442758724372832,0.069280041649522,0.186544089168746,2.565635494332545e-07,1.7191703978805555e-07,1.5458534875390838e-06,9.475313949413222e-07,1.8974605955332269e-06,2.1721930104945935e-06,1.8982311291714052e-06,1.9157309692184453e-06,-0.0002300576051743,0.2961925684998281,0.6578047975073115,2.241976711621368e-06,4.32612274953571e-06,8.760245637148097e-07,,,,,-141.6974601400855,305.394920280171,342.4719385895753,-141.69746014433272,305.39492028866545,342.47193859806976,-4.247226570441853e-09,200.0,False,-150.0,False,0.87,True,True,True,True,True,eligible,0.8490599738251321,0.808896582295991,0.069280041649522,0.06844505828133698,141.23386739973506,105.76834908475651,141.23386739973506,0.19145100238126533,0.28799968518486385,4.358484360662546,8.410355016505351e-08,1.4033295480001233e-06,84103.55016505352,1403329.5480001234,20,computed,1e-08,False,False
2026-06-01T18:54:03,34,2,340002,"ARX(2,1)",65.42586529821803,-106.85173059643606,-66.4040742589041,True,0,Optimization terminated successfully,4.300604227776891,8.63396548944289,0.8639144467099868,0.8713064926742159,0.083488721125919,0.0364443213276617,0.0241740822095335,0.0973508439924873,82.15280267779647,146.24302033534283,1.874033253649605e-06,0.00028100697977778515,1.7493610194458922e-06,4.108762576070819,0.0004918724120140523,3.585134210180299,-0.6406085103660984,0.5681061692044901,1.6282548011718334,42.16269047375458,1.0458814178043003,89.09595600405751,0.0659228089107821,45.71213714545186,,,65.42586457703904,-106.85172915407809,-66.40407281654612,65.42586529821803,-106.85173059643606,-66.4040742589041,7.211789920802403e-07,200.0,True,-150.0,False,0.87,True,True,True,True,True,eligible,0.9474031678359058,0.9077508140018776,0.0241740822095335,0.08433891797341525,2681.319148810681,140.79503273385845,2681.319148810681,0.6925651191149783,0.9028147798911075,2.9012668736305005,2.080276282673938e-07,3.523095921528258e-06,208027.62826739383,3523095.9215282584,1,computed,1e-08,False,False
2026-06-01T18:58:50,21,4,210004,"ARX(2,1)",-38.97870172001964,101.95740344003929,142.40505977757124,True,0,Optimization terminated successfully,3.446004263277263,3.489810262128557,0.4672514843805926,0.8544307208906381,0.3280178881686106,0.0157302424657404,0.0303747589780973,0.3755671343487749,18578.68140712137,205.98615404730978,9.556833244236325,14.104321872452134,19.961002933141778,54.40061808335045,0.0025725783210286384,24.900140876407562,-0.2955158617836416,0.1885051495366723,-0.0087476506057501,133.75907833853753,131.32409074977676,355.7876427656649,0.0157173818691336,122.61932460865795,,,-38.97870171997252,101.95740343994504,142.405059777477,-38.97870172001964,101.95740344003929,142.40505977757124,-4.7123194235609844e-11,200.0,True,-150.0,False,0.87,True,True,True,True,True,eligible,0.7952693725492033,0.8701609633563785,0.0303747589780973,0.4954194571027016,3879.8036392065983,26.877974084999483,3879.8036392065983,3.4468465650472084,3.7928608034037183,7.343046166605754,5.744780568546283e-07,5.1493395550555e-06,574478.0568546283,5149339.5550555,2,computed,1e-08,False,False
2026-06-01T19:16:20,34,11,340011,"ARX(2,1)",-66.76257901575758,157.52515803151516,197.97281436904711,True,0,Optimization terminated successfully,5.523491243932677,0.5705816567554309,0.817999499588274,0.0072859682472802,0.0476375494918629,0.6788137274505512,0.3144225126096741,0.0330059470709779,1.0201449954264477,45.16318955084265,0.16650295411490784,1.020134971538543,0.15611499695527337,0.16649348629419738,1.8279761402978212e-05,2.0622184227793546e-05,0.5884579923278834,0.4246592077657821,0.1220500131316863,0.164596700417899,0.15610504725046495,0.16459789091362856,0.2099577132901177,6.432091099324102e-07,,,-66.76257901573325,157.5251580314665,197.97281436899848,-66.76257901575758,157.52515803151516,197.97281436904711,-2.432898327242583e-11,200.0,True,-150.0,False,0.87,True,True,True,True,True,eligible,0.8656370490801369,0.6860996956978315,0.0330059470709779,0.5466823077964421,41.108737238340375,7029.672812945684,7029.672812945684,3.025091030257106,3.1451811524710394,11.252888416841156,1.9661603923929742e-07,1.8956305201280359e-06,196616.03923929745,1895630.520128036,3,computed,1e-08,False,False
2026-06-01T20:21:15,2,32,20032,"ARX(2,1)",-72.19022414870739,168.38044829741477,208.82810463494673,True,0,Optimization terminated successfully,2.891716876917167,5.914929675139899,0.957764310739016,0.2501950286527821,0.0127599146234447,0.2108818215074353,0.0409324388979478,0.1419881723146366,266.5463543043051,652.4867784531625,1.3945753446802152,60.95249959464555,4.334232155908966e-07,1.4322190194650697,2.7760303182677787e-05,2.8283113062319627,0.1331470464710147,0.3312878377808178,0.6716996395998786,12.361371527778823,18.647624263733743,106.92417649331914,0.1498775420907653,60.907104220768574,,,-72.19022414870324,168.38044829740647,208.82810463493843,-72.19022414870739,168.38044829741477,208.82810463494673,-4.149569576838985e-12,200.0,False,-150.0,False,0.87,True,True,True,True,True,eligible,0.9705242253624607,0.4610768501602174,0.0409324388979478,0.1240937433055424,178.01836381162636,112.1018467887217,178.01836381162636,0.29848046166147724,0.36303116602220425,2.558308555755745,1.1995397449599065e-07,1.5878838621888168e-06,119953.97449599065,1587883.8621888168,4,computed,1e-08,False,False
2026-06-01T18:53:34,8,1,80001,"ARX(2,1)",-92.52449040559416,209.04898081118833,249.49663714872028,True,0,Optimization terminated successfully,8.014244799864716,9.77747948428594,0.1811508693300116,0.2431778596649081,0.1006074801525563,0.5510705938530869,0.0220910797404815,0.196116101441668,14.971401008529035,20.934091919452992,6.575025024886834,6.895080660262221,0.05831573468552434,10.111357504692219,0.00013956086727954237,0.7526792458622916,0.212373578516194,0.2028635969938674,0.7222299331075448,6.955666681006885,9.978872343709643,5.398770601743032,0.0357182572283461,8.985222489151473,,,-92.5244904056016,209.0489808112032,249.4966371487352,-92.52449040559416,209.04898081118833,249.49663714872028,7.432277016050648e-12,200.0,True,-150.0,False,0.87,True,True,True,True,True,eligible,0.2817583494825679,0.794248453517995,0.0220910797404815,0.37996785213445367,1885.2535621640068,143.54147497019142,1885.2535621640068,0.5050648020472299,0.5674053504824892,6.440857596296866,1.0461739804769642e-07,1.4481801115552904e-06,104617.39804769642,1448180.1115552904,5,computed,1e-08,False,False
2026-06-01T19:27:36,6,17,60017,"ARX(2,1)",-97.17243872522386,218.3448774504477,258.79253378797966,True,0,Optimization terminated successfully,5.205102480446975,1.9307785092967948,0.6491522692343189,0.2271339087954731,0.0643616928221118,0.6392377638502029,0.0656982072596459,0.3414788276313216,1.9708180517378513,1.420002655089249,0.038417812318938226,0.19797958995759066,2.5189854106295013e-05,0.04901570447573567,2.3262987872258532e-05,0.014348548741655542,0.0454735346305233,-0.0599047273248006,1.1891934503934098,0.24780743768779018,0.16130859567916236,0.4326805531797517,0.1789124619590382,0.1720127127369166,,,-97.17243872919173,218.34487745838345,258.79253379591535,-97.17243872522386,218.3448774504477,258.79253378797966,3.967869588450412e-09,200.0,False,-150.0,False,0.87,True,True,True,True,True,eligible,0.7135139620564307,0.866371672645676,0.0656982072596459,0.2476103610858203,167.71973264091764,57.35279559767722,167.71973264091764,0.3608408216483747,0.4564050199442638,7.411703769140426,1.3223634670503884e-07,1.5037156567926432e-06,132236.34670503883,1503715.6567926432,6,computed,1e-08,False,False
2026-06-01T19:07:20,42,6,420006,"ARX(2,1)",-99.11111911311826,222.22223822623653,262.6698945637685,True,0,Optimization terminated successfully,0.6541701338379607,8.476222232812066,0.2210357425088491,0.9087024660806028,0.7354405851477596,0.0054295010860125,0.0326604212751066,0.0465818064147896,6713.329512422648,27.310450406078743,0.4384977507353587,1.1153703880202728,53.64966273677734,1.1153146761386536,0.0002739538980181149,3.1114032658351514,0.1692875914720898,0.3011628010172047,0.4781014557639153,13.321099591790452,51.05200111880659,38.822285770099334,0.1052442952377025,109.9142527010508,,,-99.1111191131132,222.2222382262264,262.6698945637584,-99.11111911311826,222.22223822623653,262.6698945637685,-5.059064278611913e-12,200.0,True,-150.0,False,0.87,True,True,True,True,True,eligible,0.9564763276566086,0.9141319671666153,0.0326604212751066,0.019090060639331496,6304.015998819176,121.11605643461917,6304.015998819176,0.20702532044232264,0.27460074403203516,6.987318975138666,9.327563003965486e-08,1.4812421900835501e-06,93275.63003965486,1481242.1900835503,7,computed,1e-08,False,False
2026-06-01T19:16:13,46,18,460018,"ARX(2,1)",-111.90824784430635,247.8164956886127,288.26415202614464,True,0,Optimization terminated successfully,0.000510431586028,8.92898730397813,0.4218385634388371,0.585679418322842,0.577931940652785,0.1185931475864175,0.1952123029166068,0.0857984062205818,0.0414766114380946,246.54268788220705,2.603864570779535,15.995233209718544,2.62066792019228,1.7511738061278894e-05,0.0010410415974394357,0.0009905989772759963,0.1105689847558292,0.4710746459017792,0.5301007614671495,73.64420158321512,165.9077675504704,75.34455793788989,0.0672572650608454,2.6213398634583673,,,-111.90824784165406,247.8164956833081,288.2641520208401,-111.90824784430635,247.8164956886127,288.26415202614464,-2.6522855023358716e-09,200.0,False,-150.0,False,0.87,True,True,True,True,True,eligible,0.999770504091622,0.7042725659092595,0.0857984062205818,0.06574899955449787,141.60918024054578,174.37957328129477,174.37957328129477,0.1711938561599254,0.27910042057359863,6.680092388483677,1.0778933330881347e-07,1.6426855381289601e-06,107789.33330881348,1642685.5381289602,8,computed,1e-08,False,False
2026-06-01T19:00:28,34,5,340005,"ARX(2,1)",-119.5047599074758,263.0095198149516,303.45717615248356,True,0,Optimization terminated successfully,3.560994248825962,0.0039013829006966,0.720758574865207,0.2712690429907979,0.0902902918653902,0.6959973113813092,0.0865834498535098,0.3091101443966347,0.01225291090340962,0.004427868944476784,0.17067629369743212,0.027352142711952753,0.06564834107320244,0.04291560919114571,0.027962952253282023,0.00509538144037202,0.1534456926684712,0.1654694504809781,0.4302682609778873,0.004433689781206255,0.004884008334001372,0.014120314383569699,0.2195613243045006,0.03457201207841918,,,-119.5047600344765,263.009520068953,303.45717640648496,-119.5047599074758,263.0095198149516,303.45717615248356,1.2700070328719448e-07,200.0,False,-150.0,False,0.87,True,True,True,True,True,eligible,0.8110488667305972,0.9672663543721071,0.0865834498535098,0.02706845701841325,132.14696464876442,69.1944618166896,132.14696464876442,0.1010807943154714,0.1979467530910292,7.602132591456876,8.918473344964065e-08,1.4890138824854606e-06,89184.73344964064,1489013.8824854607,9,computed,1e-08,False,False
2026-06-01T18:57:43,37,3,370003,"ARX(2,1)",-124.28611902288198,272.5722380457639,313.0198943832959,True,0,Optimization terminated successfully,0.486248834530601,0.0756465222462854,0.9776603530319368,0.0,0.0129102842501996,0.9157153309774,0.1288576718351732,0.0147470159459698,1.3785084088033985,536.4917658721805,0.0007698933633640345,11.082628729779197,1.3331141814815396e-06,52.494304005022144,0.000512960576128048,0.0006087562001903178,0.4248451932623375,0.2009633725992311,0.4406774321994583,0.28595292810719847,22.946637907010075,12.387043112826483,0.060366843277398,5.057441283491243,,,-124.28611902289671,272.5722380457934,313.0198943833254,-124.28611902288198,272.5722380457639,313.0198943832959,1.4736656339664478e-11,200.0,True,-150.0,False,0.87,True,True,True,True,True,eligible,0.9905706372821363,0.9157153309774,0.0147470159459698,0.00809027251225146,51.56751830210305,39804.15303101223,39804.15303101223,0.4467320663457394,0.6281222819535845,9.2429071655695,1.120292299476155e-07,1.4938252311133312e-06,112029.2299476155,1493825.2311133314,10,computed,1e-08,False,False
2026-06-01T19:11:41,42,8,420008,"ARX(2,1)",-130.59992974108357,285.19985948216714,325.6475158196991,True,0,Optimization terminated successfully,5.837181211771576,0.4422699677826847,0.7187633792944221,0.2006076037129019,0.0575782233353993,0.6946487978193716,0.0704291202181084,0.4123080793888845,7.034725771276315e-11,1.6572843813260016e-06,1.5919624813733003e-06,0.0012586939641240007,1.6032219485908347e-06,1.5884963279935424e-06,1.6504815527202667e-06,4.2487579465063197e-07,0.2410948438812777,0.1516680277492632,0.7046652546502591,1.5932163528860507e-06,0.0012588310840662559,1.5927403489795672e-06,0.1180792362380181,1.5945550188870818e-06,,,-130.59992974148122,285.19985948296244,325.6475158204944,-130.59992974108357,285.19985948216714,325.6475158196991,3.9764813664078247e-10,200.0,False,-150.0,False,0.87,True,True,True,True,True,eligible,0.7763416026298214,0.8952564015322735,0.0704291202181084,0.10413893106680801,137.835288111579,40.210053728171204,137.835288111579,0.2084997024225434,0.29165697388661743,7.519325797398228,1.1049982709244466e-07,1.500605968732053e-06,110499.82709244466,1500605.968732053,11,computed,1e-08,False,False
2026-06-01T19:50:21,41,33,410033,"ARX(2,1)",-140.02860002182462,304.05720004364923,344.5048563811812,True,0,Optimization terminated successfully,9.92328479779344,1.8000571037917414,0.5747516379891341,0.549253384355526,0.4126448593545616,0.0876792242139529,0.1589388195328925,0.0437490205086974,398.22444805680016,34.3563383486043,3.619507207579862,0.25332369197799454,1.4217598919201553,0.006721747476147843,0.26016291212455683,1.7916870283711195e-06,0.0848391594237531,0.3599721398950642,0.6294627371168396,1.1704023933095733,0.46923859133192497,0.22650996646831661,0.0182061570547059,0.7642256808037265,,,-140.02860002182274,304.0572000436455,344.50485638117743,-140.02860002182462,304.05720004364923,344.5048563811812,-1.8758328224066645e-12,200.0,True,-150.0,False,0.87,True,True,True,True,True,eligible,0.9873964973436957,0.6369326085694789,0.0437490205086974,0.25412280628220585,787.3434130495276,410.05500063405646,787.3434130495276,0.6035047376592293,0.7242979381786379,19.89900303376397,9.729993409319532e-08,1.4763669353509365e-06,97299.93409319532,1476366.9353509366,12,computed,1e-08,False,False
2026-06-01T19:57:11,43,29,430029,"ARX(2,1)",-140.71028584483358,305.42057168966716,345.8682280271991,True,0,Optimization terminated successfully,3.674166663835399,1.5113033359474786,0.7053681899322297,0.2814905953831981,0.0951152696697719,0.4887762283323458,0.0846565525828143,0.1888626512515606,382.9175348501535,1026.6606891822887,3.2974538261383004,161.3699273476683,0.00031837441493016847,3.066362306220308,0.00023848221725346162,0.0029209361721187223,0.1559902257062116,0.3070324042351716,0.5047074540725254,52.47409383185632,22.16400691520765,209.3097168671619,0.1666383166164789,95.04017884363789,,,-140.71028584670916,305.4205716934183,345.86822803095026,-140.71028584483358,305.42057168966716,345.8682280271991,1.875577027021791e-09,200.0,False,-150.0,False,0.87,True,True,True,True,True,eligible,0.8004834596020016,0.7702668237155439,0.0846565525828143,0.0802385988066421,146.01309401603606,134.95773752774585,146.01309401603606,0.17446316660183647,0.2543685733781283,5.8602578737083775,9.743211867827068e-08,1.5400026142898056e-06,97432.1186782707,1540002.6142898055,13,computed,1e-08,False,False
2026-06-01T19:57:52,8,28,80028,"ARX(2,1)",-142.44187593788467,308.88375187576935,349.3314082133013,True,0,Optimization terminated successfully,3.7800190536801175,6.935235171074612,0.5677248851816147,0.7772181826198546,0.2375543508030047,0.0862067983830625,0.0319486855316139,0.0831226784740912,41.80103302423865,100.09024564384208,11.088868780248754,0.0008047862494042423,11.02130085703615,8.17632722035429e-08,1.8125692066909233e-05,0.000795124445601998,-0.0097634357422772,0.6796938825300309,-0.0118099369471969,10.304164658109146,27.546351087423297,90.58401692447082,0.2297168545981905,7.236923753441065,,,-142.44187593788476,308.8837518757695,349.3314082133015,-142.44187593788467,308.88375187576935,349.3314082133013,8.526512829121202e-14,200.0,True,-150.0,False,0.87,True,True,True,True,True,eligible,0.8052792359846194,0.8634249810029171,0.0319486855316139,0.051776508349859716,2223.9060589832156,175.03506649071247,2223.9060589832156,0.23802594214486208,0.3589372566566394,3.372831607991757,1.0525575349892388e-07,2.02075026453588e-06,105255.75349892388,2020750.26453588,14,computed,1e-08,False,False
2026-06-01T20:12:58,49,40,490040,"ARX(2,1)",-145.4912740297988,314.9825480595976,355.43020439712956,True,0,Optimization terminated successfully,8.823623816585458,0.7479920792978751,0.4146174282576912,0.2710402806421788,0.1202201429252876,0.7289360631567733,0.0901158100230246,0.2411923565240536,103201.28263113258,116998.42336724624,641.8153454773566,4810.047380976027,49.03476103031041,4804.701581917811,152.61284048069695,910.584044489119,-0.0825720850796383,0.2242024912395711,0.5537389427411706,6200.809191438253,1926.1832297167641,1893.2621044416976,0.1709110625072608,283.3579349196077,,,-145.49127402954662,314.98254805909323,355.4302043966252,-145.4912740297988,314.9825480595976,355.43020439712956,-2.5218582777597476e-10,200.0,True,-150.0,False,0.87,True,True,True,True,True,eligible,0.5348375711829788,0.9999763437989521,0.0901158100230246,0.1151689131419298,143.5611686338317,31619.281463751333,31619.281463751333,0.185592288635521,0.30244220133736666,1839.5663088686272,9.34408027176525e-08,1.47410734107053e-06,93440.80271765249,1474107.3410705298,15,computed,1e-08,False,False
2026-06-01T19:40:52,8,21,80021,"ARX(2,1)",-149.60772760079064,323.2154552015813,363.66311153911323,True,0,Optimization terminated successfully,0.5262824372645548,2.92188979012336,0.8404128367861621,0.2140366922052376,0.0902342574062751,0.6579089068323853,0.1885400367013378,0.0051996943466537,218.6834480246612,13336.893873996452,48.875387377333844,8.269457749742544e-05,1.1208059200221756,61.08469013835585,14.936142217124601,0.004480267747319063,0.1090700903595067,0.5661392858348193,0.2810648511906679,1177.1039569890077,777.5451955780733,1743.5178007279064,0.0928055366257023,225.63567434801828,,,-149.6077276008063,323.2154552016126,363.66311153914455,-149.60772760079064,323.2154552015813,363.66311153911323,1.5660361896152608e-11,200.0,True,-150.0,False,0.87,True,True,True,True,True,eligible,0.9306470941924372,0.8719455990376229,0.0051996943466537,0.018786942208211695,31.366453607325987,220404.43624683845,220404.43624683845,0.13585341992074637,0.2744365340436389,7.016946331066975,1.0118091441328363e-07,1.7655588143825427e-06,101180.91441328362,1765558.8143825426,16,computed,1e-08,False,False
2026-06-01T20:06:19,27,33,270033,"ARX(2,1)",-150.9260651339367,325.8521302678734,366.29978660540536,True,0,Optimization terminated successfully,1.8933235450586847,4.471181604859297,0.4286511770659923,0.6548223776669135,0.416522483429293,0.0880766022178328,0.1997729861451139,0.0715063335426461,34.5549655919044,9.151124202270287,10.389262484227675,0.3881725227739468,0.57169477684154,0.43617657986121433,0.8875462219637423,0.3533303733219595,0.0442111931057067,0.5342625671134871,0.4224973946584129,0.6577430693010026,14.096092655611246,0.5110077411891091,0.0087049379509454,0.05821943956567999,,,-150.9260651311738,325.8521302623476,366.2997865998796,-150.9260651339367,325.8521302678734,366.29978660540536,-2.762902795439004e-09,200.0,False,-150.0,True,0.87,True,True,True,True,True,eligible,0.8451736604952853,0.7428989798847463,0.0715063335426461,0.09842296297748997,92.23118673699184,164.58294138563866,164.58294138563866,0.20215220498085845,0.2971476287313446,4.522415330654844,9.289251072519081e-08,1.6796558553334121e-06,92892.5107251908,1679655.8553334123,17,computed,1e-08,False,False
2026-06-01T19:50:52,4,33,40033,"ARX(2,1)",-152.54362592882458,329.08725185764916,369.5349081951811,True,0,Optimization terminated successfully,9.999976774163551,0.634077850674205,0.1081861375929169,0.1340672167536655,0.1475607585738612,0.8297240815512312,0.1065735581809691,0.2707682280952201,3.532293335098076,13.64596605528346,0.6089779557487583,0.5523163336888423,0.001422250372589284,0.08362092413610012,9.814920437692725e-06,0.001381613619670715,-0.065762184047545,0.4900988826342439,0.2349861100920504,1.9881276343522756,0.4524832929164202,1.1637616698296214,0.2887974891162341,1.2179752323719937,,,-152.54362592888612,329.08725185777223,369.5349081953042,-152.54362592882458,329.08725185764916,369.5349081951811,6.153300091682468e-11,200.0,False,-150.0,True,0.87,True,True,True,True,True,eligible,0.2557468961667781,0.9637912983048967,0.1065735581809691,0.16006666163342376,134.63280350251907,108.33129217604004,134.63280350251907,0.18160427750705296,0.2577356903975896,9.4715046870965,9.561086886620118e-08,1.8340624104701996e-06,95610.86886620118,1834062.4104701998,18,computed,1e-08,False,False
2026-06-01T20:29:48,14,36,140036,"ARX(2,1)",-153.04640929134104,330.09281858268207,370.540474920214,True,0,Optimization terminated successfully,3.3924962799392597,0.9225719788945576,0.5633912842957608,0.288734965310113,0.1546412893208074,0.6358465645698043,0.104102064507139,0.1962653863741458,26.051758775116237,12.267209572722603,2.0086432722703935,21.065509190561762,3.4568479844716533,10.310255934560477,0.15429796395416578,0.6353739943224255,0.1109682243317544,0.2577648755506126,0.4402574620516367,6.979699515114211,13.351216944197136,35.495428072208945,0.2182268834849206,37.75167297177054,,,-153.04640929612432,330.09281859224865,370.5404749297806,-153.04640929134104,330.09281858268207,370.540474920214,4.783288432008703e-09,200.0,False,-150.0,True,0.87,True,True,True,True,True,eligible,0.7180325736165682,0.9245815298799173,0.104102064507139,0.07230286245043369,147.2171992311347,159.84924055663515,159.84924055663515,0.13728287209584494,0.23957277343174888,7.7528371289088,9.178527480313041e-08,1.51913886575393e-06,91785.2748031304,1519138.8657539303,19,computed,1e-08,False,False
2026-06-01T20:20:18,14,32,140032,"ARX(2,1)",-156.03406995611456,336.0681399122291,376.5157962497611,True,0,Optimization terminated successfully,9.32710188626232,5.136996688801073,0.5507009646322565,0.5696009122664829,0.0772405536309983,0.2605259321692627,0.0195077183084969,0.3130791865535535,184.18515655881865,48.93692572595546,1.4389016156505792,3.893325915260946,0.011250042663462823,0.6920060574560905,0.00020234049558588506,0.2529106202809282,0.206510538404302,0.1386012786950145,1.0411395750749215,6.495281350725072,7.255928826824953,9.504504761255275,0.0087934064890679,2.3872253951616345,,,-156.034069956135,336.06813991227,376.515796249802,-156.03406995611456,336.0681399122291,376.5157962497611,2.043520908046048e-11,200.0,True,-150.0,True,0.87,True,True,True,True,True,eligible,0.6279415182632548,0.8301268444357456,0.0195077183084969,0.5070705443988602,1983.5258584592189,37.680068065924075,1983.5258584592189,1.1893330935087825,1.2795957352951033,4.448179550040661,1.472835242930792e-07,1.4856847781221155e-06,147283.5242930792,1485684.7781221156,20,computed,1e-08,False,False
2026-06-01T21:31:20,10,25,100025,"ARX(2,2)",-61.92518401451006,149.8503680290201,193.66866239467973,True,0,Optimization terminated successfully,5.013662638371227,2.92516511977363,0.9646146520553004,0.2492914647187185,0.0058095026962143,0.4250487161982814,0.0277119817068008,0.150844549769555,1783.8077500746303,456.3864246354365,41.41783317413508,76.21818862229534,41.93072279771319,48.69001500422108,1.9911326498027415,26.553304687967948,0.0732153220769071,0.369573377299304,0.0557877862252255,351.15796686883164,872.6351479651179,2400.6670809622906,0.2619270231144361,88.94723723530655,0.2791742935987748,1690.1710152620985,-61.92518401451062,149.85036802902124,193.66866239468084,-61.92518401451006,149.8503680290201,193.66866239467973,5.613287612504791e-13,200.0,True,-150.0,False,0.87,True,True,True,True,True,eligible,0.9704241547515147,0.6743401809169999,0.0277119817068008,0.0704096977965648,262.08515094186527,187.60728424180377,262.08515094186527,0.2108089778227855,0.27303818455609646,4.464018412059401,9.184546027492358e-08,1.6411113662287097e-06,91845.46027492358,1641111.3662287097,1,computed,1e-08,False,False
2026-06-01T21:09:50,26,19,260019,"ARX(2,2)",-66.3782460619237,158.7564921238474,202.574786489507,True,0,Optimization terminated successfully,7.273837176247081,3.133774026576444,0.5567104462696806,0.8839013483654155,0.3089445583605368,0.065642181794452,0.0284313912000165,0.265060495464093,1371.0614907745423,1470.1028462216955,4.628095149414213,56.86279289628369,13.326086781610554,48.89265940797818,0.0016236029056496866,8.199105367096038,0.2246815255204946,0.3880846983394234,-0.5094515715929422,7.455266376004791,5.100448578515025,12.692774901838593,0.1421888396086395,2.4675032169646256,0.9252157556345793,1.8819683016437232,-66.37824606192257,158.7564921238451,202.57478648950476,-66.3782460619237,158.7564921238474,202.574786489507,-1.1368683772161603e-12,200.0,True,-150.0,False,0.87,True,True,True,True,True,eligible,0.8656550046302174,0.9495435301598675,0.0284313912000165,0.22604953209438017,3813.8977505247617,62.108467685225826,3813.8977505247617,1.9413699192315514,2.124162620241981,5.728508295122557,1.089752411441547e-07,1.5779026160275348e-06,108975.2411441547,1577902.616027535,2,computed,1e-08,False,False
2026-06-01T20:35:50,24,7,240007,"ARX(2,2)",-79.90247858568662,185.80495717137325,229.62325153703284,True,0,Optimization terminated successfully,1.8733310130356096,8.360787544825923,0.3449757690136911,0.768672320219179,0.246582196083609,0.0295002438153263,0.1779333173196665,0.0474867573423346,178.66762673684627,1374.738673078815,61.28448102614717,34.38344092576853,42.43156055443556,0.08097333192575508,15.53411039046039,0.08069252141601552,0.25046007858369,0.3909596378851121,0.4025823633448575,13.696260290816065,207.70996273748872,312.5979586363017,0.1340681039461508,21.72450441743487,-0.1390466057529687,115.82591803694089,-79.90247858568915,185.8049571713783,229.6232515370379,-79.90247858568662,185.80495717137325,229.62325153703284,2.5295321393059567e-12,200.0,False,-150.0,False,0.87,True,True,True,True,True,eligible,0.5915579650973001,0.7981725640345053,0.0474867573423346,0.07816366713268956,76.87360344780932,168.01538553835405,168.01538553835405,0.17688719381224588,0.21860580190097006,2.812712059277056,9.468592916493445e-08,1.5706770513204803e-06,94685.92916493445,1570677.0513204804,3,computed,1e-08,False,False
2026-06-01T20:41:43,6,11,60011,"ARX(2,2)",-86.06876292730428,198.13752585460855,241.95582022026815,True,0,Optimization terminated successfully,6.830371739775691,9.134264325327544,0.7638046793675829,0.571019520959673,0.0172490825375617,0.2905308340558124,0.0252556080429494,0.1210146432225598,1606.8728727209777,5542.649255001358,2.129637715762192e-05,1.80902843616367e-05,0.0006631207183034743,105.1469112958836,0.0006457440407476679,0.0027149369443813867,-0.0803636832655323,0.2297540046512647,0.132233852594063,330.7865866760842,27.403982665975313,778.9196863712779,0.1525355902397734,4.100414712699455e-06,0.486495893841073,1521.4436160217424,-86.06876292731167,198.13752585462333,241.95582022028293,-86.06876292730428,198.13752585460855,241.95582022026815,7.389644451905042e-12,200.0,True,-150.0,False,0.87,True,True,True,True,True,eligible,0.7810537619051446,0.8615503550154855,0.0252556080429494,0.13812385817213105,280.2282665710074,196.80716875524308,280.2282665710074,0.33571666738205597,0.4153662870088053,3.060893623002365,8.37956249207711e-08,1.4463465748652444e-06,83795.6249207711,1446346.5748652443,4,computed,1e-08,False,False
2026-06-01T22:07:23,17,33,170033,"ARX(2,2)",-86.62574195420693,199.25148390841386,243.06977827407349,True,0,Optimization terminated successfully,1.2090986695803905,3.495884188977915e-05,0.9701621022302448,0.430335958856,0.018103364945716,0.5695851095831267,0.0448806861154475,0.4508016102375285,49934.412221814855,8272.357266600486,0.2180049653917129,8666.725597297978,1.8204000937615017,832.2735429064459,1.7285037452049887,2733.993148531184,0.4421130018424937,0.0815562860151004,-0.0005467258276759,16335.837200551823,23673.31240180358,89751.67728781044,0.155466029353724,22029.35108879346,0.4951837525881684,69925.20208182475,-86.62574195419683,199.25148390839365,243.06977827405325,-86.62574195420693,199.25148390841386,243.06977827407349,-1.0103917702508625e-11,200.0,False,-150.0,False,0.87,True,True,True,True,True,eligible,0.9882654671759608,0.9999210684391266,0.0448806861154475,0.0024425628240495674,177.45029560785056,28.601663497395855,177.45029560785056,0.14750487016666045,0.3132967004071255,6.169923753878887,1.2317708808917255e-07,1.534334428923382e-06,123177.08808917257,1534334.428923382,5,computed,1e-08,False,False
2026-06-01T20:09:33,46,4,460004,"ARX(2,2)",-91.42167743131387,208.84335486262773,252.66164922828733,True,0,Optimization terminated successfully,2.484071973398129,0.0018457578036577,0.7868021151738416,0.2493478714712489,0.0835553825661232,0.6973359269819479,0.0777624488714603,0.2968224632118531,2.128024280238233,52.5000030328312,14.14691185647167,11.703044418167021,0.6161139109095876,3.5555940735122533,0.08726558262783124,0.48479416658907915,0.3182884901652683,0.0798597599859023,0.2553989724993681,0.19472966506812778,6.6581362178490595,22.967472353734436,0.251466720464415,1.8450568863971226,-0.0296508252024861,7.0821242685274814,-91.42167742745669,208.84335485491331,252.6616492205729,-91.42167743131387,208.84335486262773,252.66164922828733,-3.857181241073704e-09,200.0,False,-150.0,False,0.87,True,True,True,True,True,eligible,0.8703574977399647,0.9466837984531968,0.0777624488714603,0.015183797244443693,154.1527107910865,76.73228393363986,154.1527107910865,0.08089934317319133,0.19704936659016598,7.692549710837142,9.16632217426245e-08,1.4929790670833615e-06,91663.2217426245,1492979.0670833616,6,computed,1e-08,False,False
2026-06-01T21:24:43,36,22,360022,"ARX(2,2)",-99.20175529916432,224.40351059832864,268.22180496398823,True,0,Optimization terminated successfully,7.650205556036431,1.0320904542911862,0.8434664058682473,0.2446551027958338,0.0589625148232232,0.7156657611315589,0.0396917400215069,0.1928510562164616,798.3476299697567,185.93191964701091,5.585461709116962,63.7215308073948,3.3882659090203704e-05,78.44267394332827,0.0021949147663991213,6.918621095242706,0.1278596239109818,0.3389843260420223,0.0403454487502932,23.555918557866367,17.99937698816716,139.02426017946857,0.1870702230826565,15.779239886151474,0.3485145312276591,112.15757975385338,-99.20175529916742,224.40351059833483,268.22180496399443,-99.20175529916432,224.40351059832864,268.22180496398823,3.097966327914037e-12,200.0,True,-150.0,False,0.87,True,True,True,True,True,eligible,0.9024289206914705,0.9603208639273927,0.0396917400215069,0.05043741864197742,445.0527930083618,184.23326305116674,445.0527930083618,0.13984012304586943,0.2563888075715116,7.553068310811635,9.100653525400694e-08,1.5286122101283567e-06,91006.53525400694,1528612.2101283567,7,computed,1e-08,False,False
2026-06-01T21:21:58,39,27,390027,"ARX(2,2)",-102.5473087098478,231.0946174196956,274.9129117853552,True,0,Optimization terminated successfully,7.461907097262597,0.9055455836529948,0.7430108101954831,0.4198178257885233,0.1385431008716514,0.3062783490329375,0.0679513183089494,0.009202639270576,536.5786024318152,3818.5712960212077,23.23945728629858,13.900836142170549,22.58846217143699,15.948025665615278,4.152514707832254,0.006185658084462098,0.204761796691437,0.4751797156976016,0.1456205555099342,169.30026138563613,178.64889845726788,1214.5187917223911,-0.0115417738430089,64.56032566695689,0.1857512584107031,1179.041758228682,-102.54730870985505,231.0946174197101,274.91291178536966,-102.5473087098478,231.0946174196956,274.9129117853552,7.247535904753022e-12,200.0,True,-150.0,False,0.87,True,True,True,True,True,eligible,0.8815539110671344,0.7260961748214607,0.009202639270576,0.034531162339095034,302.5009661378382,31151.465435620416,31151.465435620416,0.14565083156888758,0.25208553640491316,4.034935460107073,9.581479830565064e-08,1.5860457857383719e-06,95814.79830565065,1586045.7857383718,8,computed,1e-08,False,False
2026-06-01T20:53:23,20,14,200014,"ARX(2,2)",-117.58577899525305,261.17155799050613,304.9898523561657,True,0,Optimization terminated successfully,0.2583190120330396,1.1330044287501182,0.8019171883561745,0.0036244315648978,0.1133666252732204,0.9476712280993042,0.0448195543500079,0.2273789107530853,960.0221835088156,839.6371486103365,49.40063610196917,146.12427518579176,3.1757237464993553,72.04443617117286,9.434914942484086e-05,2.1734803774411793,0.0399143042828819,0.4451041912197567,-0.1256166934238203,43.264479673938766,145.17539596138968,50.35953291036136,0.245302162060429,16.50679903415334,0.4559367401445729,210.61509662269518,-117.5857789978777,261.1715579957554,304.989852361415,-117.58577899525305,261.17155799050613,304.9898523561657,2.6246453899148037e-09,200.0,True,-150.0,False,0.87,True,True,True,True,True,eligible,0.9152838136293949,0.9512956596642019,0.0448195543500079,0.05909656279278212,597.2459949013947,178.67666190191326,597.2459949013947,0.0694748626737498,0.1992348890847887,10.43753554984504,9.44398068079507e-08,1.6870023819996155e-06,94439.8068079507,1687002.3819996156,9,computed,1e-08,False,False
2026-06-01T21:01:15,11,14,110014,"ARX(2,2)",-120.04524509777795,266.0904901955559,309.9087845612155,True,0,Optimization terminated successfully,4.7578031115546455,2.685688202880616,0.9246300938902886,0.4284051400800333,0.0210601693725541,0.4515600976689169,0.0357463622973392,0.1235994602548853,314.84436495154176,1308.8035450131408,3.0696425082037e-07,39.4466847090981,0.004390498997790371,17.352789029525127,0.0008803731214854118,0.006461821002588149,0.1317031033918907,0.3402333702186406,0.3817208431597556,57.24596032041935,79.26149404359667,1158.552385006827,0.1775916714343887,206.3361924773189,0.0713379443817288,780.1624383877578,-120.04524509777572,266.09049019555147,309.90878456121106,-120.04524509777795,266.0904901955559,309.9087845612155,-2.2311041902867146e-12,200.0,True,-150.0,False,0.87,True,True,True,True,True,eligible,0.9456902632628427,0.8799652377489502,0.0357463622973392,0.04710832522863203,265.2263204544298,291.81905477561287,291.81905477561287,0.17159856548482555,0.2687822216391649,4.796975924634055,9.472963848336709e-08,1.544237654879469e-06,94729.63848336709,1544237.654879469,10,computed,1e-08,False,False
2026-06-01T21:22:25,50,26,500026,"ARX(2,2)",-123.9817733134825,273.963546626965,317.7818409926246,True,0,Optimization terminated successfully,1.592440922056812,9.774679005079914,0.1246327515611176,6.134017976767734e-10,0.0907705747498215,0.4502395581156704,0.0358596386276714,0.1646500338685103,200.11610265629628,356.7033934876914,369.3353128338733,100.43742159460729,6.99349015160954,31.28792539485468,0.0015691945080424509,11.55542519809854,-0.0412144539094555,0.521026695707207,-0.4704869804609616,231.0289410925914,88.14064070965563,285.46318819667704,0.2964230273679232,40.95457178724378,0.7533602425473652,663.7373915478613,-123.98177330284906,273.9635466056981,317.7818409713577,-123.9817733134825,273.963546626965,317.7818409926246,-1.0633442570906482e-08,200.0,True,-150.0,False,0.87,True,True,True,True,True,eligible,0.2154033263109391,0.4502395587290722,0.0358596386276714,0.26703570847268226,698.742147800105,173.13604493577648,698.742147800105,0.267378694325005,0.2927284936391105,5.5921768387218185,9.557769170491945e-08,1.8205380174830647e-06,95577.69170491945,1820538.0174830647,11,computed,1e-08,False,False
2026-06-01T21:00:06,25,19,250019,"ARX(2,2)",-130.88427679934674,287.7685535986935,331.58684796435307,True,0,Optimization terminated successfully,1.5900274524863889,0.0212018464737099,0.6050484954750899,0.0017235795338037,0.1189816751560319,0.9980460380531808,0.0941906021593519,0.4110921811687179,13.575696652874491,53.501320199113074,0.0004934914126564948,207.45456873257788,0.03152484963646826,205.78339304654725,0.03153739493335646,0.03159659901686947,0.2458203772290534,0.151641194189596,-1.0610838793264037,0.031631087019588895,501.8099515886013,1550.5865060762696,0.383663562105931,0.031600278831490025,1.3320504335012144,1254.5755129072313,-130.8842768005724,287.7685536011448,331.5868479668044,-130.88427679934674,287.7685535986935,331.58684796435307,1.2256577974767424e-09,200.0,False,-150.0,False,0.87,True,True,True,True,True,eligible,0.7240301706311217,0.9997696175869846,0.0941906021593519,0.017689559929929027,150.49883083191506,92.028927886479,150.49883083191506,0.04477458906171432,0.13818133982706324,15.603708763511024,9.668969794371774e-08,1.6188759439106773e-06,96689.69794371774,1618875.9439106772,12,computed,1e-08,False,False
2026-06-01T20:30:13,30,9,300009,"ARX(2,2)",-135.46816732347892,296.93633464695785,340.75462901261744,True,0,Optimization terminated successfully,7.408858024651673,1.2271791437184476,0.372786387042195,0.1995235574251105,0.1614946208881038,0.7308290029372182,0.0956925458181613,0.198162050859871,155.12648800208373,118.30762436143304,9.034663212811315,59.97576765830589,0.0002825202513360475,4.941136658628638,0.027687003966638934,0.027673741771156942,0.105933686422761,0.3361506687499019,0.0043570878366874,332.5774158595817,128.28117212639214,1044.0627377522862,0.1919211927590056,33.57294134938071,0.3945224590272246,436.7376620841388,-135.46816732230997,296.93633464461993,340.7546290102796,-135.46816732347892,296.93633464695785,340.75462901261744,-1.1689564871630864e-09,200.0,False,-150.0,False,0.87,True,True,True,True,True,eligible,0.5342810079302989,0.9303525603623287,0.0956925458181613,0.11603249618795503,179.6622973311906,177.36408916509578,179.6622973311906,0.17000603703819092,0.2548873411069194,8.609947276351477,9.02314648094421e-08,1.5241651498377826e-06,90231.4648094421,1524165.1498377826,13,computed,1e-08,False,False
2026-06-01T21:07:03,50,20,500020,"ARX(2,2)",-139.41838236079155,304.8367647215831,348.6550590872427,True,0,Optimization terminated successfully,3.8831590283898687,0.1651066512995058,0.7124393184077481,0.2081909702115883,0.094712217411827,0.7823836614502867,0.0793534792157835,0.3098821412402101,5.035745485873112,1.2333240964297971,0.279490144012828,0.6254087335383832,0.08666922007590608,0.6357173578063079,0.03168034571384015,0.1089014646318859,0.210606692870194,-0.0088341046969381,0.0509406691844482,0.4474013539678303,0.44250680059725717,1.0737299198954426,0.2929167080418129,0.2613889544909959,0.059934368309572,0.5565906608779896,-139.41838236069668,304.83676472139337,348.65505908705296,-139.41838236079155,304.8367647215831,348.6550590872427,-9.487166607868858e-11,200.0,False,-150.0,False,0.87,True,True,True,True,True,eligible,0.8071515358195751,0.990574631661875,0.0793534792157835,0.040306840755625045,157.83132356293174,73.67239062178537,157.83132356293174,0.11357050624263354,0.28589210146520383,8.06839418703435,1.35438454667185e-07,2.1709447131951697e-06,135438.45466718503,2170944.7131951693,14,computed,1e-08,False,False
2026-06-01T21:17:32,15,22,150022,"ARX(2,2)",-144.33250359286973,314.66500718573946,358.48330155139905,True,0,Optimization terminated successfully,8.181203798127555,4.707459527540539,0.7864657158096999,0.8174343157553371,0.0216918029523878,0.0195378807500302,0.0279180849654336,0.3417357481930119,8515.909354476404,674.2126673110541,53.33340435874914,27.82622168077233,0.013817305463039243,5.022689535922467,0.01607022176751689,2.344235069559461,-0.1386204190713688,0.1235772215701497,0.1207757584987339,59.413673586803924,223.89699492538503,1838.977193011795,0.0322399292104434,314.4178905536608,-0.8864549298747005,1018.1576997132076,-144.33250359286774,314.6650071857355,358.4833015513951,-144.33250359286973,314.66500718573946,358.48330155139905,-1.9895196601282805e-12,200.0,True,-150.0,False,0.87,True,True,True,True,True,eligible,0.8081575187620877,0.8369721965053672,0.0279180849654336,0.5561293494040342,1204.1397895824887,33.512508972733194,1204.1397895824887,3.091942447741566,3.2820319467395667,4.852232107111447,8.933787878054746e-07,1.2699064699993765e-05,893378.7878054745,12699064.699993767,15,computed,1e-08,False,False
2026-06-01T22:01:58,9,40,90040,"ARX(2,2)",-144.84935781475582,315.69871562951164,359.51700999517124,True,0,Optimization terminated successfully,5.407234253964383,5.926176212255582,0.3867336569495914,0.7682247815610556,0.5360912038188131,0.1602610704306872,0.02872715390366,0.0773527425191144,950.1118499766469,4055.0006852983997,133.069726361932,116.89217151604447,8.990208474843538,328.6915839012483,3.858499760125289e-06,16.185136242136323,-0.3748649684361773,0.0056364217597449,1.3999500532606537,716.2290468564331,78.56393120841537,5134.96046611615,0.0663325802714041,123.31215207431318,-0.115859678914912,3857.138811522331,-144.84935781474644,315.6987156294929,359.5170099951525,-144.84935781475582,315.69871562951164,359.51700999517124,-9.379164112033322e-12,200.0,True,-150.0,False,0.87,True,True,True,True,True,eligible,0.9228248607684045,0.9284858519917427,0.02872715390366,0.03992127661577733,5157.926555601871,262.05987795099367,5157.926555601871,0.17755914027930653,0.3834857300904686,5.824596979403996,1.0667551106524445e-07,1.4296353368670544e-06,106675.51106524446,1429635.3368670545,16,computed,1e-08,False,False
2026-06-01T20:30:01,29,3,290003,"ARX(2,2)",-148.09331871612562,322.18663743225125,366.00493179791084,True,0,Optimization terminated successfully,1.6816010031602486,2.360659697088507,0.229625015214737,0.7410876243398887,0.475139226101764,0.0980443697272963,0.2002784987496906,0.0796576614047294,2.103789474488128,0.5250858330457576,0.08675065874853924,0.04292989709133563,0.011336728967416772,0.0010120065916206322,0.0010147933280887512,6.14587696936301e-06,-0.1037527920162046,0.5208830743556269,-0.7570887147271679,0.7689997949264052,0.14973273312999957,3.6903065621509477,0.035450352591527,0.4739590761794849,1.1314223407575337,3.340415251857579,-148.09331871628513,322.18663743257025,366.00493179822985,-148.09331871612562,322.18663743225125,366.00493179791084,1.595026333234273e-10,200.0,False,-150.0,False,0.87,True,True,True,True,True,eligible,0.704764241316501,0.8391319940671851,0.0796576614047294,0.08243069559736627,94.54495322591087,140.3943259026792,140.3943259026792,0.15277375202212096,0.26857025398452794,4.683187878575307,9.672914623095935e-08,1.6553401909689978e-06,96729.14623095935,1655340.1909689978,17,computed,1e-08,False,False
2026-06-01T20:47:24,24,12,240012,"ARX(2,2)",-153.3210416627716,332.6420833255432,376.4603776912028,True,0,Optimization terminated successfully,4.3913826020121896,0.0006561656606686,0.7058070739759175,0.1641143253478591,0.106507530468567,0.8357485149248158,0.0909488717567785,0.3477966691704716,1031.8197223625962,0.09983461953076238,19.920481811818625,5.597523828705994,0.0010814048893787406,5.615414703196816,0.001105861383603055,9.311124708673971e-08,0.0712336452373446,0.2859019378049361,0.4196065858359972,18.94307943261897,31.027527132352823,141.11566027233383,0.1260086082929658,1.033113162063973,0.1335061736450883,267.67714672680677,-153.32104166279365,332.6420833255873,376.4603776912469,-153.3210416627716,332.6420833255432,376.4603776912028,2.205524651799351e-11,200.0,False,-150.0,True,0.87,True,True,True,True,True,eligible,0.8123146044444844,0.9998628402726749,0.0909488717567785,0.03640355895128977,136.71902480773912,62.27664114381281,136.71902480773912,0.12882133222322004,0.23088981620715454,8.664038026864633,8.856068479673036e-08,1.4697060717956477e-06,88560.68479673036,1469706.0717956475,18,computed,1e-08,False,False
2026-06-01T21:28:28,18,25,180025,"ARX(2,2)",-154.52464754398542,335.04929508797085,378.86758945363044,True,0,Optimization terminated successfully,9.95003810750009,0.0001016571571508,0.774762916736075,0.2620085104027782,0.0797051620337562,0.7379717970297401,0.0516854224585043,0.2008739261625634,314.0593424040978,0.3551920766590276,8.185620086633207,0.6260332780843226,0.396929854251741,0.5889014570188148,0.0002427953320190346,0.4029985755621211,0.1110316527278029,0.3193107900469359,0.1597882842193099,200.37952494830932,11.942187465862052,59.009461521106594,0.1909550521352365,249.51198049896428,0.2625569460827059,19.109283254665197,-154.5246475439848,335.0492950879696,378.8675894536292,-154.52464754398542,335.04929508797085,378.86758945363044,-6.252776074688882e-13,200.0,True,-150.0,True,0.87,True,True,True,True,True,eligible,0.8544680787698312,0.9999803074325184,0.0516854224585043,0.026584463502394875,345.58716314002754,173.7301596332567,345.58716314002754,0.12805610550200433,0.23662560517761924,7.933265640144613,9.147800654091442e-08,1.5225820400466452e-06,91478.00654091443,1522582.0400466453,19,computed,1e-08,False,False
2026-06-01T21:24:08,31,28,310028,"ARX(2,2)",-158.35121787352944,342.70243574705887,386.52073011271847,True,0,Optimization terminated successfully,0.9260100264813927,1.7802019214247125e-06,0.9941400077941406,0.329279377220561,1.0801479606011251e-08,0.670719526599756,0.0255736848174545,0.1761032707145692,0.0002474467950642011,1.4225662730027625e-05,1.3155516290846032e-05,1.6785631297803353e-05,1.206509541181427e-05,1.6785840750097945e-05,0.0011785173952492797,0.013586579911035382,0.0817758800936807,0.3084940409705163,0.3512070835946717,0.0953874762526633,0.07471893869813237,0.14402043841042994,0.18302025460674,0.11648216857121399,0.1139417068281883,0.001200876495901919,-158.3512178735262,342.7024357470524,386.520730112712,-158.35121787352944,342.70243574705887,386.52073011271847,-3.240074875066057e-12,200.0,True,-150.0,True,0.87,True,True,True,True,True,eligible,0.9941400185956202,0.999998903820317,0.0255736848174545,0.0006056781325810362,158.0229497784406,203.71142406691538,203.71142406691538,0.10466836997628703,0.17642246038290912,6.420921525322773,9.083483715189352e-08,1.5109928864031572e-06,90834.83715189352,1510992.8864031571,20,computed,1e-08,False,False
