timestamp,seed,draw,random_state,mean_type,loglik,AIC,BIC,success,status,message,param_shape_p,param_shape_n,param_sigma_p,param_sigma_n,se_shape_p,se_shape_n,se_sigma_p,se_sigma_n,param_c,param_rho_1,param_phi_1,se_c,se_rho_1,se_phi_1,param_rho_2,se_rho_2,param_phi_2,se_phi_2,selection_eligible,selection_reason,selection_bounds_ok,selection_mean_stationary,selection_loglik_upper_threshold,selection_loglik_plausible,selection_implied_variance_bounds_ok,selection_cond_var_min,selection_cond_var_median,selection_cond_var_max,selection_cond_var_lower_min,selection_cond_var_lower_max,selection_cond_var_upper_min,selection_cond_var_upper_max,rank,se_message,se_hessian_ridge,se_used_pseudoinverse,se_used_opg_fallback
2026-06-01T16:33:45,46,11,460011,constant,-199.8438794468315,407.6877588936629,421.1703110061736,True,0,CONVERGENCE: REL_REDUCTION_OF_F_<=_FACTR*EPSMCH,2.675902499333652,0.1859736921516376,0.2982610577054227,1.5725315490444909,0.6149307836746803,0.11908086696126204,0.04991657696667024,0.9320970298234836,,,,,,,,,,,True,eligible,True,True,-150.0,True,True,0.6979334350594643,0.6979334350594643,0.6979334350594643,8.679283097964063e-08,1.350005585272172e-06,86792.83097964064,1350005.585272172,1,computed,1e-08,False,False
2026-06-01T16:32:47,8,9,80009,constant,-199.8438794473616,407.6877588947232,421.1703110072338,True,0,CONVERGENCE: REL_REDUCTION_OF_F_<=_FACTR*EPSMCH,2.675907193985152,0.1859749823908999,0.298259768899888,1.572518868912936,0.6262160957951595,0.11869985083934856,0.05069238620123554,0.9285281036419097,,,,,,,,,,,True,eligible,True,True,-150.0,True,True,0.697927569415814,0.697927569415814,0.697927569415814,8.679283097964063e-08,1.350005585272172e-06,86792.83097964064,1350005.585272172,2,computed,1e-08,False,False
2026-06-01T16:41:51,36,27,360027,constant,-199.84387944797857,407.68775889595713,421.17031100846776,True,0,CONVERGENCE: REL_REDUCTION_OF_F_<=_FACTR*EPSMCH,2.675858751531415,0.1859701773567156,0.2982633126823455,1.5725535845775431,0.6344089022536645,0.11922995951224093,0.051234600651165536,0.9327994619750029,,,,,,,,,,,True,eligible,True,True,-150.0,True,True,0.6979373395258304,0.6979373395258304,0.6979373395258304,8.679283097964063e-08,1.350005585272172e-06,86792.83097964064,1350005.585272172,3,computed,1e-08,False,False
2026-06-01T16:41:54,18,27,180027,constant,-199.8438794480161,407.6877588960323,421.1703110085429,True,0,CONVERGENCE: REL_REDUCTION_OF_F_<=_FACTR*EPSMCH,2.675954358271581,0.1859705905461445,0.2982573256352216,1.5725529511301937,0.6236679205981838,0.1180463806274271,0.05039188004763676,0.9241969998768559,,,,,,,,,,,True,eligible,True,True,-150.0,True,True,0.6979369391862869,0.6979369391862869,0.6979369391862869,8.679283097964063e-08,1.350005585272172e-06,86792.83097964064,1350005.585272172,4,computed,1e-08,False,False
2026-06-01T16:32:03,1,8,10008,constant,-199.8438794485288,407.6877588970576,421.1703110095682,True,0,CONVERGENCE: REL_REDUCTION_OF_F_<=_FACTR*EPSMCH,2.67593878717343,0.1859709987592324,0.2982572455843043,1.5725487169696224,0.6376478228356266,0.11873389859394828,0.05141596166990665,0.9285232551911643,,,,,,,,,,,True,eligible,True,True,-150.0,True,True,0.6979339591698559,0.6979339591698559,0.6979339591698559,8.679283097964063e-08,1.350005585272172e-06,86792.83097964064,1350005.585272172,5,computed,1e-08,False,False
2026-06-01T16:32:51,11,9,110009,constant,-199.84387944855573,407.68775889711145,421.1703110096221,True,0,CONVERGENCE: REL_REDUCTION_OF_F_<=_FACTR*EPSMCH,2.675860784758473,0.1859679419823367,0.2982642378931862,1.57258018200361,0.6311420656462209,0.1191252992922667,0.05122527609515322,0.9308905635271488,,,,,,,,,,,True,eligible,True,True,-150.0,True,True,0.6979490260117955,0.6979490260117955,0.6979490260117955,8.679283097964063e-08,1.350005585272172e-06,86792.83097964064,1350005.585272172,6,computed,1e-08,False,False
2026-06-01T16:46:22,27,34,270034,constant,-199.84387944867444,407.6877588973489,421.1703110098595,True,0,CONVERGENCE: REL_REDUCTION_OF_F_<=_FACTR*EPSMCH,2.675891539836207,0.185963788659102,0.2982620334133901,1.572608684447783,0.6671771114715865,0.11933612835470013,0.053163032371988064,0.933806660112188,,,,,,,,,,,True,eligible,True,True,-150.0,True,True,0.6979546427798811,0.6979546427798811,0.6979546427798811,8.679283097964063e-08,1.350005585272172e-06,86792.83097964064,1350005.585272172,7,computed,1e-08,False,False
2026-06-01T16:35:26,4,14,40014,constant,-199.84387944869889,407.68775889739777,421.1703110099084,True,0,CONVERGENCE: REL_REDUCTION_OF_F_<=_FACTR*EPSMCH,2.675909593236625,0.1859741697116521,0.2982597004837896,1.5725385913819645,0.6398605252045267,0.11828628804492945,0.051562933047010984,0.924956816058997,,,,,,,,,,,True,eligible,True,True,-150.0,True,True,0.6979371996979529,0.6979371996979529,0.6979371996979529,8.679283097964063e-08,1.350005585272172e-06,86792.83097964064,1350005.585272172,8,computed,1e-08,False,False
2026-06-01T16:47:20,23,36,230036,constant,-199.8438794489361,407.6877588978721,421.1703110103828,True,0,CONVERGENCE: REL_REDUCTION_OF_F_<=_FACTR*EPSMCH,2.6759514500495447,0.185974221379843,0.2982567929115438,1.5725323217211529,0.6432907497597673,0.11782121486975884,0.05169866004189466,0.9213855136868783,,,,,,,,,,,True,eligible,True,True,-150.0,True,True,0.697932742653299,0.697932742653299,0.697932742653299,8.679283097964063e-08,1.350005585272172e-06,86792.83097964064,1350005.585272172,9,computed,1e-08,False,False
2026-06-01T16:49:15,15,39,150039,constant,-199.84387944899836,407.6877588979967,421.1703110105073,True,0,CONVERGENCE: REL_REDUCTION_OF_F_<=_FACTR*EPSMCH,2.6759558665722545,0.1859724934397505,0.2982572724739724,1.5725520318526605,0.6444739915514912,0.11817497001441198,0.05182486755373002,0.9243633956861452,,,,,,,,,,,True,eligible,True,True,-150.0,True,True,0.6979411565231237,0.6979411565231237,0.6979411565231237,8.679283097964063e-08,1.350005585272172e-06,86792.83097964064,1350005.585272172,10,computed,1e-08,False,False
2026-06-01T16:36:39,12,17,120017,constant,-199.84387944912683,407.68775889825366,421.1703110107643,True,0,CONVERGENCE: REL_REDUCTION_OF_F_<=_FACTR*EPSMCH,2.675955269816306,0.1859667401333952,0.2982573765159728,1.572588837486162,0.6359698949270248,0.11894138735347509,0.051267137568216735,0.9306175709311039,,,,,,,,,,,True,eligible,True,True,-150.0,True,True,0.6979485693538847,0.6979485693538847,0.6979485693538847,8.679283097964063e-08,1.350005585272172e-06,86792.83097964064,1350005.585272172,11,computed,1e-08,False,False
2026-06-01T16:48:03,46,38,460038,constant,-199.84387944915107,407.68775889830215,421.1703110108128,True,0,CONVERGENCE: REL_REDUCTION_OF_F_<=_FACTR*EPSMCH,2.6759092745724606,0.1859658089408801,0.2982596101374538,1.5725918382555684,0.6317683723179641,0.11886715320211746,0.0510000288045142,0.9301451677988347,,,,,,,,,,,True,eligible,True,True,-150.0,True,True,0.6979474953628397,0.6979474953628397,0.6979474953628397,8.679283097964063e-08,1.350005585272172e-06,86792.83097964064,1350005.585272172,12,computed,1e-08,False,False
2026-06-01T16:41:27,31,27,310027,constant,-199.8438794492099,407.6877588984198,421.1703110109305,True,0,CONVERGENCE: REL_REDUCTION_OF_F_<=_FACTR*EPSMCH,2.675880199268416,0.1859678818193738,0.2982617958396724,1.5725821248472998,0.6161258862386834,0.11793257706451951,0.04998728613980479,0.9226872795721666,,,,,,,,,,,True,eligible,True,True,-150.0,True,True,0.6979478426564951,0.6979478426564951,0.6979478426564951,8.679283097964063e-08,1.350005585272172e-06,86792.83097964064,1350005.585272172,13,computed,1e-08,False,False
2026-06-01T16:28:18,3,1,30001,constant,-199.84387944937197,407.6877588987439,421.1703110112545,True,0,CONVERGENCE: REL_REDUCTION_OF_F_<=_FACTR*EPSMCH,2.675885667138433,0.1859638281587753,0.298261500602766,1.5725962628486263,0.6738369676443081,0.11809053065868595,0.053636210146314624,0.9232068786906675,,,,,,,,,,,True,eligible,True,True,-150.0,True,True,0.6979461022189968,0.6979461022189968,0.6979461022189968,8.679283097964063e-08,1.350005585272172e-06,86792.83097964064,1350005.585272172,14,computed,1e-08,False,False
2026-06-01T16:41:08,13,26,130026,constant,-199.84387944948435,407.6877588989687,421.1703110114793,True,0,CONVERGENCE: REL_REDUCTION_OF_F_<=_FACTR*EPSMCH,2.6759184465539283,0.1859780432307842,0.2982595033344655,1.5725080336712551,0.6170556472946669,0.11722152616353422,0.04998199009497601,0.9173368932824917,,,,,,,,,,,True,eligible,True,True,-150.0,True,True,0.6979293778217792,0.6979293778217792,0.6979293778217792,8.679283097964063e-08,1.350005585272172e-06,86792.83097964064,1350005.585272172,15,computed,1e-08,False,False
2026-06-01T16:45:19,28,32,280032,constant,-199.84387945047345,407.6877589009469,421.1703110134575,True,0,CONVERGENCE: REL_REDUCTION_OF_F_<=_FACTR*EPSMCH,2.675878177848076,0.1859744727514399,0.2982635799702547,1.5725316123681026,0.6787953631439533,0.1190947679740565,0.05415501730215264,0.9298961859214201,,,,,,,,,,,True,eligible,True,True,-150.0,True,True,0.6979372648848614,0.6979372648848614,0.6979372648848614,8.679283097964063e-08,1.350005585272172e-06,86792.83097964064,1350005.585272172,16,computed,1e-08,False,False
2026-06-01T16:43:26,14,29,140029,constant,-199.84387945053288,407.68775890106576,421.1703110135764,True,0,CONVERGENCE: REL_REDUCTION_OF_F_<=_FACTR*EPSMCH,2.6759707250106377,0.1859722268804394,0.2982562428244704,1.5725379298473456,0.6385460669539358,0.11840585450438845,0.05143759083227195,0.9262193339879046,,,,,,,,,,,True,eligible,True,True,-150.0,True,True,0.6979319272763336,0.6979319272763336,0.6979319272763336,8.679283097964063e-08,1.350005585272172e-06,86792.83097964064,1350005.585272172,17,computed,1e-08,False,False
2026-06-01T16:41:50,33,27,330027,constant,-199.8438794509106,407.6877589018212,421.17031101433184,True,0,CONVERGENCE: REL_REDUCTION_OF_F_<=_FACTR*EPSMCH,2.675982271281088,0.1859703734737148,0.2982555966735079,1.572560808982579,0.6754851813081206,0.11931330203462484,0.05378115647208752,0.9330319459524795,,,,,,,,,,,True,eligible,True,True,-150.0,True,True,0.6979407216255997,0.6979407216255997,0.6979407216255997,8.679283097964063e-08,1.350005585272172e-06,86792.83097964064,1350005.585272172,18,computed,1e-08,False,False
2026-06-01T16:45:17,26,33,260033,constant,-199.8438794510326,407.6877589020652,421.1703110145758,True,0,CONVERGENCE: REL_REDUCTION_OF_F_<=_FACTR*EPSMCH,2.6759453017049,0.185973946039249,0.2982563264895718,1.5725276241376125,0.6741969141518005,0.11991762610268791,0.05390060078094393,0.9367005235261276,,,,,,,,,,,True,eligible,True,True,-150.0,True,True,0.6979280227034745,0.6979280227034745,0.6979280227034745,8.679283097964063e-08,1.350005585272172e-06,86792.83097964064,1350005.585272172,19,computed,1e-08,False,False
2026-06-01T16:31:30,20,7,200007,constant,-199.84387945106724,407.6877589021345,421.1703110146451,True,0,CONVERGENCE: REL_REDUCTION_OF_F_<=_FACTR*EPSMCH,2.675922584903038,0.1859776959469523,0.298258059919649,1.5725045505818325,0.665556330397398,0.1182460202047005,0.05320688569079873,0.9239336165243212,,,,,,,,,,,True,eligible,True,True,-150.0,True,True,0.6979245459113902,0.6979245459113902,0.6979245459113902,8.679283097964063e-08,1.350005585272172e-06,86792.83097964064,1350005.585272172,20,computed,1e-08,False,False
2026-06-01T17:23:45,35,31,350031,"ARX(1,1)",-184.3961765607806,382.7923531215612,406.3868193184548,True,0,CONVERGENCE: REL_REDUCTION_OF_F_<=_FACTR*EPSMCH,2.6277051835580143,0.281090474172481,0.2856773450023609,0.8002870587214355,0.6891771749774459,0.15335142391447945,0.05634766822540455,0.32303989181835213,0.0560000516706055,0.3237102549437625,0.7377953656880846,0.071173218987868,0.08112479909909324,0.11292184554688421,,,,,True,eligible,True,True,-150.0,True,True,0.394478110799236,0.394478110799236,0.394478110799236,9.816262058590999e-08,1.4359879545003464e-06,98162.62058590999,1435987.9545003464,1,computed,1e-08,False,False
2026-06-01T17:13:52,19,23,190023,"ARX(1,1)",-184.39617658828928,382.79235317657856,406.3868193734722,True,0,CONVERGENCE: REL_REDUCTION_OF_F_<=_FACTR*EPSMCH,2.627966249349611,0.281127885004289,0.285660451380389,0.8001948995936843,0.6768799290381593,0.16261279552434452,0.055284134127864794,0.34048156111447825,0.0560291698684844,0.3237062999699544,0.7377763102651109,0.072102581307954,0.08158999774556994,0.11432252108245408,,,,,True,eligible,True,True,-150.0,True,True,0.39445654577446954,0.39445654577446954,0.39445654577446954,9.816569925259953e-08,1.435986011910749e-06,98165.69925259953,1435986.0119107491,2,computed,1e-08,False,False
2026-06-01T17:15:55,47,25,470025,"ARX(1,1)",-184.3961765922936,382.7923531845872,406.3868193814809,True,0,CONVERGENCE: REL_REDUCTION_OF_F_<=_FACTR*EPSMCH,2.627916711029028,0.2811308671521996,0.2856658752961324,0.8002029001935604,0.39578698058067996,0.14802832328988075,0.036615019129272626,0.3184034868149147,0.0560226259936517,0.3236955817657146,0.737795540650294,0.07173081811415472,0.08107767108231083,0.11329476184715534,,,,,True,eligible,True,True,-150.0,True,True,0.39446615595436063,0.39446615595436063,0.39446615595436063,9.816531752973417e-08,1.4359762114800177e-06,98165.31752973418,1435976.2114800178,3,computed,1e-08,False,False
2026-06-01T17:01:27,41,11,410011,"ARX(1,1)",-184.3961766134547,382.7923532269094,406.3868194238031,True,0,CONVERGENCE: REL_REDUCTION_OF_F_<=_FACTR*EPSMCH,2.627694004828645,0.281071795633809,0.2856793561751836,0.8003043820322822,0.670546010488207,0.15982556521357802,0.05458292534960073,0.3318809699799645,0.0560169604873769,0.3237135337417495,0.737765567805718,0.07164523970062305,0.08122396206408232,0.11415901963553621,,,,,True,eligible,True,True,-150.0,True,True,0.39447604854642554,0.39447604854642554,0.39447604854642554,9.816239964055682e-08,1.435990338196682e-06,98162.39964055682,1435990.338196682,4,computed,1e-08,False,False
2026-06-01T17:02:35,47,12,470012,"ARX(1,1)",-184.39617661987543,382.7923532397509,406.3868194366445,True,0,CONVERGENCE: REL_REDUCTION_OF_F_<=_FACTR*EPSMCH,2.6277022392242806,0.2810956438274762,0.2856836267731296,0.80030775016948,1.5093385083247262,0.21706998821664025,0.11354492486536823,0.4142832539514343,0.056023465825936,0.3237101200481314,0.7377691755551085,0.07331003218387383,0.08207719011553014,0.11745874265815144,,,,,True,eligible,True,True,-150.0,True,True,0.39449992220287594,0.39449992220287594,0.39449992220287594,9.816389659559316e-08,1.435988233159121e-06,98163.89659559316,1435988.233159121,5,computed,1e-08,False,False
2026-06-01T17:15:15,43,23,430023,"ARX(1,1)",-184.39617662402088,382.79235324804176,406.3868194449354,True,0,CONVERGENCE: REL_REDUCTION_OF_F_<=_FACTR*EPSMCH,2.627930603094068,0.2811284893314636,0.2856674050394149,0.8002097006431335,0.43577412702653817,0.1476973345340543,0.0391682925469871,0.31537707969350137,0.0560186202305264,0.3237004696241924,0.737784505058983,0.07086079021985527,0.08105468731423093,0.1124763914747929,,,,,True,eligible,True,True,-150.0,True,True,0.39447112350151314,0.39447112350151314,0.39447112350151314,9.816347987345467e-08,1.4359793285856977e-06,98163.47987345466,1435979.3285856976,6,computed,1e-08,False,False
2026-06-01T17:12:09,36,23,360023,"ARX(1,1)",-184.39617663454163,382.79235326908326,406.3868194659769,True,0,CONVERGENCE: REL_REDUCTION_OF_F_<=_FACTR*EPSMCH,2.627690954851928,0.2810767749921352,0.2856763397773264,0.800265999140466,0.786955822547307,0.17012624076903252,0.06279233110581976,0.349293957337949,0.0560203466921808,0.3237088844412641,0.737780103376242,0.07177492755317828,0.08152940511701237,0.11403976922952005,,,,,True,eligible,True,True,-150.0,True,True,0.3944571923702635,0.3944571923702635,0.3944571923702635,9.816469775441529e-08,1.4359877991196138e-06,98164.69775441529,1435987.7991196138,7,computed,1e-08,False,False
2026-06-01T17:00:22,39,9,390009,"ARX(1,1)",-184.39617663771213,382.79235327542426,406.3868194723179,True,0,CONVERGENCE: REL_REDUCTION_OF_F_<=_FACTR*EPSMCH,2.627708053088498,0.2810867837661325,0.2856828712431634,0.8002878926362115,0.5357005888895588,0.15211939600283197,0.045693053880851764,0.32211410716968547,0.0560157563742453,0.3237058255951189,0.7377760924626182,0.07131689881854533,0.08093715224214976,0.11306926196501511,,,,,True,eligible,True,True,-150.0,True,True,0.3944846535295756,0.3944846535295756,0.3944846535295756,9.816241814511188e-08,1.4359834270470832e-06,98162.41814511188,1435983.4270470832,8,computed,1e-08,False,False
2026-06-01T17:19:57,31,29,310029,"ARX(1,1)",-184.3961766520771,382.7923533041542,406.3868195010478,True,0,CONVERGENCE: REL_REDUCTION_OF_F_<=_FACTR*EPSMCH,2.627645845284074,0.2811026307682596,0.2856863928105807,0.8002918062186609,0.5378030620948278,0.15761798780504113,0.045792372773250045,0.3342535217608154,0.0560175978260864,0.3237168736154036,0.7377745397562975,0.07169701226376303,0.0811331733734413,0.11330101817136494,,,,,True,eligible,True,True,-150.0,True,True,0.39449677379403003,0.39449677379403003,0.39449677379403003,9.816459727833706e-08,1.435994997148766e-06,98164.59727833707,1435994.997148766,9,computed,1e-08,False,False
2026-06-01T17:17:38,11,28,110028,"ARX(1,1)",-184.39617666723217,382.79235333446434,406.386819531358,True,0,CONVERGENCE: REL_REDUCTION_OF_F_<=_FACTR*EPSMCH,2.627879233007774,0.2811685537397524,0.2856668367677848,0.8001499682365929,1.1087492223435875,0.18243932919509803,0.08521546323527346,0.36069772662227556,0.0560040172651829,0.323710650710192,0.7377805339999246,0.07192024268648829,0.08201453074436987,0.1156271456713233,,,,,True,eligible,True,True,-150.0,True,True,0.3944648550255284,0.3944648550255284,0.3944648550255284,9.816123881749742e-08,1.4359871716211537e-06,98161.23881749742,1435987.1716211536,10,computed,1e-08,False,False
2026-06-01T17:10:41,17,22,170022,"ARX(1,1)",-184.39617666758028,382.79235333516056,406.3868195320542,True,0,CONVERGENCE: REL_REDUCTION_OF_F_<=_FACTR*EPSMCH,2.627592234415217,0.2811129105891258,0.2856824317768337,0.8002290415034429,0.29630494507266375,0.14518435448135247,0.030609169029262535,0.31848969794841026,0.0560254532649651,0.3236994899790897,0.7377739052166168,0.0717391891667196,0.08097889120437125,0.11290849416888427,,,,,True,eligible,True,True,-150.0,True,True,0.3944647957959684,0.3944647957959684,0.3944647957959684,9.816320649705674e-08,1.4359780735334303e-06,98163.20649705674,1435978.0735334302,11,computed,1e-08,False,False
2026-06-01T17:00:03,31,10,310010,"ARX(1,1)",-184.396176671433,382.792353342866,406.3868195397597,True,0,CONVERGENCE: REL_REDUCTION_OF_F_<=_FACTR*EPSMCH,2.6278732013187343,0.2811199627272675,0.2856647779775912,0.800265365477932,0.9725908731561526,0.18327963832174554,0.0756734347479805,0.36890089305311846,0.0560040135756647,0.3237122740035834,0.7377624393440093,0.0723227422821422,0.08160251550017662,0.11515945845234037,,,,,True,eligible,True,True,-150.0,True,True,0.3944820800796217,0.3944820800796217,0.3944820800796217,9.815861855184442e-08,1.435986655702605e-06,98158.61855184443,1435986.6557026051,12,computed,1e-08,False,False
2026-06-01T16:52:27,29,2,290002,"ARX(1,1)",-184.39617668114505,382.7923533622901,406.3868195591837,True,0,CONVERGENCE: REL_REDUCTION_OF_F_<=_FACTR*EPSMCH,2.6279761870465093,0.2810608015043475,0.2856622701547207,0.8003590920331576,0.37735018694428124,0.14364648343043007,0.03542934045655939,0.3102138902711019,0.0560198180002505,0.3237118497994363,0.7377767429299095,0.07123726481966061,0.08104031085039629,0.11306974159429532,,,,,True,eligible,True,True,-150.0,True,True,0.39449099555574585,0.39449099555574585,0.39449099555574585,9.816456774907517e-08,1.435990388889325e-06,98164.56774907517,1435990.388889325,13,computed,1e-08,False,False
2026-06-01T17:29:15,37,37,370037,"ARX(1,1)",-184.3961766936273,382.7923533872546,406.3868195841482,True,0,CONVERGENCE: REL_REDUCTION_OF_F_<=_FACTR*EPSMCH,2.627873310479866,0.2811370918956848,0.2856649605163829,0.8001566988569502,0.5085710575242581,0.14890340587739792,0.0441655844380113,0.32162715230093325,0.0560132894167902,0.3237206518196021,0.7377825676512907,0.07172277382411033,0.08147705597504391,0.113873294406536,,,,,True,eligible,True,True,-150.0,True,True,0.3944444397472595,0.3944444397472595,0.3944444397472595,9.81655569216068e-08,1.435999234986932e-06,98165.5569216068,1435999.234986932,14,computed,1e-08,False,False
2026-06-01T17:06:44,24,16,240016,"ARX(1,1)",-184.39617670413048,382.79235340826096,406.3868196051546,True,0,CONVERGENCE: REL_REDUCTION_OF_F_<=_FACTR*EPSMCH,2.6280943979240288,0.2811369845273824,0.2856544161504071,0.8002501887051522,0.6295748673955547,0.15608170778209057,0.05203700900473905,0.32838228532774283,0.0559992965915911,0.323705610282969,0.7377924289793203,0.0717130076003015,0.08129742640867578,0.11384977639494455,,,,,True,eligible,True,True,-150.0,True,True,0.39448864478123746,0.39448864478123746,0.39448864478123746,9.816113119197533e-08,1.4359826566594756e-06,98161.13119197534,1435982.6566594755,15,computed,1e-08,False,False
2026-06-01T17:24:18,31,33,310033,"ARX(1,1)",-184.39617670639944,382.7923534127989,406.3868196096925,True,0,CONVERGENCE: REL_REDUCTION_OF_F_<=_FACTR*EPSMCH,2.627827380081312,0.2811524420636063,0.2856743467498612,0.8001994033710819,0.3795226960154671,0.14907145876612565,0.035583102809385446,0.3227428772045986,0.0560069439826386,0.323716463122202,0.7377879309215832,0.07186656795879694,0.08118877248379347,0.11319342080674909,,,,,True,eligible,True,True,-150.0,True,True,0.39448382653219616,0.39448382653219616,0.39448382653219616,9.816416876314158e-08,1.4359945595706924e-06,98164.16876314157,1435994.5595706925,16,computed,1e-08,False,False
2026-06-01T17:06:21,18,16,180016,"ARX(1,1)",-184.39617670700616,382.7923534140123,406.386819610906,True,0,CONVERGENCE: REL_REDUCTION_OF_F_<=_FACTR*EPSMCH,2.627728209241917,0.2811359997272168,0.2856789273646977,0.8002286050025035,0.4511013147727579,0.15436061748665975,0.03972957887177353,0.3279678539479583,0.0560055500591926,0.3237408357255499,0.73774693725429,0.07176125724651954,0.08078725009480257,0.11298436962103155,,,,,True,eligible,True,True,-150.0,True,True,0.39448522095336214,0.39448522095336214,0.39448522095336214,9.816164289747467e-08,1.4360146736836975e-06,98161.64289747467,1436014.6736836976,17,computed,1e-08,False,False
2026-06-01T17:26:57,1,36,10036,"ARX(1,1)",-184.39617671118924,382.7923534223785,406.3868196192721,True,0,CONVERGENCE: REL_REDUCTION_OF_F_<=_FACTR*EPSMCH,2.6279942546904222,0.281096799254155,0.2856509966026254,0.8002476775658017,0.28888532575658044,0.14642102915282101,0.030019873745216075,0.3195570801611657,0.0560135439110288,0.3236919270754021,0.7377991990450548,0.07152196322269044,0.08088554818230315,0.11273255648978182,,,,,True,eligible,True,True,-150.0,True,True,0.3944484747710671,0.3944484747710671,0.3944484747710671,9.816310657787494e-08,1.4359714620854242e-06,98163.10657787495,1435971.4620854242,18,computed,1e-08,False,False
2026-06-01T17:28:45,9,38,90038,"ARX(1,1)",-184.39617671456705,382.7923534291341,406.38681962602766,True,0,CONVERGENCE: REL_REDUCTION_OF_F_<=_FACTR*EPSMCH,2.6279449896072222,0.2811175598900158,0.2856571368451437,0.8003093514383238,0.44086622668690423,0.14972522327273294,0.03951783572580946,0.3216719602210127,0.0559893822546189,0.323711352050281,0.7377867538051542,0.07164448877837604,0.08096348236543809,0.11317446150728817,,,,,True,eligible,True,True,-150.0,True,True,0.39449471853315415,0.39449471853315415,0.39449471853315415,9.81589189544277e-08,1.4359864035962983e-06,98158.9189544277,1435986.4035962983,19,computed,1e-08,False,False
2026-06-01T16:58:04,23,8,230008,"ARX(1,1)",-184.39617673413267,382.7923534682653,406.38681966515895,True,0,CONVERGENCE: REL_REDUCTION_OF_F_<=_FACTR*EPSMCH,2.627914582446036,0.2811437088132238,0.2856727162001757,0.8001615838175327,0.5750681390276583,0.15825004469497433,0.04824643778934477,0.3324951580285841,0.0560431589327019,0.3237123653536209,0.7377653452840703,0.07177700448554718,0.08128082090846779,0.11360854807717471,,,,,True,eligible,True,True,-150.0,True,True,0.39446588663920035,0.39446588663920035,0.39446588663920035,9.816832571963363e-08,1.4359931322887145e-06,98168.32571963363,1435993.1322887144,20,computed,1e-08,False,False
2026-06-01T17:52:05,27,15,270015,"ARX(2,1)",-181.88482440071976,379.76964880143953,406.7347530264609,True,0,CONVERGENCE: REL_REDUCTION_OF_F_<=_FACTR*EPSMCH,3.31709893613468,0.2281027284590046,0.2465332955528865,0.928387445067066,2.613269798512914,0.14252532649840294,0.1257099517859309,0.4207123003160418,0.0392399762700296,0.3168301870171855,0.5392295468858221,0.09694623743617481,0.07801792609906655,0.16207757572027476,0.1891432501012367,0.09828052762949546,,,True,eligible,True,True,-150.0,True,True,0.39821133029104605,0.39821133029104605,0.39821133029104605,9.495740645300328e-08,1.5378134373006728e-06,94957.40645300328,1537813.437300673,1,computed,1e-08,False,False
2026-06-01T18:02:56,18,26,180026,"ARX(2,1)",-181.88482441443145,379.7696488288629,406.7347530538842,True,0,CONVERGENCE: REL_REDUCTION_OF_F_<=_FACTR*EPSMCH,3.317079938282088,0.2280847792347053,0.246533863367109,0.9284144093825292,0.6346399350896748,0.14204264306231434,0.03703559227054331,0.42129060206923735,0.0392506621926531,0.3168334648585925,0.5392223547967515,0.09005658910714781,0.07611518934122562,0.14760212118651386,0.1891398897140426,0.09846643888040489,,,True,eligible,True,True,-150.0,True,True,0.3982070534266794,0.3982070534266794,0.3982070534266794,9.495840286031612e-08,1.5378118078130338e-06,94958.40286031613,1537811.807813034,2,computed,1e-08,False,False
2026-06-01T17:36:18,26,6,260006,"ARX(2,1)",-181.88482443737863,379.7696488747573,406.7347530997786,True,0,CONVERGENCE: REL_REDUCTION_OF_F_<=_FACTR*EPSMCH,3.317116590284456,0.2280695890233174,0.2465294632418807,0.9284511119590316,1.5178851330182896,0.14201329349021583,0.07608829909869745,0.4179218486419662,0.039235412749343,0.316821979716159,0.5392344234879176,0.09168952513574938,0.07661861902219337,0.15172879102137396,0.1891469400145921,0.09830402663329298,,,True,eligible,True,True,-150.0,True,True,0.3982045345666301,0.3982045345666301,0.3982045345666301,9.495654389692899e-08,1.537811086036571e-06,94956.543896929,1537811.086036571,3,computed,1e-08,False,False
2026-06-01T17:48:19,26,16,260016,"ARX(2,1)",-181.8848244418095,379.769648883619,406.7347531086404,True,0,CONVERGENCE: REL_REDUCTION_OF_F_<=_FACTR*EPSMCH,3.3172933228942747,0.2280981314210997,0.2465255132968956,0.9283773374679332,0.49085034668660527,0.14034935304186827,0.03109691855007486,0.41609240146739596,0.0392504125370315,0.3168069688811538,0.5392450102065,0.08953615596069134,0.076063290110584,0.14721497899385436,0.1891464535905488,0.09846164401571647,,,True,eligible,True,True,-150.0,True,True,0.39820217302144545,0.39820217302144545,0.39820217302144545,9.495836801990924e-08,1.5377988116647406e-06,94958.36801990925,1537798.8116647406,4,computed,1e-08,False,False
2026-06-01T18:16:07,31,34,310034,"ARX(2,1)",-181.8848244451709,379.7696488903417,406.7347531153631,True,0,CONVERGENCE: REL_REDUCTION_OF_F_<=_FACTR*EPSMCH,3.317327349281065,0.2280956809377857,0.2465235436421122,0.9283956414848176,0.7211899957765389,0.14160403698157578,0.04064203716904321,0.42022374265027945,0.0392266174042861,0.3168230955627163,0.5392354003166769,0.0904859263740945,0.0761213823137942,0.1479851327508733,0.1891540055672358,0.09848547808399886,,,True,eligible,True,True,-150.0,True,True,0.39820665951023826,0.39820665951023826,0.39820665951023826,9.495633744274127e-08,1.5378205225617377e-06,94956.33744274128,1537820.5225617376,5,computed,1e-08,False,False
2026-06-01T18:10:47,22,28,220028,"ARX(2,1)",-181.88482445020315,379.7696489004063,406.7347531254276,True,0,CONVERGENCE: REL_REDUCTION_OF_F_<=_FACTR*EPSMCH,3.316845179057423,0.2280854260574676,0.2465444826646267,0.9283899210313528,0.7437873985045824,0.14086678225629717,0.04165370214822797,0.416000422821069,0.039233529002676,0.3168180432765274,0.5392512915623217,0.08994375436815896,0.07614040531405157,0.14801392789913675,0.1891445319007524,0.09829706201034583,,,True,eligible,True,True,-150.0,True,True,0.39820033896221774,0.39820033896221774,0.39820033896221774,9.49574401384705e-08,1.537806331513519e-06,94957.4401384705,1537806.331513519,6,computed,1e-08,False,False
2026-06-01T17:47:17,15,12,150012,"ARX(2,1)",-181.88482445153096,379.7696489030619,406.7347531280832,True,0,CONVERGENCE: REL_REDUCTION_OF_F_<=_FACTR*EPSMCH,3.317065238658292,0.2281075412546718,0.2465331039105627,0.9283701227675686,0.9402666687967317,0.14300743820772707,0.05047569425781945,0.4199928633748152,0.0392199636756088,0.3168171722545401,0.5392525105023334,0.09025593433791952,0.0761577683291944,0.14877822360518345,0.1891497976466773,0.0983009666379157,,,True,eligible,True,True,-150.0,True,True,0.39820578023646525,0.39820578023646525,0.39820578023646525,9.495578994064777e-08,1.537811714542664e-06,94955.78994064777,1537811.714542664,7,computed,1e-08,False,False
2026-06-01T17:35:54,49,2,490002,"ARX(2,1)",-181.8848244527943,379.7696489055886,406.73475313060993,True,0,CONVERGENCE: REL_REDUCTION_OF_F_<=_FACTR*EPSMCH,3.3168793150142446,0.2280923038653134,0.2465415804658247,0.9284062787680544,0.9008694949211358,0.1433852137827335,0.048788566786779765,0.42098867564199566,0.0392328813943277,0.316838167674921,0.539231704377229,0.09004846646659631,0.07617860819840912,0.14844875223917586,0.1891385843258293,0.0982633389865784,,,True,eligible,True,True,-150.0,True,True,0.3982105232023664,0.3982105232023664,0.3982105232023664,9.495684289834963e-08,1.537814766614077e-06,94956.84289834963,1537814.766614077,8,computed,1e-08,False,False
2026-06-01T18:18:51,47,38,470038,"ARX(2,1)",-181.88482445290327,379.76964890580655,406.7347531308279,True,0,CONVERGENCE: REL_REDUCTION_OF_F_<=_FACTR*EPSMCH,3.317002097333708,0.2280621114300908,0.2465377854161896,0.9284622205760268,0.4596847882330852,0.14060086771595895,0.029821537141258524,0.41650665398457093,0.0392478266798278,0.3168275833269995,0.5392400437783438,0.08962892976810193,0.07591249746079995,0.1467283202287011,0.1891322245958067,0.09833134786101742,,,True,eligible,True,True,-150.0,True,True,0.3982094455725151,0.3982094455725151,0.3982094455725151,9.495809531339358e-08,1.5377989905647436e-06,94958.09531339358,1537798.9905647435,9,computed,1e-08,False,False
2026-06-01T18:09:57,6,29,60029,"ARX(2,1)",-181.8848244535382,379.7696489070764,406.7347531320977,True,0,CONVERGENCE: REL_REDUCTION_OF_F_<=_FACTR*EPSMCH,3.317204761256205,0.2280679687681006,0.2465320802114708,0.928452711083892,0.7780818616703835,0.14090343692288948,0.04295321191402851,0.41874252510031934,0.0392598070218485,0.3168200494623773,0.5392156809357257,0.09089484777220781,0.07615775573280983,0.14820725819606978,0.1891512619628218,0.09823061406218615,,,True,eligible,True,True,-150.0,True,True,0.39821345412818776,0.39821345412818776,0.39821345412818776,9.495899442689827e-08,1.5378134897617416e-06,94958.99442689827,1537813.4897617416,10,computed,1e-08,False,False
2026-06-01T17:59:11,9,22,90022,"ARX(2,1)",-181.88482445884037,379.7696489176807,406.734753142702,True,0,CONVERGENCE: REL_REDUCTION_OF_F_<=_FACTR*EPSMCH,3.3172617479573647,0.2280835239167908,0.2465264119711193,0.9284459415170184,0.6847712467340351,0.13961537007789807,0.03918610702029073,0.41246727169269715,0.0392214657948235,0.3168150857319129,0.5392622715370944,0.08998938762207936,0.07611200840690194,0.14769636743397183,0.1891488693804878,0.09804490104280805,,,True,eligible,True,True,-150.0,True,True,0.3982181884899326,0.3982181884899326,0.3982181884899326,9.495689344932381e-08,1.5378097739013683e-06,94956.89344932382,1537809.7739013683,11,computed,1e-08,False,False
2026-06-01T18:01:47,14,26,140026,"ARX(2,1)",-181.8848244839018,379.7696489678036,406.73475319282494,True,0,CONVERGENCE: REL_REDUCTION_OF_F_<=_FACTR*EPSMCH,3.3169301553245143,0.2281328664358055,0.2465416510351971,0.9282765748655232,0.7855237433581579,0.14288963702082425,0.043535068468121996,0.42211291220476244,0.0392585152729877,0.3168198665792153,0.5392191097208511,0.09018141077726809,0.07620417919480728,0.1486602743738504,0.1891511861695743,0.09844492265157656,,,True,eligible,True,True,-150.0,True,True,0.398193752532361,0.398193752532361,0.398193752532361,9.49591677891525e-08,1.5378135432864486e-06,94959.1677891525,1537813.5432864486,12,computed,1e-08,False,False
2026-06-01T17:54:03,21,20,210020,"ARX(2,1)",-181.8848244864948,379.7696489729896,406.7347531980109,True,0,CONVERGENCE: REL_REDUCTION_OF_F_<=_FACTR*EPSMCH,3.3170497017670755,0.2281177704573087,0.2465325731082654,0.9283060907661136,0.6860799006321763,0.1428329653382751,0.039187185278712004,0.4230697972379057,0.0392602769412285,0.3168299620719274,0.5392025244330961,0.09005067622376728,0.07611375135508285,0.14764427537311262,0.1891532837201206,0.0984077814734877,,,True,eligible,True,True,-150.0,True,True,0.39818566387325904,0.39818566387325904,0.39818566387325904,9.495917375168442e-08,1.5378233521814736e-06,94959.17375168442,1537823.3521814735,13,computed,1e-08,False,False
2026-06-01T18:13:04,29,31,290031,"ARX(2,1)",-181.8848244886717,379.7696489773434,406.7347532023648,True,0,CONVERGENCE: REL_REDUCTION_OF_F_<=_FACTR*EPSMCH,3.316871079988536,0.2280886046483113,0.2465463875415848,0.9284012403825668,0.701157813818523,0.14151553327335234,0.039940771929016565,0.4170471250942995,0.0392432340729303,0.3168029919281296,0.5392473433515513,0.0896846769992989,0.07604730829466615,0.14766895401345603,0.1891504167739622,0.09849301313321351,,,True,eligible,True,True,-150.0,True,True,0.39821256233499586,0.39821256233499586,0.39821256233499586,9.495737076538268e-08,1.5378001770119165e-06,94957.37076538267,1537800.1770119164,14,computed,1e-08,False,False
2026-06-01T17:33:12,24,1,240001,"ARX(2,1)",-181.88482448937,379.76964897874,406.7347532037613,True,0,CONVERGENCE: REL_REDUCTION_OF_F_<=_FACTR*EPSMCH,3.317370497575642,0.2280811553314948,0.2465248943797612,0.9284317023839253,0.7875498965035882,0.1433869095002786,0.04373459666929968,0.4225694959002177,0.0392446752234491,0.316838433644966,0.5392274930807571,0.08976826622006234,0.07615300965340682,0.14812909731707122,0.1891377725493488,0.0984002581824697,,,True,eligible,True,True,-150.0,True,True,0.39821424326456595,0.39821424326456595,0.39821424326456595,9.495838784644395e-08,1.5378139310798387e-06,94958.38784644395,1537813.9310798387,15,computed,1e-08,False,False
2026-06-01T17:44:16,23,10,230010,"ARX(2,1)",-181.8848244939859,379.7696489879718,406.7347532129931,True,0,CONVERGENCE: REL_REDUCTION_OF_F_<=_FACTR*EPSMCH,3.31714032127553,0.2281126770839609,0.2465348187683672,0.9283155713430228,0.7943289437818392,0.14170413479719587,0.0439051570436291,0.4177798866365447,0.0392635698183237,0.3168039721621835,0.5392562316405148,0.08978127778643741,0.07618222113753102,0.14798255829647397,0.1891359991935575,0.09818395035527762,,,True,eligible,True,True,-150.0,True,True,0.3981944704946443,0.3981944704946443,0.3981944704946443,9.496017012484902e-08,1.537784943588898e-06,94960.17012484901,1537784.943588898,16,computed,1e-08,False,False
2026-06-01T18:20:56,49,37,490037,"ARX(2,1)",-181.88482449596023,379.7696489919205,406.7347532169418,True,0,CONVERGENCE: REL_REDUCTION_OF_F_<=_FACTR*EPSMCH,3.3168591138548806,0.2280765744318558,0.2465487171580545,0.928448363992101,0.4721016328056988,0.1391931464991983,0.030345550744422103,0.41153954009961524,0.0392334370088819,0.3168203600177346,0.5392292470234668,0.0893278503475164,0.0758727220174404,0.1468542491804192,0.1891543455933051,0.09826555854243903,,,True,eligible,True,True,-150.0,True,True,0.398225232964214,0.398225232964214,0.398225232964214,9.495642891560163e-08,1.5378181160393466e-06,94956.42891560163,1537818.1160393464,17,computed,1e-08,False,False
2026-06-01T18:07:38,31,28,310028,"ARX(2,1)",-181.88482450374963,379.76964900749925,406.7347532325206,True,0,CONVERGENCE: REL_REDUCTION_OF_F_<=_FACTR*EPSMCH,3.3169372784041222,0.2281247800374045,0.2465367807835767,0.9283214366364948,0.6548789867743048,0.14063870321018854,0.03784071411477465,0.4162159898600701,0.0392253597332504,0.3168289619808612,0.5392565563373144,0.08986364470337183,0.07613874130869401,0.14765706182728489,0.1891291863224211,0.09830748547948887,,,True,eligible,True,True,-150.0,True,True,0.39819825269376635,0.39819825269376635,0.39819825269376635,9.495582921326529e-08,1.5377975001860666e-06,94955.82921326529,1537797.5001860666,18,computed,1e-08,False,False
2026-06-01T17:56:49,38,18,380018,"ARX(2,1)",-181.88482450411948,379.76964900823896,406.7347532332603,True,0,CONVERGENCE: REL_REDUCTION_OF_F_<=_FACTR*EPSMCH,3.317292594783767,0.2281126492266968,0.2465234885445074,0.9283304108271004,0.8059098276722579,0.14327842980506258,0.04442569644057174,0.4242817860002037,0.0392423663733878,0.3168286371124429,0.5392073645064188,0.09027285046110813,0.0761129477421491,0.147803635754312,0.1891533540917483,0.09849114940091594,,,True,eligible,True,True,-150.0,True,True,0.39819145454152094,0.39819145454152094,0.39819145454152094,9.495629613021444e-08,1.5378222388781012e-06,94956.29613021442,1537822.238878101,19,computed,1e-08,False,False
2026-06-01T17:36:36,35,3,350003,"ARX(2,1)",-181.88482451075464,379.7696490215093,406.7347532465306,True,0,CONVERGENCE: REL_REDUCTION_OF_F_<=_FACTR*EPSMCH,3.31691884910834,0.2280981031809374,0.2465388979534665,0.9283435505610266,1.265844210070564,0.14094206335539333,0.06471360483355648,0.41574319797547415,0.039262969364757,0.316817790851281,0.5392151211974641,0.09146187042276475,0.07635892051680375,0.15073755319312238,0.1891430208707009,0.09827867965391104,,,True,eligible,True,True,-150.0,True,True,0.3981869708547656,0.3981869708547656,0.3981869708547656,9.495784804844155e-08,1.5378014945468481e-06,94957.84804844155,1537801.4945468481,20,computed,1e-08,False,False
2026-06-01T18:23:21,18,1,180001,"ARX(2,2)",-181.6884147883301,381.3768295766602,411.7125718298092,True,0,CONVERGENCE: REL_REDUCTION_OF_F_<=_FACTR*EPSMCH,2.6647708790957423,0.2820992798644878,0.2712036269449259,0.8403684078582544,0.4090809532654389,0.1585532779814331,0.03378789276917866,0.34280425679934007,0.0041713426033238,0.3231732739744623,0.4107169941744909,0.10793489976904368,0.11958713149458977,0.30696826369935204,0.1633153851376804,0.08340095859791923,0.1941722019875253,0.29347263397417916,True,eligible,True,True,-150.0,True,True,0.395221536718358,0.395221536718358,0.395221536718358,9.285714793135645e-08,1.506983908916081e-06,92857.14793135645,1506983.908916081,1,computed,1e-08,False,False
2026-06-01T18:57:23,1,20,10020,"ARX(2,2)",-181.6884149600396,381.3768299200792,411.7125721732282,True,0,CONVERGENCE: REL_REDUCTION_OF_F_<=_FACTR*EPSMCH,2.6654078268168573,0.2823554347333443,0.2711569776094267,0.839817218732244,0.3017503945573736,0.15277708609611018,0.0247924791535128,0.33742901048446616,0.0042626138970722,0.3232782370933151,0.4104485106347733,0.10749016564713533,0.12109706196486143,0.33051061845800367,0.1633706176340179,0.08179603781306126,0.1941598378967085,0.31477934073262664,True,eligible,True,True,-150.0,True,True,0.3951203603406096,0.3951203603406096,0.3951203603406096,9.286123685594803e-08,1.5070555716137855e-06,92861.23685594804,1507055.5716137853,2,computed,1e-08,False,False
2026-06-01T19:17:44,13,30,130030,"ARX(2,2)",-181.68841510882163,381.37683021764326,411.7125724707922,True,0,CONVERGENCE: REL_REDUCTION_OF_F_<=_FACTR*EPSMCH,2.664399802168807,0.2821169157007575,0.2712280573893286,0.840331165946841,0.5074138811024621,0.17084688832983,0.03501206942777023,0.3731495618056512,0.0041787005724909,0.3232309869035674,0.4104639935490653,0.11026669937439612,0.11966890190757706,0.2931756284498952,0.1633573988335373,0.08137582663334994,0.19429021946133,0.27894838903511776,True,eligible,True,True,-150.0,True,True,0.39522434807764445,0.39522434807764445,0.39522434807764445,9.285534658703227e-08,1.5070207666084158e-06,92855.34658703227,1507020.7666084159,3,computed,1e-08,False,False
2026-06-01T19:08:59,31,28,310028,"ARX(2,2)",-181.6884154560736,381.3768309121471,411.7125731652961,True,0,CONVERGENCE: REL_REDUCTION_OF_F_<=_FACTR*EPSMCH,2.665276471441508,0.2822770383576419,0.2711497636900553,0.8399071530257521,5.0111047277469964,0.5577658412528862,0.32458585302020365,1.0937406021447564,0.004208303518805,0.3232970934885412,0.4103119019720679,0.1770868866015696,0.12162657904244815,0.30842827082748336,0.1633698205483154,0.10881922885569761,0.1943142410121509,0.3674882751389925,True,eligible,True,True,-150.0,True,True,0.3950876250303678,0.3950876250303678,0.3950876250303678,9.285562200240502e-08,1.5070492495898438e-06,92855.62200240501,1507049.2495898437,4,computed,1e-08,False,False
2026-06-01T19:21:29,10,38,100038,"ARX(2,2)",-181.68841616835,381.3768323367,411.71257458984894,True,0,CONVERGENCE: REL_REDUCTION_OF_F_<=_FACTR*EPSMCH,2.666229101632482,0.282023990281577,0.2711070424926649,0.8404646332265747,0.6551751940003674,0.16137853523809817,0.043444229191767075,0.35710260187647297,0.0041688864309503,0.3231616056751398,0.4105919857475245,0.11231539685035609,0.1206299162485237,0.3211288517541511,0.1633118472348218,0.08193982811001081,0.1943415119572532,0.30510589356424117,True,eligible,True,True,-150.0,True,True,0.395181580490411,0.395181580490411,0.395181580490411,9.285935799860054e-08,1.5069813131258911e-06,92859.35799860054,1506981.3131258911,5,computed,1e-08,False,False
2026-06-01T18:52:55,50,17,500017,"ARX(2,2)",-181.6884162494549,381.3768324989097,411.7125747520587,True,0,CONVERGENCE: REL_REDUCTION_OF_F_<=_FACTR*EPSMCH,2.664287963631808,0.2822998317831218,0.2712235238296415,0.8398741144677683,0.754820376289603,0.16580033768270455,0.04976514976525187,0.36992999608104465,0.0042343406664753,0.3232384047780901,0.4108890737204506,0.11309105216415584,0.11902336689518474,0.30626429529098437,0.1633006536479153,0.08192165137264,0.1938916258689782,0.3011210520967692,True,eligible,True,True,-150.0,True,True,0.39512194655408706,0.39512194655408706,0.39512194655408706,9.286329367376205e-08,1.507009905156318e-06,92863.29367376206,1507009.9051563179,6,computed,1e-08,False,False
2026-06-01T19:11:12,33,25,330025,"ARX(2,2)",-181.6884162671243,381.3768325342486,411.7125747873976,True,0,CONVERGENCE: REL_REDUCTION_OF_F_<=_FACTR*EPSMCH,2.6655265884945383,0.2822320253935075,0.2711382884234871,0.8402562633550265,1.595019232706379,0.18116164275278304,0.10572395259968725,0.38519589324952136,0.0040286929110477,0.3232447684092323,0.4103352342944423,0.1143360497113235,0.1229170571365911,0.30386426517199217,0.1633638079441143,0.0928101166830156,0.1945260296660232,0.3074480436904324,True,eligible,True,True,-150.0,True,True,0.39522321944820316,0.39522321944820316,0.39522321944820316,9.284408409194804e-08,1.5070037282018351e-06,92844.08409194804,1507003.7282018352,7,computed,1e-08,False,False
2026-06-01T19:00:30,23,24,230024,"ARX(2,2)",-181.68841652540087,381.37683305080185,411.7125753039508,True,0,CONVERGENCE: REL_REDUCTION_OF_F_<=_FACTR*EPSMCH,2.665569494979565,0.2823367084865492,0.2711563738774967,0.8398961113437081,1.295659321832377,0.1530779839063243,0.083046897130105,0.337961292197754,0.0041794553318424,0.3231482493710133,0.410883764705873,0.10815780785410416,0.1167229895316417,0.30288606456361566,0.1634024313616839,0.08185982861820434,0.1938992181162931,0.29147381846329334,True,eligible,True,True,-150.0,True,True,0.39515558134741946,0.39515558134741946,0.39515558134741946,9.285590213060252e-08,1.50702122182185e-06,92855.90213060252,1507021.22182185,8,computed,1e-08,False,False
2026-06-01T18:40:37,27,11,270011,"ARX(2,2)",-181.68841662350317,381.3768332470063,411.71257550015525,True,0,CONVERGENCE: REL_REDUCTION_OF_F_<=_FACTR*EPSMCH,2.6650910317144487,0.2824100087585479,0.2711720697268092,0.8397946175410228,0.7087901280029489,0.15757387785025082,0.04987565999081125,0.34589045565667287,0.0041755137810413,0.3232924551729927,0.4103149282451312,0.1105182246925782,0.12355501684558078,0.31163280806404453,0.163353462776951,0.08424298529208155,0.1943341690616696,0.3001035491305817,True,eligible,True,True,-150.0,True,True,0.39514665116182024,0.39514665116182024,0.39514665116182024,9.284929510300662e-08,1.5070275067132438e-06,92849.29510300662,1507027.506713244,9,computed,1e-08,False,False
2026-06-01T18:50:50,9,19,90019,"ARX(2,2)",-181.68841662560035,381.3768332512007,411.7125755043497,True,0,CONVERGENCE: REL_REDUCTION_OF_F_<=_FACTR*EPSMCH,2.6644584639562945,0.2819907245375689,0.2712303349817593,0.8406908108370896,0.3164622534701322,0.16475406534722956,0.028269227225809122,0.36387919498387505,0.0040832479800391,0.3232490315901024,0.410513840404171,0.11200437193287531,0.12135775717751929,0.29589228336040285,0.1633375990623437,0.08342244221733232,0.1943544530964017,0.29028270502658465,True,eligible,True,True,-150.0,True,True,0.39531332814627607,0.39531332814627607,0.39531332814627607,9.285238331946191e-08,1.5070075810257684e-06,92852.38331946191,1507007.5810257683,10,computed,1e-08,False,False
2026-06-01T18:27:14,34,2,340002,"ARX(2,2)",-181.6884167572445,381.376833514489,411.712575767638,True,0,CONVERGENCE: REL_REDUCTION_OF_F_<=_FACTR*EPSMCH,2.665434582964989,0.282210925664952,0.2711547568422492,0.8401962871259806,0.335620282448104,0.13972295720798247,0.02688517156952458,0.31741131443131704,0.0042425576418304,0.3232291879638937,0.4111075403910516,0.10766849443568134,0.12002714303881805,0.3146724525288624,0.1633284062734856,0.0818728125067868,0.1936400730945503,0.3001762745787243,True,eligible,True,True,-150.0,True,True,0.39519691948807245,0.39519691948807245,0.39519691948807245,9.286471170906765e-08,1.5070252845758297e-06,92864.71170906765,1507025.2845758295,11,computed,1e-08,False,False
2026-06-01T18:35:18,47,9,470009,"ARX(2,2)",-181.68841748984343,381.3768349796869,411.7125772328359,True,0,CONVERGENCE: REL_REDUCTION_OF_F_<=_FACTR*EPSMCH,2.664172538819929,0.2821038263760339,0.2712390089889918,0.8401864654617905,0.9741184955894541,0.17685214016124232,0.06746107068956358,0.3838815032194602,0.0042564126077525,0.3231904577961332,0.411084733480521,0.11311945535920202,0.12278341395319423,0.32165308069560683,0.1632943725151184,0.08683392476163533,0.1937468687451174,0.31285094861357915,True,eligible,True,True,-150.0,True,True,0.395145614278928,0.395145614278928,0.395145614278928,9.286656286777352e-08,1.5069984204777663e-06,92866.56286777352,1506998.4204777663,12,computed,1e-08,False,False
2026-06-01T19:16:46,29,30,290030,"ARX(2,2)",-181.6884176299257,381.3768352598514,411.7125775130004,True,0,CONVERGENCE: REL_REDUCTION_OF_F_<=_FACTR*EPSMCH,2.666049309812796,0.2819053664735027,0.2711230620492595,0.8407177960434903,0.5596821687987286,0.1618155520949157,0.041928001869849955,0.35247698535369926,0.0041596971134989,0.3232010547264737,0.410843848259811,0.1104839962900155,0.11990522093652889,0.301299963904282,0.1633623728313855,0.08452292433360067,0.1939865638276735,0.2890739744030585,True,eligible,True,True,-150.0,True,True,0.395227713007093,0.395227713007093,0.395227713007093,9.285985184981103e-08,1.5070221333004075e-06,92859.85184981104,1507022.1333004076,13,computed,1e-08,False,False
2026-06-01T18:32:21,17,8,170008,"ARX(2,2)",-181.68841772419145,381.3768354483829,411.7125777015318,True,0,CONVERGENCE: REL_REDUCTION_OF_F_<=_FACTR*EPSMCH,2.665666624128684,0.2820519410029201,0.2711487759624132,0.8404763935121975,0.2217031513905658,0.1609657127425815,0.024105876070882323,0.35660999510580416,0.0041354738760474,0.3231755499436995,0.4112500925495568,0.11154789841109797,0.12001739926013066,0.2965122494789318,0.1632822814174677,0.08362323732578737,0.1937041244492756,0.2910395743216273,True,eligible,True,True,-150.0,True,True,0.39522588310736373,0.39522588310736373,0.39522588310736373,9.285684851895446e-08,1.5069673953866097e-06,92856.84851895446,1506967.3953866097,14,computed,1e-08,False,False
2026-06-01T19:09:53,4,28,40028,"ARX(2,2)",-181.68841772864283,381.37683545728567,411.7125777104346,True,0,CONVERGENCE: REL_REDUCTION_OF_F_<=_FACTR*EPSMCH,2.664708496269784,0.2821133376273806,0.2712202545299929,0.8402967155756447,0.4076748886183488,0.15876022278798185,0.030263079766981008,0.35451045210622806,0.0043111559102355,0.3232350173911817,0.4105633577077999,0.11088198173592287,0.12159397316337557,0.32804919793882864,0.1634374982829764,0.08261747808280209,0.1940293277673276,0.30367195865671825,True,eligible,True,True,-150.0,True,True,0.3952169177317596,0.3952169177317596,0.3952169177317596,9.287269874128262e-08,1.5070984931214864e-06,92872.69874128263,1507098.4931214864,15,computed,1e-08,False,False
2026-06-01T19:19:07,13,31,130031,"ARX(2,2)",-181.68841772926208,381.37683545852417,411.71257771167313,True,0,CONVERGENCE: REL_REDUCTION_OF_F_<=_FACTR*EPSMCH,2.6652952747940617,0.2822649960806204,0.271190058804272,0.8397976482849058,1.7117517373268072,0.15766870466369692,0.1085391857580347,0.3543745997189694,0.0042951375870441,0.3231740727182469,0.4110143833237318,0.11212270343040781,0.1178435995541249,0.30561515187010196,0.163271515816142,0.08203776153079123,0.1938561861453338,0.3101286940204268,True,eligible,True,True,-150.0,True,True,0.3950868401663161,0.3950868401663161,0.3950868401663161,9.287212566952089e-08,1.5069913828669268e-06,92872.1256695209,1506991.3828669267,16,computed,1e-08,False,False
2026-06-01T18:32:28,28,3,280003,"ARX(2,2)",-181.6884177313893,381.3768354627787,411.7125777159277,True,0,CONVERGENCE: REL_REDUCTION_OF_F_<=_FACTR*EPSMCH,2.6666657188699183,0.282070006547048,0.271079812535565,0.8403526717590272,0.1955061573334878,0.17375427552585346,0.02073166287046216,0.37591645156169845,0.0041869453694884,0.3230768259221492,0.4106597318446896,0.1126233390357688,0.11938836063694179,0.3014852342504348,0.1633606907322632,0.08241539458288999,0.1943111660977985,0.2943497185342912,True,eligible,True,True,-150.0,True,True,0.39515372467672216,0.39515372467672216,0.39515372467672216,9.286259848730392e-08,1.5069867150066072e-06,92862.59848730393,1506986.7150066071,17,computed,1e-08,False,False
2026-06-01T19:04:00,31,25,310025,"ARX(2,2)",-181.68841773195248,381.37683546390497,411.71257771705393,True,0,CONVERGENCE: REL_REDUCTION_OF_F_<=_FACTR*EPSMCH,2.6651864940232337,0.2824756344532269,0.2711885126046903,0.839632368836819,0.5744719798103253,0.16360295113423182,0.04296013002696803,0.3555217888262737,0.0042621080718046,0.3232193306418563,0.4104194605101833,0.11013435408465046,0.12139264885868921,0.3198298760378495,0.1633509795404675,0.08464818067562996,0.1943195399936801,0.30253156474189374,True,eligible,True,True,-150.0,True,True,0.39514675148284584,0.39514675148284584,0.39514675148284584,9.286559768239713e-08,1.5070334644381993e-06,92865.59768239711,1507033.4644381993,18,computed,1e-08,False,False
2026-06-01T19:17:18,48,33,480033,"ARX(2,2)",-181.68841773634372,381.3768354726875,411.71257772583647,True,0,CONVERGENCE: REL_REDUCTION_OF_F_<=_FACTR*EPSMCH,2.666226858130485,0.2824471074071377,0.2711176167488969,0.8395283380545142,4.350205308023798,0.22847700146302963,0.27772887480939223,0.46682338745895935,0.0042568156249686,0.3232000125143533,0.4106736194644872,0.11377445767928782,0.12484237284499018,0.3507388529687592,0.1633002364052935,0.09572676026382011,0.1941525612096894,0.33628179533612795,True,eligible,True,True,-150.0,True,True,0.39505130391585763,0.39505130391585763,0.39505130391585763,9.286614659062435e-08,1.5070021595392835e-06,92866.14659062435,1507002.1595392835,19,computed,1e-08,False,False
2026-06-01T18:28:16,46,1,460001,"ARX(2,2)",-181.6884177775604,381.3768355551208,411.71257780826977,True,0,CONVERGENCE: REL_REDUCTION_OF_F_<=_FACTR*EPSMCH,2.6641181460420147,0.2821109261707804,0.2712550375015091,0.8403697736412419,0.22282903906028761,0.16498268594679222,0.02369960234328449,0.36764999346728766,0.0041878160941934,0.3231549517118816,0.4110793132684509,0.11209223895365605,0.12100025788654577,0.31583176949162217,0.1632794403433726,0.08412450576643977,0.1939004948296246,0.3047265722401954,True,eligible,True,True,-150.0,True,True,0.39525669691770293,0.39525669691770293,0.39525669691770293,9.28651739855898e-08,1.5069742705078297e-06,92865.1739855898,1506974.2705078297,20,computed,1e-08,False,False
